Datetime,Open,High,Low,Close,Adj Close,Volume
2022-10-24 00:00:00+01:00,10.470399856567383,10.502799987792969,10.467100143432617,10.489299774169922,10.489299774169922,0
2022-10-24 01:00:00+01:00,10.488499641418457,10.530099868774414,10.473099708557129,10.504210472106934,10.504210472106934,0
2022-10-24 02:00:00+01:00,10.505749702453613,10.54319953918457,10.497130393981934,10.533909797668457,10.533909797668457,0
2022-10-24 03:00:00+01:00,10.533920288085938,10.55066967010498,10.523139953613281,10.529609680175781,10.529609680175781,0
2022-10-24 04:00:00+01:00,10.529620170593262,10.565799713134766,10.524169921875,10.554900169372559,10.554900169372559,0
2022-10-24 05:00:00+01:00,10.553520202636719,10.564330101013184,10.522700309753418,10.526309967041016,10.526309967041016,0
2022-10-24 06:00:00+01:00,10.52865982055664,10.556309700012207,10.521100044250488,10.551830291748047,10.551830291748047,0
2022-10-24 07:00:00+01:00,10.549139976501465,10.565239906311035,10.528329849243164,10.547050476074219,10.547050476074219,0
2022-10-24 08:00:00+01:00,10.547039985656738,10.59650993347168,10.51259994506836,10.590350151062012,10.590350151062012,0
2022-10-24 09:00:00+01:00,10.590250015258789,10.63621997833252,10.584989547729492,10.604960441589355,10.604960441589355,0
2022-10-24 10:00:00+01:00,10.603340148925781,10.636329650878906,10.584609985351562,10.587599754333496,10.587599754333496,0
2022-10-24 11:00:00+01:00,10.587630271911621,10.593170166015625,10.562459945678711,10.563119888305664,10.563119888305664,0
2022-10-24 12:00:00+01:00,10.5649995803833,10.582340240478516,10.522500038146973,10.54481029510498,10.54481029510498,0
2022-10-24 13:00:00+01:00,10.545709609985352,10.588899612426758,10.534500122070312,10.563460350036621,10.563460350036621,0
2022-10-24 14:00:00+01:00,10.56233024597168,10.5831298828125,10.491120338439941,10.516070365905762,10.516070365905762,0
2022-10-24 15:00:00+01:00,10.515660285949707,10.555159568786621,10.500419616699219,10.5177001953125,10.5177001953125,0
2022-10-24 16:00:00+01:00,10.519610404968262,10.53827953338623,10.507200241088867,10.518329620361328,10.518329620361328,0
2022-10-24 17:00:00+01:00,10.518329620361328,10.52987003326416,10.50570011138916,10.518460273742676,10.518460273742676,0
2022-10-24 18:00:00+01:00,10.518460273742676,10.528200149536133,10.510499954223633,10.524979591369629,10.524979591369629,0
2022-10-24 19:00:00+01:00,10.524979591369629,10.526800155639648,10.505599975585938,10.514800071716309,10.514800071716309,0
2022-10-24 20:00:00+01:00,10.514360427856445,10.518899917602539,10.494199752807617,10.512749671936035,10.512749671936035,0
2022-10-24 21:00:00+01:00,10.512740135192871,10.51710033416748,10.501669883728027,10.513799667358398,10.513799667358398,0
2022-10-24 22:00:00+01:00,10.511300086975098,10.523300170898438,10.503899574279785,10.52068042755127,10.52068042755127,0
2022-10-24 23:00:00+01:00,10.520649909973145,10.520649909973145,10.491000175476074,10.496979713439941,10.496979713439941,0
2022-10-25 00:00:00+01:00,10.49612045288086,10.503000259399414,10.483099937438965,10.497150421142578,10.497150421142578,0
2022-10-25 01:00:00+01:00,10.49662971496582,10.506099700927734,10.472200393676758,10.480950355529785,10.480950355529785,0
2022-10-25 02:00:00+01:00,10.483630180358887,10.510199546813965,10.47249984741211,10.492250442504883,10.492250442504883,0
2022-10-25 03:00:00+01:00,10.4898099899292,10.512399673461914,10.485899925231934,10.495149612426758,10.495149612426758,0
2022-10-25 04:00:00+01:00,10.495240211486816,10.507200241088867,10.473899841308594,10.489649772644043,10.489649772644043,0
2022-10-25 05:00:00+01:00,10.490440368652344,10.506070137023926,10.48390007019043,10.499580383300781,10.499580383300781,0
2022-10-25 06:00:00+01:00,10.499580383300781,10.515700340270996,10.493940353393555,10.501139640808105,10.501139640808105,0
2022-10-25 07:00:00+01:00,10.503100395202637,10.522500038146973,10.481550216674805,10.518199920654297,10.518199920654297,0
2022-10-25 08:00:00+01:00,10.518980026245117,10.548700332641602,10.509110450744629,10.528849601745605,10.528849601745605,0
2022-10-25 09:00:00+01:00,10.52927017211914,10.54889965057373,10.505000114440918,10.532309532165527,10.532309532165527,0
2022-10-25 10:00:00+01:00,10.533260345458984,10.56035041809082,10.527290344238281,10.549690246582031,10.549690246582031,0
2022-10-25 11:00:00+01:00,10.550959587097168,10.566080093383789,10.539199829101562,10.545599937438965,10.545599937438965,0
2022-10-25 12:00:00+01:00,10.54563045501709,10.5649995803833,10.52239990234375,10.52560043334961,10.52560043334961,0
2022-10-25 13:00:00+01:00,10.524809837341309,10.54833984375,10.504899978637695,10.511699676513672,10.511699676513672,0
2022-10-25 14:00:00+01:00,10.511150360107422,10.513099670410156,10.372650146484375,10.380840301513672,10.380840301513672,0
2022-10-25 15:00:00+01:00,10.381580352783203,10.434100151062012,10.368200302124023,10.392950057983398,10.392950057983398,0
2022-10-25 16:00:00+01:00,10.393950462341309,10.400179862976074,10.358229637145996,10.385849952697754,10.385849952697754,0
2022-10-25 17:00:00+01:00,10.387510299682617,10.400139808654785,10.374600410461426,10.392430305480957,10.392430305480957,0
2022-10-25 18:00:00+01:00,10.392560005187988,10.397899627685547,10.376649856567383,10.377900123596191,10.377900123596191,0
2022-10-25 19:00:00+01:00,10.378899574279785,10.387359619140625,10.36713981628418,10.385390281677246,10.385390281677246,0
2022-10-25 20:00:00+01:00,10.384180068969727,10.386070251464844,10.370499610900879,10.3745698928833,10.3745698928833,0
2022-10-25 21:00:00+01:00,10.374560356140137,10.390800476074219,10.373539924621582,10.389599800109863,10.389599800109863,0
2022-10-25 22:00:00+01:00,10.389900207519531,10.392399787902832,10.378450393676758,10.385600090026855,10.385600090026855,0
2022-10-25 23:00:00+01:00,10.385899543762207,10.400130271911621,10.38383960723877,10.393349647521973,10.393349647521973,0
2022-10-26 00:00:00+01:00,10.393360137939453,10.401880264282227,10.383600234985352,10.397259712219238,10.397259712219238,0
2022-10-26 01:00:00+01:00,10.400369644165039,10.42821979522705,10.396300315856934,10.416130065917969,10.416130065917969,0
2022-10-26 02:00:00+01:00,10.413080215454102,10.429800033569336,10.387999534606934,10.40919017791748,10.40919017791748,0
2022-10-26 03:00:00+01:00,10.408029556274414,10.415399551391602,10.388899803161621,10.397199630737305,10.397199630737305,0
2022-10-26 04:00:00+01:00,10.397199630737305,10.403369903564453,10.379500389099121,10.395380020141602,10.395380020141602,0
2022-10-26 05:00:00+01:00,10.389920234680176,10.404410362243652,10.38599967956543,10.394969940185547,10.394969940185547,0
2022-10-26 06:00:00+01:00,10.394499778747559,10.402449607849121,10.372400283813477,10.381580352783203,10.381580352783203,0
2022-10-26 07:00:00+01:00,10.381919860839844,10.396699905395508,10.361300468444824,10.382960319519043,10.382960319519043,0
2022-10-26 08:00:00+01:00,10.383779525756836,10.383779525756836,10.307860374450684,10.321999549865723,10.321999549865723,0
2022-10-26 09:00:00+01:00,10.321009635925293,10.348699569702148,10.291930198669434,10.306870460510254,10.306870460510254,0
2022-10-26 10:00:00+01:00,10.306870460510254,10.343330383300781,10.292099952697754,10.338069915771484,10.338069915771484,0
2022-10-26 11:00:00+01:00,10.337940216064453,10.365699768066406,10.332440376281738,10.3408203125,10.3408203125,0
2022-10-26 12:00:00+01:00,10.342120170593262,10.347430229187012,10.313199996948242,10.327170372009277,10.327170372009277,0
2022-10-26 13:00:00+01:00,10.328109741210938,10.341360092163086,10.308300018310547,10.327939987182617,10.327939987182617,0
2022-10-26 14:00:00+01:00,10.32748031616211,10.335350036621094,10.287369728088379,10.309300422668457,10.309300422668457,0
2022-10-26 15:00:00+01:00,10.31149959564209,10.317339897155762,10.258179664611816,10.268779754638672,10.268779754638672,0
2022-10-26 16:00:00+01:00,10.268699645996094,10.27079963684082,10.234350204467773,10.251580238342285,10.251580238342285,0
2022-10-26 17:00:00+01:00,10.25294017791748,10.259260177612305,10.23009967803955,10.2568998336792,10.2568998336792,0
2022-10-26 18:00:00+01:00,10.25613021850586,10.27040958404541,10.247200012207031,10.249859809875488,10.249859809875488,0
2022-10-26 19:00:00+01:00,10.25076961517334,10.260700225830078,10.232600212097168,10.247130393981934,10.247130393981934,0
2022-10-26 20:00:00+01:00,10.248299598693848,10.25922966003418,10.244890213012695,10.248579978942871,10.248579978942871,0
2022-10-26 21:00:00+01:00,10.25037956237793,10.251500129699707,10.239640235900879,10.24839973449707,10.24839973449707,0
2022-10-26 22:00:00+01:00,10.25100040435791,10.264869689941406,10.243650436401367,10.254870414733887,10.254870414733887,0
2022-10-26 23:00:00+01:00,10.25487995147705,10.258540153503418,10.239520072937012,10.246020317077637,10.246020317077637,0
2022-10-27 00:00:00+01:00,10.250900268554688,10.252099990844727,10.221929550170898,10.224370002746582,10.224370002746582,0
2022-10-27 01:00:00+01:00,10.225600242614746,10.26039981842041,10.217109680175781,10.254019737243652,10.254019737243652,0
2022-10-27 02:00:00+01:00,10.251569747924805,10.257630348205566,10.238750457763672,10.254220008850098,10.254220008850098,0
2022-10-27 03:00:00+01:00,10.254599571228027,10.271900177001953,10.251299858093262,10.258600234985352,10.258600234985352,0
2022-10-27 04:00:00+01:00,10.256839752197266,10.2672700881958,10.24843978881836,10.25868034362793,10.25868034362793,0
2022-10-27 05:00:00+01:00,10.258580207824707,10.264800071716309,10.242500305175781,10.247639656066895,10.247639656066895,0
2022-10-27 06:00:00+01:00,10.247650146484375,10.251150131225586,10.22819995880127,10.238590240478516,10.238590240478516,0
2022-10-27 07:00:00+01:00,10.238349914550781,10.286219596862793,10.231100082397461,10.284500122070312,10.284500122070312,0
2022-10-27 08:00:00+01:00,10.285539627075195,10.285710334777832,10.247099876403809,10.254039764404297,10.254039764404297,0
2022-10-27 09:00:00+01:00,10.253640174865723,10.262240409851074,10.213959693908691,10.229390144348145,10.229390144348145,0
2022-10-27 10:00:00+01:00,10.229399681091309,10.29146957397461,10.226099967956543,10.27869987487793,10.27869987487793,0
2022-10-27 11:00:00+01:00,10.27910041809082,10.296669960021973,10.268600463867188,10.2914400100708,10.2914400100708,0
2022-10-27 12:00:00+01:00,10.29010009765625,10.298290252685547,10.251700401306152,10.2710599899292,10.2710599899292,0
2022-10-27 13:00:00+01:00,10.271120071411133,10.335200309753418,10.268099784851074,10.288960456848145,10.288960456848145,0
2022-10-27 14:00:00+01:00,10.287659645080566,10.320549964904785,10.267900466918945,10.291919708251953,10.291919708251953,0
2022-10-27 15:00:00+01:00,10.292059898376465,10.294599533081055,10.230199813842773,10.2431001663208,10.2431001663208,0
2022-10-27 16:00:00+01:00,10.243949890136719,10.254400253295898,10.215700149536133,10.246820449829102,10.246820449829102,0
2022-10-27 17:00:00+01:00,10.247610092163086,10.267080307006836,10.235300064086914,10.249670028686523,10.249670028686523,0
2022-10-27 18:00:00+01:00,10.251749992370605,10.25961971282959,10.218899726867676,10.25786018371582,10.25786018371582,0
2022-10-27 19:00:00+01:00,10.256230354309082,10.28242015838623,10.252449989318848,10.270950317382812,10.270950317382812,0
2022-10-27 20:00:00+01:00,10.272990226745605,10.278949737548828,10.260600090026855,10.262020111083984,10.262020111083984,0
2022-10-27 21:00:00+01:00,10.262680053710938,10.298299789428711,10.260069847106934,10.286700248718262,10.286700248718262,0
2022-10-27 22:00:00+01:00,10.286600112915039,10.287099838256836,10.272990226745605,10.280599594116211,10.280599594116211,0
2022-10-27 23:00:00+01:00,10.273880004882812,10.28279972076416,10.255399703979492,10.259980201721191,10.259980201721191,0
2022-10-28 00:00:00+01:00,10.257909774780273,10.274800300598145,10.252120018005371,10.27344036102295,10.27344036102295,0
2022-10-28 01:00:00+01:00,10.272660255432129,10.284259796142578,10.26138973236084,10.279239654541016,10.279239654541016,0
2022-10-28 02:00:00+01:00,10.27970027923584,10.282099723815918,10.231760025024414,10.238329887390137,10.238329887390137,0
2022-10-28 03:00:00+01:00,10.239990234375,10.259260177612305,10.229180335998535,10.244529724121094,10.244529724121094,0
2022-10-28 04:00:00+01:00,10.242569923400879,10.262359619140625,10.239540100097656,10.243860244750977,10.243860244750977,0
2022-10-28 05:00:00+01:00,10.242839813232422,10.26099967956543,10.23151969909668,10.25613021850586,10.25613021850586,0
2022-10-28 06:00:00+01:00,10.256850242614746,10.291640281677246,10.249030113220215,10.288029670715332,10.288029670715332,0
2022-10-28 07:00:00+01:00,10.286669731140137,10.310779571533203,10.271699905395508,10.307069778442383,10.307069778442383,0
2022-10-28 08:00:00+01:00,10.307069778442383,10.346199989318848,10.293000221252441,10.326749801635742,10.326749801635742,0
2022-10-28 09:00:00+01:00,10.327759742736816,10.367019653320312,10.318300247192383,10.334970474243164,10.334970474243164,0
2022-10-28 10:00:00+01:00,10.334070205688477,10.346440315246582,10.304499626159668,10.312729835510254,10.312729835510254,0
2022-10-28 11:00:00+01:00,10.313599586486816,10.32925033569336,10.299670219421387,10.304149627685547,10.304149627685547,0
2022-10-28 12:00:00+01:00,10.304900169372559,10.332710266113281,10.281590461730957,10.312520027160645,10.312520027160645,0
2022-10-28 13:00:00+01:00,10.310460090637207,10.338080406188965,10.288900375366211,10.315449714660645,10.315449714660645,0
2022-10-28 14:00:00+01:00,10.315309524536133,10.342479705810547,10.280610084533691,10.323269844055176,10.323269844055176,0
2022-10-28 15:00:00+01:00,10.322409629821777,10.378279685974121,10.301480293273926,10.337499618530273,10.337499618530273,0
2022-10-28 16:00:00+01:00,10.337599754333496,10.3725004196167,10.331500053405762,10.365070343017578,10.365070343017578,0
2022-10-28 17:00:00+01:00,10.363080024719238,10.373909950256348,10.3503999710083,10.357950210571289,10.357950210571289,0
2022-10-28 18:00:00+01:00,10.357950210571289,10.362090110778809,10.338800430297852,10.359009742736816,10.359009742736816,0
2022-10-28 19:00:00+01:00,10.359009742736816,10.362299919128418,10.333800315856934,10.34430980682373,10.34430980682373,0
2022-10-28 20:00:00+01:00,10.344010353088379,10.349599838256836,10.329700469970703,10.332280158996582,10.332280158996582,0
2022-10-28 21:00:00+01:00,10.333800315856934,10.340669631958008,10.317999839782715,10.330100059509277,10.330100059509277,0
2022-10-28 22:00:00+01:00,10.324700355529785,10.32960033416748,10.324700355529785,10.32960033416748,10.32960033416748,0
2022-10-31 00:00:00+00:00,10.315589904785156,10.340180397033691,10.310330390930176,10.334320068359375,10.334320068359375,0
2022-10-31 01:00:00+00:00,10.330889701843262,10.35569953918457,10.30093002319336,10.350330352783203,10.350330352783203,0
2022-10-31 02:00:00+00:00,10.35062026977539,10.353619575500488,10.32800006866455,10.337140083312988,10.337140083312988,0
2022-10-31 03:00:00+00:00,10.337579727172852,10.345170021057129,10.318400382995605,10.32610034942627,10.32610034942627,0
2022-10-31 04:00:00+00:00,10.327239990234375,10.340229988098145,10.319600105285645,10.337369918823242,10.337369918823242,0
2022-10-31 05:00:00+00:00,10.337289810180664,10.35558032989502,10.329000473022461,10.349720001220703,10.349720001220703,0
2022-10-31 06:00:00+00:00,10.349069595336914,10.36050033569336,10.329000473022461,10.341389656066895,10.341389656066895,0
2022-10-31 07:00:00+00:00,10.34115982055664,10.384469985961914,10.331700325012207,10.38051986694336,10.38051986694336,0
2022-10-31 08:00:00+00:00,10.38053035736084,10.39529037475586,10.364399909973145,10.367609977722168,10.367609977722168,0
2022-10-31 09:00:00+00:00,10.367389678955078,10.371399879455566,10.325599670410156,10.330940246582031,10.330940246582031,0
2022-10-31 10:00:00+00:00,10.330719947814941,10.37777042388916,10.32726001739502,10.362299919128418,10.362299919128418,0
2022-10-31 11:00:00+00:00,10.363300323486328,10.393199920654297,10.34529972076416,10.380049705505371,10.380049705505371,0
2022-10-31 12:00:00+00:00,10.380049705505371,10.401920318603516,10.373800277709961,10.388540267944336,10.388540267944336,0
2022-10-31 13:00:00+00:00,10.388540267944336,10.413459777832031,10.380419731140137,10.409350395202637,10.409350395202637,0
2022-10-31 14:00:00+00:00,10.410200119018555,10.411040306091309,10.378800392150879,10.404439926147461,10.404439926147461,0
2022-10-31 15:00:00+00:00,10.404540061950684,10.42020034790039,10.384900093078613,10.394120216369629,10.394120216369629,0
2022-10-31 16:00:00+00:00,10.394410133361816,10.404199600219727,10.381999969482422,10.397629737854004,10.397629737854004,0
2022-10-31 17:00:00+00:00,10.39877986907959,10.407699584960938,10.386300086975098,10.392760276794434,10.392760276794434,0
2022-10-31 18:00:00+00:00,10.392439842224121,10.395620346069336,10.377799987792969,10.385419845581055,10.385419845581055,0
2022-10-31 19:00:00+00:00,10.383549690246582,10.406000137329102,10.381500244140625,10.39507007598877,10.39507007598877,0
2022-10-31 20:00:00+00:00,10.395079612731934,10.398599624633789,10.380680084228516,10.396699905395508,10.396699905395508,0
2022-10-31 21:00:00+00:00,10.394599914550781,10.398799896240234,10.392760276794434,10.392760276794434,10.392760276794434,0
2022-10-31 22:00:00+00:00,10.392569541931152,10.397199630737305,10.382949829101562,10.390390396118164,10.390390396118164,0
2022-10-31 23:00:00+00:00,10.386529922485352,10.394800186157227,10.377519607543945,10.38383960723877,10.38383960723877,0
2022-11-01 00:00:00+00:00,10.383979797363281,10.394399642944336,10.37440013885498,10.384180068969727,10.384180068969727,0
2022-11-01 01:00:00+00:00,10.387310028076172,10.394669532775879,10.360639572143555,10.37090015411377,10.37090015411377,0
2022-11-01 02:00:00+00:00,10.370800018310547,10.375120162963867,10.338959693908691,10.344759941101074,10.344759941101074,0
2022-11-01 03:00:00+00:00,10.343379974365234,10.35968017578125,10.339099884033203,10.347620010375977,10.347620010375977,0
2022-11-01 04:00:00+00:00,10.348369598388672,10.357020378112793,10.341500282287598,10.347729682922363,10.347729682922363,0
2022-11-01 05:00:00+00:00,10.347820281982422,10.350799560546875,10.317569732666016,10.32151985168457,10.32151985168457,0
2022-11-01 06:00:00+00:00,10.321999549865723,10.328300476074219,10.285599708557129,10.30601978302002,10.30601978302002,0
2022-11-01 07:00:00+00:00,10.304240226745605,10.337759971618652,10.2947998046875,10.312239646911621,10.312239646911621,0
2022-11-01 08:00:00+00:00,10.312239646911621,10.316280364990234,10.256739616394043,10.297940254211426,10.297940254211426,0
2022-11-01 09:00:00+00:00,10.297300338745117,10.310930252075195,10.282159805297852,10.291990280151367,10.291990280151367,0
2022-11-01 10:00:00+00:00,10.290300369262695,10.29813003540039,10.26393985748291,10.276100158691406,10.276100158691406,0
2022-11-01 11:00:00+00:00,10.277689933776855,10.294059753417969,10.258199691772461,10.261639595031738,10.261639595031738,0
2022-11-01 12:00:00+00:00,10.261630058288574,10.263400077819824,10.226499557495117,10.232709884643555,10.232709884643555,0
2022-11-01 13:00:00+00:00,10.232660293579102,10.276789665222168,10.22301959991455,10.265509605407715,10.265509605407715,0
2022-11-01 14:00:00+00:00,10.268170356750488,10.362939834594727,10.260939598083496,10.350449562072754,10.350449562072754,0
2022-11-01 15:00:00+00:00,10.347740173339844,10.36797046661377,10.331100463867188,10.350529670715332,10.350529670715332,0
2022-11-01 16:00:00+00:00,10.350529670715332,10.383580207824707,10.300700187683105,10.368849754333496,10.368849754333496,0
2022-11-01 17:00:00+00:00,10.369600296020508,10.37520980834961,10.339859962463379,10.34253978729248,10.34253978729248,0
2022-11-01 18:00:00+00:00,10.34154987335205,10.352749824523926,10.334600448608398,10.344120025634766,10.344120025634766,0
2022-11-01 19:00:00+00:00,10.344120025634766,10.355899810791016,10.34000015258789,10.349949836730957,10.349949836730957,0
2022-11-01 20:00:00+00:00,10.350199699401855,10.359800338745117,10.34572982788086,10.353960037231445,10.353960037231445,0
2022-11-01 21:00:00+00:00,10.355600357055664,10.359109878540039,10.348099708557129,10.35198974609375,10.35198974609375,0
2022-11-01 22:00:00+00:00,10.351909637451172,10.360699653625488,10.34611988067627,10.352540016174316,10.352540016174316,0
2022-11-01 23:00:00+00:00,10.356430053710938,10.358200073242188,10.340550422668457,10.34766960144043,10.34766960144043,0
2022-11-02 00:00:00+00:00,10.348600387573242,10.357040405273438,10.329039573669434,10.335599899291992,10.335599899291992,0
2022-11-02 01:00:00+00:00,10.334770202636719,10.346420288085938,10.32859992980957,10.331979751586914,10.331979751586914,0
2022-11-02 02:00:00+00:00,10.332059860229492,10.345319747924805,10.30679988861084,10.313220024108887,10.313220024108887,0
2022-11-02 03:00:00+00:00,10.31326961517334,10.321290016174316,10.302780151367188,10.31128978729248,10.31128978729248,0
2022-11-02 04:00:00+00:00,10.311960220336914,10.333219528198242,10.309800148010254,10.322770118713379,10.322770118713379,0
2022-11-02 05:00:00+00:00,10.322139739990234,10.325739860534668,10.310279846191406,10.318519592285156,10.318519592285156,0
2022-11-02 06:00:00+00:00,10.317520141601562,10.334930419921875,10.312239646911621,10.327099800109863,10.327099800109863,0
2022-11-02 07:00:00+00:00,10.326310157775879,10.336790084838867,10.30720043182373,10.31233024597168,10.31233024597168,0
2022-11-02 08:00:00+00:00,10.31309986114502,10.331500053405762,10.294400215148926,10.329569816589355,10.329569816589355,0
2022-11-02 09:00:00+00:00,10.329569816589355,10.347009658813477,10.318599700927734,10.32903003692627,10.32903003692627,0
2022-11-02 10:00:00+00:00,10.330100059509277,10.35381031036377,10.323100090026855,10.337559700012207,10.337559700012207,0
2022-11-02 11:00:00+00:00,10.336950302124023,10.350959777832031,10.329500198364258,10.33804988861084,10.33804988861084,0
2022-11-02 12:00:00+00:00,10.338669776916504,10.360289573669434,10.316399574279785,10.32798957824707,10.32798957824707,0
2022-11-02 13:00:00+00:00,10.327580451965332,10.368570327758789,10.320799827575684,10.357370376586914,10.357370376586914,0
2022-11-02 14:00:00+00:00,10.358519554138184,10.384119987487793,10.3548002243042,10.369059562683105,10.369059562683105,0
2022-11-02 15:00:00+00:00,10.368849754333496,10.381830215454102,10.358499526977539,10.369500160217285,10.369500160217285,0
2022-11-02 16:00:00+00:00,10.369420051574707,10.390870094299316,10.362030029296875,10.376199722290039,10.376199722290039,0
2022-11-02 17:00:00+00:00,10.3774995803833,10.392950057983398,10.353599548339844,10.360420227050781,10.360420227050781,0
2022-11-02 18:00:00+00:00,10.360369682312012,10.380379676818848,10.252920150756836,10.364609718322754,10.364609718322754,0
2022-11-02 19:00:00+00:00,10.363840103149414,10.457670211791992,10.333060264587402,10.447859764099121,10.447859764099121,0
2022-11-02 20:00:00+00:00,10.447859764099121,10.468999862670898,10.445300102233887,10.46150016784668,10.46150016784668,0
2022-11-02 21:00:00+00:00,10.452589988708496,10.463299751281738,10.452580451965332,10.462699890136719,10.462699890136719,0
2022-11-02 22:00:00+00:00,10.457799911499023,10.466899871826172,10.436690330505371,10.456210136413574,10.456210136413574,0
2022-11-02 23:00:00+00:00,10.46028995513916,10.47920036315918,10.45419979095459,10.47050952911377,10.47050952911377,0
2022-11-03 00:00:00+00:00,10.470179557800293,10.479020118713379,10.456399917602539,10.459420204162598,10.459420204162598,0
2022-11-03 01:00:00+00:00,10.45952033996582,10.464229583740234,10.432519912719727,10.442620277404785,10.442620277404785,0
2022-11-03 02:00:00+00:00,10.442509651184082,10.448100090026855,10.423649787902832,10.440019607543945,10.440019607543945,0
2022-11-03 03:00:00+00:00,10.439889907836914,10.449199676513672,10.426600456237793,10.437219619750977,10.437219619750977,0
2022-11-03 04:00:00+00:00,10.437199592590332,10.446049690246582,10.429730415344238,10.435400009155273,10.435400009155273,0
2022-11-03 05:00:00+00:00,10.436269760131836,10.445380210876465,10.428959846496582,10.437140464782715,10.437140464782715,0
2022-11-03 06:00:00+00:00,10.437040328979492,10.465909957885742,10.433549880981445,10.464369773864746,10.464369773864746,0
2022-11-03 07:00:00+00:00,10.462869644165039,10.51196002960205,10.446000099182129,10.485190391540527,10.485190391540527,0
2022-11-03 08:00:00+00:00,10.485179901123047,10.538729667663574,10.4753999710083,10.513580322265625,10.513580322265625,0
2022-11-03 09:00:00+00:00,10.5649995803833,10.609999656677246,10.545100212097168,10.597800254821777,10.597800254821777,0
2022-11-03 10:00:00+00:00,10.598079681396484,10.636059761047363,10.589200019836426,10.61301040649414,10.61301040649414,0
2022-11-03 11:00:00+00:00,10.612959861755371,10.637660026550293,10.605899810791016,10.61616039276123,10.61616039276123,0
2022-11-03 12:00:00+00:00,10.617779731750488,10.626919746398926,10.583780288696289,10.621720314025879,10.621720314025879,0
2022-11-03 13:00:00+00:00,10.621210098266602,10.635100364685059,10.597769737243652,10.612239837646484,10.612239837646484,0
2022-11-03 14:00:00+00:00,10.611260414123535,10.628219604492188,10.535499572753906,10.543789863586426,10.543789863586426,0
2022-11-03 15:00:00+00:00,10.543660163879395,10.578229904174805,10.533599853515625,10.566729545593262,10.566729545593262,0
2022-11-03 16:00:00+00:00,10.566109657287598,10.580920219421387,10.550069808959961,10.574950218200684,10.574950218200684,0
2022-11-03 17:00:00+00:00,10.574939727783203,10.577799797058105,10.556699752807617,10.57036018371582,10.57036018371582,0
2022-11-03 18:00:00+00:00,10.570300102233887,10.57800006866455,10.551480293273926,10.564319610595703,10.564319610595703,0
2022-11-03 19:00:00+00:00,10.56620979309082,10.571599960327148,10.55370044708252,10.568400382995605,10.568400382995605,0
2022-11-03 20:00:00+00:00,10.56548023223877,10.576499938964844,10.555700302124023,10.559060096740723,10.559060096740723,0
2022-11-03 21:00:00+00:00,10.574000358581543,10.577500343322754,10.56406021118164,10.564990043640137,10.564990043640137,0
2022-11-03 22:00:00+00:00,10.564680099487305,10.583089828491211,10.559760093688965,10.56544017791748,10.56544017791748,0
2022-11-03 23:00:00+00:00,10.56544017791748,10.582099914550781,10.559020042419434,10.57826042175293,10.57826042175293,0
2022-11-04 00:00:00+00:00,10.576430320739746,10.581009864807129,10.553600311279297,10.569459915161133,10.569459915161133,0
2022-11-04 01:00:00+00:00,10.56824016571045,10.576459884643555,10.541999816894531,10.5479097366333,10.5479097366333,0
2022-11-04 02:00:00+00:00,10.548839569091797,10.554300308227539,10.525699615478516,10.533920288085938,10.533920288085938,0
2022-11-04 03:00:00+00:00,10.533769607543945,10.5378999710083,10.515049934387207,10.524700164794922,10.524700164794922,0
2022-11-04 04:00:00+00:00,10.522870063781738,10.527799606323242,10.482799530029297,10.492600440979004,10.492600440979004,0
2022-11-04 05:00:00+00:00,10.491299629211426,10.502900123596191,10.476719856262207,10.500900268554688,10.500900268554688,0
2022-11-04 06:00:00+00:00,10.500900268554688,10.506199836730957,10.457659721374512,10.491800308227539,10.491800308227539,0
2022-11-04 07:00:00+00:00,10.492039680480957,10.535059928894043,10.465700149536133,10.525699615478516,10.525699615478516,0
2022-11-04 08:00:00+00:00,10.52676010131836,10.52676010131836,10.495400428771973,10.497130393981934,10.497130393981934,0
2022-11-04 09:00:00+00:00,10.497050285339355,10.51449966430664,10.472000122070312,10.51179027557373,10.51179027557373,0
2022-11-04 10:00:00+00:00,10.51099967956543,10.5166597366333,10.477899551391602,10.485950469970703,10.485950469970703,0
2022-11-04 11:00:00+00:00,10.486510276794434,10.491399765014648,10.456259727478027,10.470049858093262,10.470049858093262,0
2022-11-04 12:00:00+00:00,10.4693603515625,10.496100425720215,10.333060264587402,10.337759971618652,10.337759971618652,0
2022-11-04 13:00:00+00:00,10.33903980255127,10.378740310668945,10.314160346984863,10.3397798538208,10.3397798538208,0
2022-11-04 14:00:00+00:00,10.339639663696289,10.343799591064453,10.221549987792969,10.254159927368164,10.254159927368164,0
2022-11-04 15:00:00+00:00,10.254179954528809,10.308050155639648,10.246600151062012,10.286970138549805,10.286970138549805,0
2022-11-04 16:00:00+00:00,10.287280082702637,10.308520317077637,10.268939971923828,10.27750015258789,10.27750015258789,0
2022-11-04 17:00:00+00:00,10.278200149536133,10.28145980834961,10.258529663085938,10.266409873962402,10.266409873962402,0
2022-11-04 18:00:00+00:00,10.266409873962402,10.281900405883789,10.23009967803955,10.232170104980469,10.232170104980469,0
2022-11-04 19:00:00+00:00,10.231769561767578,10.242560386657715,10.21660041809082,10.231940269470215,10.231940269470215,0
2022-11-04 20:00:00+00:00,10.229229927062988,10.241600036621094,10.223520278930664,10.234049797058105,10.234049797058105,0
2022-11-07 00:00:00+00:00,10.26572036743164,10.292490005493164,10.249870300292969,10.28477954864502,10.28477954864502,0
2022-11-07 01:00:00+00:00,10.2846097946167,10.308079719543457,10.274499893188477,10.284629821777344,10.284629821777344,0
2022-11-07 02:00:00+00:00,10.284629821777344,10.302300453186035,10.271780014038086,10.285869598388672,10.285869598388672,0
2022-11-07 03:00:00+00:00,10.28794002532959,10.303119659423828,10.259639739990234,10.278650283813477,10.278650283813477,0
2022-11-07 04:00:00+00:00,10.27914047241211,10.298660278320312,10.26198959350586,10.277420043945312,10.277420043945312,0
2022-11-07 05:00:00+00:00,10.279850006103516,10.284210205078125,10.252739906311035,10.283599853515625,10.283599853515625,0
2022-11-07 06:00:00+00:00,10.282540321350098,10.301079750061035,10.272890090942383,10.285209655761719,10.285209655761719,0
2022-11-07 07:00:00+00:00,10.29010009765625,10.328049659729004,10.276630401611328,10.314339637756348,10.314339637756348,0
2022-11-07 08:00:00+00:00,10.315799713134766,10.320099830627441,10.228409767150879,10.235939979553223,10.235939979553223,0
2022-11-07 09:00:00+00:00,10.237580299377441,10.256719589233398,10.208840370178223,10.252799987792969,10.252799987792969,0
2022-11-07 10:00:00+00:00,10.25177001953125,10.25728988647461,10.23289966583252,10.24098014831543,10.24098014831543,0
2022-11-07 11:00:00+00:00,10.240240097045898,10.25475025177002,10.231300354003906,10.240819931030273,10.240819931030273,0
2022-11-07 12:00:00+00:00,10.24032974243164,10.27694034576416,10.23840045928955,10.261910438537598,10.261910438537598,0
2022-11-07 13:00:00+00:00,10.261910438537598,10.282190322875977,10.246299743652344,10.259659767150879,10.259659767150879,0
2022-11-07 14:00:00+00:00,10.259659767150879,10.302820205688477,10.240900039672852,10.28892993927002,10.28892993927002,0
2022-11-07 15:00:00+00:00,10.286860466003418,10.289420127868652,10.231499671936035,10.238840103149414,10.238840103149414,0
2022-11-07 16:00:00+00:00,10.239999771118164,10.255410194396973,10.224699974060059,10.249090194702148,10.249090194702148,0
2022-11-07 17:00:00+00:00,10.249190330505371,10.255040168762207,10.216500282287598,10.220999717712402,10.220999717712402,0
2022-11-07 18:00:00+00:00,10.222709655761719,10.225629806518555,10.210700035095215,10.212719917297363,10.212719917297363,0
2022-11-07 19:00:00+00:00,10.21189022064209,10.22029972076416,10.203940391540527,10.21677017211914,10.21677017211914,0
2022-11-07 20:00:00+00:00,10.214380264282227,10.22146987915039,10.207200050354004,10.21638011932373,10.21638011932373,0
2022-11-07 21:00:00+00:00,10.216650009155273,10.21969985961914,10.205349922180176,10.214599609375,10.214599609375,0
2022-11-07 22:00:00+00:00,10.20757007598877,10.222000122070312,10.206850051879883,10.218400001525879,10.218400001525879,0
2022-11-07 23:00:00+00:00,10.212039947509766,10.223719596862793,10.206520080566406,10.21796989440918,10.21796989440918,0
2022-11-08 00:00:00+00:00,10.218609809875488,10.223400115966797,10.201299667358398,10.209050178527832,10.209050178527832,0
2022-11-08 01:00:00+00:00,10.207220077514648,10.24015998840332,10.205599784851074,10.233440399169922,10.233440399169922,0
2022-11-08 02:00:00+00:00,10.232819557189941,10.243760108947754,10.230400085449219,10.2431001663208,10.2431001663208,0
2022-11-08 03:00:00+00:00,10.242239952087402,10.24452018737793,10.234319686889648,10.240960121154785,10.240960121154785,0
2022-11-08 04:00:00+00:00,10.240859985351562,10.253820419311523,10.234600067138672,10.248800277709961,10.248800277709961,0
2022-11-08 05:00:00+00:00,10.249690055847168,10.265159606933594,10.243300437927246,10.251899719238281,10.251899719238281,0
2022-11-08 06:00:00+00:00,10.252920150756836,10.25409984588623,10.230389595031738,10.246219635009766,10.246219635009766,0
2022-11-08 07:00:00+00:00,10.24785041809082,10.2778902053833,10.240500450134277,10.259329795837402,10.259329795837402,0
2022-11-08 08:00:00+00:00,10.25984001159668,10.292510032653809,10.252829551696777,10.287090301513672,10.287090301513672,0
2022-11-08 09:00:00+00:00,10.285340309143066,10.318819999694824,10.268600463867188,10.281820297241211,10.281820297241211,0
2022-11-08 10:00:00+00:00,10.279640197753906,10.307310104370117,10.269539833068848,10.288430213928223,10.288430213928223,0
2022-11-08 11:00:00+00:00,10.288749694824219,10.293259620666504,10.263500213623047,10.272939682006836,10.272939682006836,0
2022-11-08 12:00:00+00:00,10.271750450134277,10.301030158996582,10.265800476074219,10.279219627380371,10.279219627380371,0
2022-11-08 13:00:00+00:00,10.278550148010254,10.29397964477539,10.271200180053711,10.287739753723145,10.287739753723145,0
2022-11-08 14:00:00+00:00,10.288619995117188,10.29047966003418,10.260299682617188,10.273679733276367,10.273679733276367,0
2022-11-08 15:00:00+00:00,10.275099754333496,10.275799751281738,10.187100410461426,10.198599815368652,10.198599815368652,0
2022-11-08 16:00:00+00:00,10.198430061340332,10.211700439453125,10.174099922180176,10.183469772338867,10.183469772338867,0
2022-11-08 17:00:00+00:00,10.18416976928711,10.200599670410156,10.172880172729492,10.188170433044434,10.188170433044434,0
2022-11-08 18:00:00+00:00,10.18556022644043,10.23781967163086,10.171819686889648,10.230409622192383,10.230409622192383,0
2022-11-08 19:00:00+00:00,10.228850364685059,10.270700454711914,10.22249984741211,10.236499786376953,10.236499786376953,0
2022-11-08 20:00:00+00:00,10.235529899597168,10.23878002166748,10.212530136108398,10.231820106506348,10.231820106506348,0
2022-11-08 21:00:00+00:00,10.232000350952148,10.23505973815918,10.213640213012695,10.22659969329834,10.22659969329834,0
2022-11-08 22:00:00+00:00,10.227899551391602,10.229900360107422,10.221409797668457,10.222880363464355,10.222880363464355,0
2022-11-08 23:00:00+00:00,10.222689628601074,10.235679626464844,10.217700004577637,10.225110054016113,10.225110054016113,0
2022-11-09 00:00:00+00:00,10.223440170288086,10.245189666748047,10.22089958190918,10.2427396774292,10.2427396774292,0
2022-11-09 01:00:00+00:00,10.242639541625977,10.252989768981934,10.228739738464355,10.250129699707031,10.250129699707031,0
2022-11-09 02:00:00+00:00,10.250240325927734,10.251830101013184,10.216899871826172,10.222029685974121,10.222029685974121,0
2022-11-09 03:00:00+00:00,10.222960472106934,10.244370460510254,10.205089569091797,10.232339859008789,10.232339859008789,0
2022-11-09 04:00:00+00:00,10.235260009765625,10.243929862976074,10.229900360107422,10.238260269165039,10.238260269165039,0
2022-11-09 05:00:00+00:00,10.238229751586914,10.25094985961914,10.2322998046875,10.242219924926758,10.242219924926758,0
2022-11-09 06:00:00+00:00,10.242329597473145,10.258720397949219,10.237799644470215,10.25409984588623,10.25409984588623,0
2022-11-09 07:00:00+00:00,10.24977970123291,10.262969970703125,10.234700202941895,10.239700317382812,10.239700317382812,0
2022-11-09 08:00:00+00:00,10.238240242004395,10.241880416870117,10.214500427246094,10.23390007019043,10.23390007019043,0
2022-11-09 09:00:00+00:00,10.232799530029297,10.29557991027832,10.231080055236816,10.28499984741211,10.28499984741211,0
2022-11-09 10:00:00+00:00,10.287110328674316,10.3114595413208,10.273699760437012,10.280619621276855,10.280619621276855,0
2022-11-09 11:00:00+00:00,10.280619621276855,10.282099723815918,10.248200416564941,10.264749526977539,10.264749526977539,0
2022-11-09 12:00:00+00:00,10.265159606933594,10.286800384521484,10.263699531555176,10.265899658203125,10.265899658203125,0
2022-11-09 13:00:00+00:00,10.26513957977295,10.306610107421875,10.25220012664795,10.294899940490723,10.294899940490723,0
2022-11-09 14:00:00+00:00,10.296210289001465,10.345600128173828,10.285699844360352,10.333109855651855,10.333109855651855,0
2022-11-09 15:00:00+00:00,10.333209991455078,10.363579750061035,10.248479843139648,10.348790168762207,10.348790168762207,0
2022-11-09 16:00:00+00:00,10.348790168762207,10.352959632873535,10.318300247192383,10.335049629211426,10.335049629211426,0
2022-11-09 17:00:00+00:00,10.334810256958008,10.3610200881958,10.326299667358398,10.347100257873535,10.347100257873535,0
2022-11-09 18:00:00+00:00,10.347040176391602,10.391400337219238,10.341400146484375,10.376580238342285,10.376580238342285,0
2022-11-09 19:00:00+00:00,10.37720012664795,10.410149574279785,10.371600151062012,10.394510269165039,10.394510269165039,0
2022-11-09 20:00:00+00:00,10.394149780273438,10.395520210266113,10.369959831237793,10.384220123291016,10.384220123291016,0
2022-11-09 21:00:00+00:00,10.384610176086426,10.396900177001953,10.360039710998535,10.363300323486328,10.363300323486328,0
2022-11-09 22:00:00+00:00,10.366499900817871,10.367500305175781,10.362299919128418,10.364899635314941,10.364899635314941,0
2022-11-09 23:00:00+00:00,10.365699768066406,10.382789611816406,10.361599922180176,10.361860275268555,10.361860275268555,0
2022-11-10 00:00:00+00:00,10.368490219116211,10.376970291137695,10.353139877319336,10.373290061950684,10.373290061950684,0
2022-11-10 01:00:00+00:00,10.372440338134766,10.378950119018555,10.358200073242188,10.372599601745605,10.372599601745605,0
2022-11-10 02:00:00+00:00,10.373550415039062,10.393750190734863,10.368499755859375,10.382539749145508,10.382539749145508,0
2022-11-10 03:00:00+00:00,10.383440017700195,10.386289596557617,10.362000465393066,10.368439674377441,10.368439674377441,0
2022-11-10 04:00:00+00:00,10.36970043182373,10.383700370788574,10.362099647521973,10.36693000793457,10.36693000793457,0
2022-11-10 05:00:00+00:00,10.366889953613281,10.370719909667969,10.355199813842773,10.362719535827637,10.362719535827637,0
2022-11-10 06:00:00+00:00,10.362480163574219,10.382599830627441,10.353699684143066,10.360300064086914,10.360300064086914,0
2022-11-10 07:00:00+00:00,10.360150337219238,10.416830062866211,10.356840133666992,10.397549629211426,10.397549629211426,0
2022-11-10 08:00:00+00:00,10.396430015563965,10.414030075073242,10.371199607849121,10.396679878234863,10.396679878234863,0
2022-11-10 09:00:00+00:00,10.398090362548828,10.435500144958496,10.39579963684082,10.433380126953125,10.433380126953125,0
2022-11-10 10:00:00+00:00,10.433919906616211,10.46345043182373,10.41845989227295,10.41845989227295,10.41845989227295,0
2022-11-10 11:00:00+00:00,10.419469833374023,10.451029777526855,10.411529541015625,10.431119918823242,10.431119918823242,0
2022-11-10 12:00:00+00:00,10.429920196533203,10.436880111694336,10.406000137329102,10.419960021972656,10.419960021972656,0
2022-11-10 13:00:00+00:00,10.42078971862793,10.424989700317383,10.15250015258789,10.206069946289062,10.206069946289062,0
2022-11-10 14:00:00+00:00,10.206069946289062,10.22428035736084,10.151599884033203,10.15764045715332,10.15764045715332,0
2022-11-10 15:00:00+00:00,10.157759666442871,10.181070327758789,10.107000350952148,10.113360404968262,10.113360404968262,0
2022-11-10 16:00:00+00:00,10.11320972442627,10.147100448608398,10.103400230407715,10.108480453491211,10.108480453491211,0
2022-11-10 17:00:00+00:00,10.108200073242188,10.1673002243042,10.106100082397461,10.150819778442383,10.150819778442383,0
2022-11-10 18:00:00+00:00,10.153039932250977,10.15369987487793,10.126930236816406,10.1318998336792,10.1318998336792,0
2022-11-10 19:00:00+00:00,10.133379936218262,10.135029792785645,10.105899810791016,10.108189582824707,10.108189582824707,0
2022-11-10 20:00:00+00:00,10.107990264892578,10.114680290222168,10.090399742126465,10.091890335083008,10.091890335083008,0
2022-11-10 21:00:00+00:00,10.092920303344727,10.095999717712402,10.062080383300781,10.079999923706055,10.079999923706055,0
2022-11-10 22:00:00+00:00,10.071370124816895,10.10515022277832,10.071370124816895,10.086799621582031,10.086799621582031,0
2022-11-10 23:00:00+00:00,10.10006046295166,10.103349685668945,10.081199645996094,10.097780227661133,10.097780227661133,0
2022-11-11 00:00:00+00:00,10.098030090332031,10.122909545898438,10.08903980255127,10.106229782104492,10.106229782104492,0
2022-11-11 01:00:00+00:00,10.107529640197754,10.132399559020996,10.095179557800293,10.12798023223877,10.12798023223877,0
2022-11-11 02:00:00+00:00,10.128060340881348,10.129910469055176,10.086440086364746,10.091719627380371,10.091719627380371,0
2022-11-11 03:00:00+00:00,10.092639923095703,10.114609718322754,10.08821964263916,10.10243034362793,10.10243034362793,0
2022-11-11 04:00:00+00:00,10.102470397949219,10.111900329589844,10.093620300292969,10.09706974029541,10.09706974029541,0
2022-11-11 05:00:00+00:00,10.09712028503418,10.103099822998047,10.044830322265625,10.049860000610352,10.049860000610352,0
2022-11-11 06:00:00+00:00,10.04992961883545,10.065099716186523,10.017250061035156,10.055439949035645,10.055439949035645,0
2022-11-11 07:00:00+00:00,10.054479598999023,10.076120376586914,10.010100364685059,10.016670227050781,10.016670227050781,0
2022-11-11 08:00:00+00:00,10.017800331115723,10.062820434570312,10.005000114440918,10.008999824523926,10.008999824523926,0
2022-11-11 09:00:00+00:00,10.011859893798828,10.058369636535645,10.008500099182129,10.025059700012207,10.025059700012207,0
2022-11-11 10:00:00+00:00,10.025309562683105,10.034259796142578,9.997300148010254,10.012149810791016,10.012149810791016,0
2022-11-11 11:00:00+00:00,10.013010025024414,10.015509605407715,9.949799537658691,9.961999893188477,9.961999893188477,0
2022-11-11 12:00:00+00:00,9.96405029296875,9.987919807434082,9.946999549865723,9.950920104980469,9.950920104980469,0
2022-11-11 13:00:00+00:00,9.948699951171875,9.966670036315918,9.915399551391602,9.917530059814453,9.917530059814453,0
2022-11-11 14:00:00+00:00,9.91802978515625,9.975740432739258,9.906800270080566,9.952019691467285,9.952019691467285,0
2022-11-11 15:00:00+00:00,9.957489967346191,9.964929580688477,9.911700248718262,9.916600227355957,9.916600227355957,0
2022-11-11 16:00:00+00:00,9.91884994506836,9.946399688720703,9.908709526062012,9.91543960571289,9.91543960571289,0
2022-11-11 17:00:00+00:00,9.916810035705566,9.930789947509766,9.908670425415039,9.912960052490234,9.912960052490234,0
2022-11-11 18:00:00+00:00,9.914640426635742,9.915209770202637,9.892999649047852,9.89745044708252,9.89745044708252,0
2022-11-11 19:00:00+00:00,9.89745044708252,9.911620140075684,9.88776969909668,9.891980171203613,9.891980171203613,0
2022-11-11 20:00:00+00:00,9.89404010772705,9.918379783630371,9.890600204467773,9.913909912109375,9.913909912109375,0
2022-11-11 21:00:00+00:00,9.914509773254395,9.93120002746582,9.904729843139648,9.915419578552246,9.915419578552246,0
2022-11-14 00:00:00+00:00,9.928899765014648,9.940850257873535,9.905229568481445,9.930999755859375,9.930999755859375,0
2022-11-14 01:00:00+00:00,9.930890083312988,9.934419631958008,9.890299797058105,9.925470352172852,9.925470352172852,0
2022-11-14 02:00:00+00:00,9.925609588623047,9.94381046295166,9.920129776000977,9.925999641418457,9.925999641418457,0
2022-11-14 03:00:00+00:00,9.926799774169922,9.938699722290039,9.917799949645996,9.929929733276367,9.929929733276367,0
2022-11-14 04:00:00+00:00,9.9308500289917,9.958290100097656,9.92770004272461,9.949410438537598,9.949410438537598,0
2022-11-14 05:00:00+00:00,9.949410438537598,9.98449993133545,9.946619987487793,9.979069709777832,9.979069709777832,0
2022-11-14 06:00:00+00:00,9.979379653930664,9.981800079345703,9.9364595413208,9.941760063171387,9.941760063171387,0
2022-11-14 07:00:00+00:00,9.94186019897461,9.961400032043457,9.916500091552734,9.920160293579102,9.920160293579102,0
2022-11-14 08:00:00+00:00,9.920310020446777,9.951629638671875,9.896510124206543,9.928420066833496,9.928420066833496,0
2022-11-14 09:00:00+00:00,9.929969787597656,10.0104398727417,9.928139686584473,10.006560325622559,10.006560325622559,0
2022-11-14 10:00:00+00:00,10.005249977111816,10.02400016784668,9.990480422973633,10.002409934997559,10.002409934997559,0
2022-11-14 11:00:00+00:00,10.003390312194824,10.033679962158203,9.994600296020508,10.02180004119873,10.02180004119873,0
2022-11-14 12:00:00+00:00,10.023050308227539,10.035440444946289,9.975000381469727,9.980489730834961,9.980489730834961,0
2022-11-14 13:00:00+00:00,9.97914981842041,10.015159606933594,9.977529525756836,10.005949974060059,10.005949974060059,0
2022-11-14 14:00:00+00:00,10.00586986541748,10.04679012298584,9.984399795532227,10.030130386352539,10.030130386352539,0
2022-11-14 15:00:00+00:00,10.027130126953125,10.040949821472168,9.99530029296875,10.004400253295898,10.004400253295898,0
2022-11-14 16:00:00+00:00,10.004229545593262,10.030360221862793,9.996999740600586,10.019749641418457,10.019749641418457,0
2022-11-14 17:00:00+00:00,10.019749641418457,10.033869743347168,10.003100395202637,10.013429641723633,10.013429641723633,0
2022-11-14 18:00:00+00:00,10.014229774475098,10.018019676208496,9.98639965057373,9.99215030670166,9.99215030670166,0
2022-11-14 19:00:00+00:00,9.993240356445312,10.015810012817383,9.986000061035156,9.997520446777344,9.997520446777344,0
2022-11-14 20:00:00+00:00,9.998889923095703,10.036999702453613,9.989299774169922,10.035670280456543,10.035670280456543,0
2022-11-14 21:00:00+00:00,10.03672981262207,10.037989616394043,10.024230003356934,10.03279972076416,10.03279972076416,0
2022-11-14 22:00:00+00:00,10.032999992370605,10.038920402526855,10.026229858398438,10.035120010375977,10.035120010375977,0
2022-11-14 23:00:00+00:00,10.035120010375977,10.044500350952148,10.026740074157715,10.039509773254395,10.039509773254395,0
2022-11-15 00:00:00+00:00,10.037190437316895,10.054559707641602,10.032600402832031,10.04440975189209,10.04440975189209,0
2022-11-15 01:00:00+00:00,10.046429634094238,10.047599792480469,10.023200035095215,10.034749984741211,10.034749984741211,0
2022-11-15 02:00:00+00:00,10.03656005859375,10.044039726257324,10.014419555664062,10.020830154418945,10.020830154418945,0
2022-11-15 03:00:00+00:00,10.022250175476074,10.036299705505371,10.01156997680664,10.021860122680664,10.021860122680664,0
2022-11-15 04:00:00+00:00,10.020330429077148,10.03499984741211,10.011750221252441,10.030320167541504,10.030320167541504,0
2022-11-15 05:00:00+00:00,10.030420303344727,10.032600402832031,10.006999969482422,10.018219947814941,10.018219947814941,0
2022-11-15 06:00:00+00:00,10.018400192260742,10.025799751281738,9.988800048828125,9.99470043182373,9.99470043182373,0
2022-11-15 07:00:00+00:00,9.995949745178223,10.001299858093262,9.917779922485352,9.925999641418457,9.925999641418457,0
2022-11-15 08:00:00+00:00,9.926030158996582,9.956939697265625,9.917200088500977,9.951569557189941,9.951569557189941,0
2022-11-15 09:00:00+00:00,9.950550079345703,9.973870277404785,9.937600135803223,9.953889846801758,9.953889846801758,0
2022-11-15 10:00:00+00:00,9.952449798583984,9.958169937133789,9.915209770202637,9.924200057983398,9.924200057983398,0
2022-11-15 11:00:00+00:00,9.92255973815918,9.955169677734375,9.914799690246582,9.93574047088623,9.93574047088623,0
2022-11-15 12:00:00+00:00,9.93574047088623,9.962400436401367,9.931500434875488,9.948399543762207,9.948399543762207,0
2022-11-15 13:00:00+00:00,9.948399543762207,9.961299896240234,9.851639747619629,9.905719757080078,9.905719757080078,0
2022-11-15 14:00:00+00:00,9.904749870300293,9.978480339050293,9.89426040649414,9.949370384216309,9.949370384216309,0
2022-11-15 15:00:00+00:00,9.948960304260254,9.991100311279297,9.937029838562012,9.970999717712402,9.970999717712402,0
2022-11-15 16:00:00+00:00,9.970190048217773,9.979000091552734,9.937800407409668,9.960559844970703,9.960559844970703,0
2022-11-15 17:00:00+00:00,9.960519790649414,9.98921012878418,9.938599586486816,9.947680473327637,9.947680473327637,0
2022-11-15 18:00:00+00:00,9.947190284729004,10.054380416870117,9.94279956817627,10.027759552001953,10.027759552001953,0
2022-11-15 19:00:00+00:00,10.027839660644531,10.053099632263184,9.977890014648438,9.983200073242188,9.983200073242188,0
2022-11-15 20:00:00+00:00,9.984939575195312,10.000800132751465,9.968000411987305,9.99431037902832,9.99431037902832,0
2022-11-15 21:00:00+00:00,9.994549751281738,10.008700370788574,9.982379913330078,9.993769645690918,9.993769645690918,0
2022-11-15 22:00:00+00:00,10.002799987792969,10.00570011138916,9.996000289916992,10.002300262451172,10.002300262451172,0
2022-11-15 23:00:00+00:00,10.001500129699707,10.002900123596191,9.972299575805664,9.976710319519043,9.976710319519043,0
2022-11-16 00:00:00+00:00,9.979109764099121,10.03512954711914,9.951589584350586,10.021459579467773,10.021459579467773,0
2022-11-16 01:00:00+00:00,10.021550178527832,10.030099868774414,10.001469612121582,10.023249626159668,10.023249626159668,0
2022-11-16 02:00:00+00:00,10.022720336914062,10.025500297546387,9.980600357055664,9.986639976501465,9.986639976501465,0
2022-11-16 03:00:00+00:00,9.987589836120605,10.012410163879395,9.984299659729004,10.01140022277832,10.01140022277832,0
2022-11-16 04:00:00+00:00,10.011309623718262,10.034700393676758,10.00564956665039,10.017419815063477,10.017419815063477,0
2022-11-16 05:00:00+00:00,10.018420219421387,10.026849746704102,9.98289966583252,9.989020347595215,9.989020347595215,0
2022-11-16 06:00:00+00:00,9.988730430603027,10.000109672546387,9.97815990447998,9.984000205993652,9.984000205993652,0
2022-11-16 07:00:00+00:00,9.984990119934082,9.993009567260742,9.940899848937988,9.959420204162598,9.959420204162598,0
2022-11-16 08:00:00+00:00,9.959320068359375,9.981240272521973,9.936030387878418,9.969249725341797,9.969249725341797,0
2022-11-16 09:00:00+00:00,9.96875,9.974740028381348,9.925999641418457,9.934490203857422,9.934490203857422,0
2022-11-16 10:00:00+00:00,9.934439659118652,9.938819885253906,9.905759811401367,9.935250282287598,9.935250282287598,0
2022-11-16 11:00:00+00:00,9.936530113220215,9.959150314331055,9.927200317382812,9.947770118713379,9.947770118713379,0
2022-11-16 12:00:00+00:00,9.949159622192383,9.961210250854492,9.936400413513184,9.94044017791748,9.94044017791748,0
2022-11-16 13:00:00+00:00,9.940099716186523,9.974100112915039,9.927570343017578,9.966919898986816,9.966919898986816,0
2022-11-16 14:00:00+00:00,9.96699047088623,10.006970405578613,9.954500198364258,9.987799644470215,9.987799644470215,0
2022-11-16 15:00:00+00:00,9.98855972290039,10.01360034942627,9.9822998046875,9.993840217590332,9.993840217590332,0
2022-11-16 16:00:00+00:00,9.995180130004883,10.022509574890137,9.982600212097168,10.012999534606934,10.012999534606934,0
2022-11-16 17:00:00+00:00,10.012280464172363,10.031290054321289,10.002400398254395,10.014080047607422,10.014080047607422,0
2022-11-16 18:00:00+00:00,10.015999794006348,10.043100357055664,10.006529808044434,10.028619766235352,10.028619766235352,0
2022-11-16 19:00:00+00:00,10.029179573059082,10.031100273132324,9.999300003051758,10.005399703979492,10.005399703979492,0
2022-11-16 20:00:00+00:00,10.005399703979492,10.016579627990723,9.988200187683105,9.999589920043945,9.999589920043945,0
2022-11-16 21:00:00+00:00,9.999469757080078,10.009389877319336,9.992799758911133,9.998900413513184,9.998900413513184,0
2022-11-16 22:00:00+00:00,9.997329711914062,10.003999710083008,9.98917007446289,10.000399589538574,10.000399589538574,0
2022-11-16 23:00:00+00:00,9.99197006225586,10.003000259399414,9.985349655151367,9.994939804077148,9.994939804077148,0
2022-11-17 00:00:00+00:00,9.997610092163086,10.012399673461914,9.98865032196045,10.008649826049805,10.008649826049805,0
2022-11-17 01:00:00+00:00,10.008520126342773,10.030099868774414,9.999099731445312,10.02676010131836,10.02676010131836,0
2022-11-17 02:00:00+00:00,10.025830268859863,10.045680046081543,10.019100189208984,10.035759925842285,10.035759925842285,0
2022-11-17 03:00:00+00:00,10.03551959991455,10.049099922180176,10.032600402832031,10.038869857788086,10.038869857788086,0
2022-11-17 04:00:00+00:00,10.038920402526855,10.043390274047852,10.028800010681152,10.039409637451172,10.039409637451172,0
2022-11-17 05:00:00+00:00,10.039429664611816,10.044549942016602,10.0246000289917,10.034259796142578,10.034259796142578,0
2022-11-17 06:00:00+00:00,10.034219741821289,10.038519859313965,10.010100364685059,10.0210599899292,10.0210599899292,0
2022-11-17 07:00:00+00:00,10.021300315856934,10.057450294494629,10.017200469970703,10.031000137329102,10.031000137329102,0
2022-11-17 08:00:00+00:00,10.030900001525879,10.033049583435059,9.991299629211426,10.03085994720459,10.03085994720459,0
2022-11-17 09:00:00+00:00,10.031999588012695,10.093799591064453,10.02970027923584,10.0758695602417,10.0758695602417,0
2022-11-17 10:00:00+00:00,10.075639724731445,10.142470359802246,10.067899703979492,10.132869720458984,10.132869720458984,0
2022-11-17 11:00:00+00:00,10.132789611816406,10.156450271606445,10.117300033569336,10.129810333251953,10.129810333251953,0
2022-11-17 12:00:00+00:00,10.131119728088379,10.171730041503906,10.11832046508789,10.15552043914795,10.15552043914795,0
2022-11-17 13:00:00+00:00,10.157560348510742,10.181079864501953,10.124719619750977,10.179450035095215,10.179450035095215,0
2022-11-17 14:00:00+00:00,10.178950309753418,10.190699577331543,10.130860328674316,10.154199600219727,10.154199600219727,0
2022-11-17 15:00:00+00:00,10.15701961517334,10.18064022064209,10.130900382995605,10.169389724731445,10.169389724731445,0
2022-11-17 16:00:00+00:00,10.169010162353516,10.185310363769531,10.149700164794922,10.154210090637207,10.154210090637207,0
2022-11-17 17:00:00+00:00,10.155360221862793,10.159110069274902,10.127409934997559,10.137140274047852,10.137140274047852,0
2022-11-17 18:00:00+00:00,10.13737964630127,10.140029907226562,10.115039825439453,10.122810363769531,10.122810363769531,0
2022-11-17 19:00:00+00:00,10.123780250549316,10.138290405273438,10.105799674987793,10.126830101013184,10.126830101013184,0
2022-11-17 20:00:00+00:00,10.127209663391113,10.134010314941406,10.110750198364258,10.11124038696289,10.11124038696289,0
2022-11-17 21:00:00+00:00,10.112509727478027,10.12030029296875,10.104020118713379,10.11577033996582,10.11577033996582,0
2022-11-17 22:00:00+00:00,10.11577033996582,10.123100280761719,10.114239692687988,10.120349884033203,10.120349884033203,0
2022-11-17 23:00:00+00:00,10.119919776916504,10.122699737548828,10.109769821166992,10.120840072631836,10.120840072631836,0
2022-11-18 00:00:00+00:00,10.118570327758789,10.128399848937988,10.097439765930176,10.102319717407227,10.102319717407227,0
2022-11-18 01:00:00+00:00,10.102219581604004,10.114509582519531,10.087900161743164,10.10591983795166,10.10591983795166,0
2022-11-18 02:00:00+00:00,10.103930473327637,10.111639976501465,10.092300415039062,10.110150337219238,10.110150337219238,0
2022-11-18 03:00:00+00:00,10.109979629516602,10.111780166625977,10.07841968536377,10.09121036529541,10.09121036529541,0
2022-11-18 04:00:00+00:00,10.092869758605957,10.122099876403809,10.089900016784668,10.119729995727539,10.119729995727539,0
2022-11-18 05:00:00+00:00,10.118650436401367,10.12423038482666,10.105899810791016,10.11124038696289,10.11124038696289,0
2022-11-18 06:00:00+00:00,10.1114501953125,10.127650260925293,10.101099967956543,10.109399795532227,10.109399795532227,0
2022-11-18 07:00:00+00:00,10.108229637145996,10.112640380859375,10.086799621582031,10.110139846801758,10.110139846801758,0
2022-11-18 08:00:00+00:00,10.111599922180176,10.14326000213623,10.102499961853027,10.12106990814209,10.12106990814209,0
2022-11-18 09:00:00+00:00,10.123000144958496,10.133489608764648,10.070300102233887,10.095640182495117,10.095640182495117,0
2022-11-18 10:00:00+00:00,10.095100402832031,10.115690231323242,10.081600189208984,10.096099853515625,10.096099853515625,0
2022-11-18 11:00:00+00:00,10.096099853515625,10.11378002166748,10.090200424194336,10.11007022857666,10.11007022857666,0
2022-11-18 12:00:00+00:00,10.110119819641113,10.115799903869629,10.074899673461914,10.108460426330566,10.108460426330566,0
2022-11-18 13:00:00+00:00,10.107749938964844,10.142230033874512,10.09630012512207,10.13955020904541,10.13955020904541,0
2022-11-18 14:00:00+00:00,10.14070987701416,10.194199562072754,10.133999824523926,10.186400413513184,10.186400413513184,0
2022-11-18 15:00:00+00:00,10.18805980682373,10.203530311584473,10.154029846191406,10.16588020324707,10.16588020324707,0
2022-11-18 16:00:00+00:00,10.164999961853027,10.189800262451172,10.148300170898438,10.181619644165039,10.181619644165039,0
2022-11-18 17:00:00+00:00,10.182780265808105,10.20007038116455,10.175800323486328,10.19437026977539,10.19437026977539,0
2022-11-18 18:00:00+00:00,10.194350242614746,10.206600189208984,10.190199851989746,10.19678020477295,10.19678020477295,0
2022-11-18 19:00:00+00:00,10.19629955291748,10.208930015563965,10.188899993896484,10.193530082702637,10.193530082702637,0
2022-11-18 20:00:00+00:00,10.195199966430664,10.196969985961914,10.183799743652344,10.19186019897461,10.19186019897461,0
2022-11-18 21:00:00+00:00,10.191439628601074,10.206549644470215,10.182419776916504,10.188050270080566,10.188050270080566,0
2022-11-18 22:00:00+00:00,10.186599731445312,10.186599731445312,10.186599731445312,10.186599731445312,10.186599731445312,0
2022-11-21 00:00:00+00:00,10.171489715576172,10.211099624633789,10.16648006439209,10.198840141296387,10.198840141296387,0
2022-11-21 01:00:00+00:00,10.19884967803955,10.232580184936523,10.194840431213379,10.212510108947754,10.212510108947754,0
2022-11-21 02:00:00+00:00,10.210740089416504,10.245019912719727,10.21049976348877,10.239190101623535,10.239190101623535,0
2022-11-21 03:00:00+00:00,10.239540100097656,10.24209976196289,10.219099998474121,10.220990180969238,10.220990180969238,0
2022-11-21 04:00:00+00:00,10.223349571228027,10.25100040435791,10.218099594116211,10.245420455932617,10.245420455932617,0
2022-11-21 05:00:00+00:00,10.245360374450684,10.255260467529297,10.235699653625488,10.237919807434082,10.237919807434082,0
2022-11-21 06:00:00+00:00,10.237919807434082,10.261699676513672,10.224699974060059,10.25331974029541,10.25331974029541,0
2022-11-21 07:00:00+00:00,10.255000114440918,10.267720222473145,10.228799819946289,10.264880180358887,10.264880180358887,0
2022-11-21 08:00:00+00:00,10.26455020904541,10.26729965209961,10.228400230407715,10.262550354003906,10.262550354003906,0
2022-11-21 09:00:00+00:00,10.262550354003906,10.28104019165039,10.257499694824219,10.274760246276855,10.274760246276855,0
2022-11-21 10:00:00+00:00,10.274800300598145,10.275659561157227,10.24209976196289,10.24386978149414,10.24386978149414,0
2022-11-21 11:00:00+00:00,10.243860244750977,10.257599830627441,10.234299659729004,10.25121021270752,10.25121021270752,0
2022-11-21 12:00:00+00:00,10.251509666442871,10.264089584350586,10.229499816894531,10.230799674987793,10.230799674987793,0
2022-11-21 13:00:00+00:00,10.231040000915527,10.259949684143066,10.218999862670898,10.226639747619629,10.226639747619629,0
2022-11-21 14:00:00+00:00,10.226280212402344,10.276100158691406,10.221199989318848,10.255539894104004,10.255539894104004,0
2022-11-21 15:00:00+00:00,10.254759788513184,10.30051040649414,10.24530029296875,10.295960426330566,10.295960426330566,0
2022-11-21 16:00:00+00:00,10.297050476074219,10.301939964294434,10.276000022888184,10.295920372009277,10.295920372009277,0
2022-11-21 17:00:00+00:00,10.29601001739502,10.299169540405273,10.26509952545166,10.275360107421875,10.275360107421875,0
2022-11-21 18:00:00+00:00,10.276359558105469,10.277759552001953,10.245400428771973,10.267789840698242,10.267789840698242,0
2022-11-21 19:00:00+00:00,10.267789840698242,10.268659591674805,10.244500160217285,10.265359878540039,10.265359878540039,0
2022-11-21 20:00:00+00:00,10.267109870910645,10.279040336608887,10.253899574279785,10.263150215148926,10.263150215148926,0
2022-11-21 21:00:00+00:00,10.263520240783691,10.272600173950195,10.25117015838623,10.253569602966309,10.253569602966309,0
2022-11-21 22:00:00+00:00,10.25117015838623,10.267499923706055,10.250040054321289,10.26449966430664,10.26449966430664,0
2022-11-21 23:00:00+00:00,10.263999938964844,10.267000198364258,10.24489974975586,10.254570007324219,10.254570007324219,0
2022-11-22 00:00:00+00:00,10.252340316772461,10.263620376586914,10.229999542236328,10.243339538574219,10.243339538574219,0
2022-11-22 01:00:00+00:00,10.243370056152344,10.248350143432617,10.22439956665039,10.240949630737305,10.240949630737305,0
2022-11-22 02:00:00+00:00,10.240790367126465,10.247220039367676,10.224800109863281,10.23114013671875,10.23114013671875,0
2022-11-22 03:00:00+00:00,10.230219841003418,10.238300323486328,10.224200248718262,10.235690116882324,10.235690116882324,0
2022-11-22 04:00:00+00:00,10.235730171203613,10.24269962310791,10.225099563598633,10.230950355529785,10.230950355529785,0
2022-11-22 05:00:00+00:00,10.231249809265137,10.253399848937988,10.224800109863281,10.24174976348877,10.24174976348877,0
2022-11-22 06:00:00+00:00,10.241860389709473,10.25730037689209,10.231200218200684,10.251680374145508,10.251680374145508,0
2022-11-22 07:00:00+00:00,10.251529693603516,10.262040138244629,10.224900245666504,10.229069709777832,10.229069709777832,0
2022-11-22 08:00:00+00:00,10.229040145874023,10.244709968566895,10.194660186767578,10.210630416870117,10.210630416870117,0
2022-11-22 09:00:00+00:00,10.209970474243164,10.225290298461914,10.171799659729004,10.194609642028809,10.194609642028809,0
2022-11-22 10:00:00+00:00,10.194780349731445,10.199700355529785,10.178999900817871,10.186070442199707,10.186070442199707,0
2022-11-22 11:00:00+00:00,10.185500144958496,10.198129653930664,10.164660453796387,10.177929878234863,10.177929878234863,0
2022-11-22 12:00:00+00:00,10.177749633789062,10.18649959564209,10.159000396728516,10.162659645080566,10.162659645080566,0
2022-11-22 13:00:00+00:00,10.162529945373535,10.171429634094238,10.145600318908691,10.166790008544922,10.166790008544922,0
2022-11-22 14:00:00+00:00,10.166790008544922,10.18805980682373,10.160400390625,10.168899536132812,10.168899536132812,0
2022-11-22 15:00:00+00:00,10.168999671936035,10.17173957824707,10.133399963378906,10.13617992401123,10.13617992401123,0
2022-11-22 16:00:00+00:00,10.135720252990723,10.15820026397705,10.132599830627441,10.1458101272583,10.1458101272583,0
2022-11-22 17:00:00+00:00,10.144060134887695,10.147100448608398,10.116600036621094,10.120590209960938,10.120590209960938,0
2022-11-22 18:00:00+00:00,10.120380401611328,10.127949714660645,10.110099792480469,10.115570068359375,10.115570068359375,0
2022-11-22 19:00:00+00:00,10.11697006225586,10.132570266723633,10.113900184631348,10.12360954284668,10.12360954284668,0
2022-11-22 20:00:00+00:00,10.123880386352539,10.12677001953125,10.107999801635742,10.111499786376953,10.111499786376953,0
2022-11-22 21:00:00+00:00,10.111310005187988,10.114009857177734,10.103699684143066,10.11050033569336,10.11050033569336,0
2022-11-22 22:00:00+00:00,10.10886001586914,10.117059707641602,10.102529525756836,10.104260444641113,10.104260444641113,0
2022-11-22 23:00:00+00:00,10.104229927062988,10.110799789428711,10.090999603271484,10.094440460205078,10.094440460205078,0
2022-11-23 00:00:00+00:00,10.093279838562012,10.116299629211426,10.080439567565918,10.11240005493164,10.11240005493164,0
2022-11-23 01:00:00+00:00,10.113269805908203,10.124139785766602,10.095100402832031,10.107489585876465,10.107489585876465,0
2022-11-23 02:00:00+00:00,10.107589721679688,10.114190101623535,10.094300270080566,10.097040176391602,10.097040176391602,0
2022-11-23 03:00:00+00:00,10.09745979309082,10.110549926757812,10.094799995422363,10.108659744262695,10.108659744262695,0
2022-11-23 04:00:00+00:00,10.107460021972656,10.118539810180664,10.104399681091309,10.112039566040039,10.112039566040039,0
2022-11-23 05:00:00+00:00,10.112019538879395,10.115699768066406,10.095800399780273,10.102049827575684,10.102049827575684,0
2022-11-23 06:00:00+00:00,10.101240158081055,10.105429649353027,10.085800170898438,10.092009544372559,10.092009544372559,0
2022-11-23 07:00:00+00:00,10.093239784240723,10.100179672241211,10.060199737548828,10.074009895324707,10.074009895324707,0
2022-11-23 08:00:00+00:00,10.074020385742188,10.078499794006348,10.057840347290039,10.076350212097168,10.076350212097168,0
2022-11-23 09:00:00+00:00,10.07610034942627,10.088540077209473,10.026200294494629,10.034700393676758,10.034700393676758,0
2022-11-23 10:00:00+00:00,10.035019874572754,10.072380065917969,10.033610343933105,10.060839653015137,10.060839653015137,0
2022-11-23 11:00:00+00:00,10.059160232543945,10.066340446472168,10.044699668884277,10.050760269165039,10.050760269165039,0
2022-11-23 12:00:00+00:00,10.050459861755371,10.0591402053833,10.034000396728516,10.0416898727417,10.0416898727417,0
2022-11-23 13:00:00+00:00,10.042070388793945,10.060480117797852,10.019049644470215,10.02871036529541,10.02871036529541,0
2022-11-23 14:00:00+00:00,10.0287504196167,10.03320026397705,9.972829818725586,9.993289947509766,9.993289947509766,0
2022-11-23 15:00:00+00:00,9.992110252380371,10.01591968536377,9.954400062561035,9.960260391235352,9.960260391235352,0
2022-11-23 16:00:00+00:00,9.961970329284668,9.994230270385742,9.955599784851074,9.98311996459961,9.98311996459961,0
2022-11-23 17:00:00+00:00,9.98169994354248,9.991419792175293,9.95199966430664,9.97562026977539,9.97562026977539,0
2022-11-23 18:00:00+00:00,9.974690437316895,9.981650352478027,9.957030296325684,9.96399974822998,9.96399974822998,0
2022-11-23 19:00:00+00:00,9.964500427246094,9.986539840698242,9.930899620056152,9.933939933776855,9.933939933776855,0
2022-11-23 20:00:00+00:00,9.93412971496582,9.94711971282959,9.932900428771973,9.939399719238281,9.939399719238281,0
2022-11-23 21:00:00+00:00,9.940939903259277,9.94834041595459,9.93494987487793,9.94614028930664,9.94614028930664,0
2022-11-23 22:00:00+00:00,9.937370300292969,9.9476900100708,9.9370698928833,9.946900367736816,9.946900367736816,0
2022-11-23 23:00:00+00:00,9.955180168151855,9.955490112304688,9.917099952697754,9.930890083312988,9.930890083312988,0
2022-11-24 00:00:00+00:00,9.933770179748535,9.950830459594727,9.919899940490723,9.9368896484375,9.9368896484375,0
2022-11-24 01:00:00+00:00,9.9368896484375,9.941630363464355,9.920610427856445,9.924079895019531,9.924079895019531,0
2022-11-24 02:00:00+00:00,9.923009872436523,9.926600456237793,9.909099578857422,9.920390129089355,9.920390129089355,0
2022-11-24 03:00:00+00:00,9.920450210571289,9.92218017578125,9.891949653625488,9.895000457763672,9.895000457763672,0
2022-11-24 04:00:00+00:00,9.893719673156738,9.909390449523926,9.889519691467285,9.891779899597168,9.891779899597168,0
2022-11-24 05:00:00+00:00,9.891739845275879,9.915109634399414,9.891460418701172,9.912819862365723,9.912819862365723,0
2022-11-24 06:00:00+00:00,9.91277027130127,9.916569709777832,9.900279998779297,9.911459922790527,9.911459922790527,0
2022-11-24 07:00:00+00:00,9.910849571228027,9.932600021362305,9.897000312805176,9.932470321655273,9.932470321655273,0
2022-11-24 08:00:00+00:00,9.931389808654785,9.95009994506836,9.91250991821289,9.94894027709961,9.94894027709961,0
2022-11-24 09:00:00+00:00,9.948949813842773,9.95143985748291,9.922900199890137,9.949979782104492,9.949979782104492,0
2022-11-24 10:00:00+00:00,9.948049545288086,9.961529731750488,9.928560256958008,9.948749542236328,9.948749542236328,0
2022-11-24 11:00:00+00:00,9.948749542236328,9.973609924316406,9.935500144958496,9.951399803161621,9.951399803161621,0
2022-11-24 12:00:00+00:00,9.94970989227295,9.959010124206543,9.926400184631348,9.929030418395996,9.929030418395996,0
2022-11-24 13:00:00+00:00,9.929030418395996,9.941309928894043,9.910799980163574,9.91448974609375,9.91448974609375,0
2022-11-24 14:00:00+00:00,9.914690017700195,9.924150466918945,9.896499633789062,9.90548038482666,9.90548038482666,0
2022-11-24 15:00:00+00:00,9.906959533691406,9.91746997833252,9.895700454711914,9.906749725341797,9.906749725341797,0
2022-11-24 16:00:00+00:00,9.907770156860352,9.9193696975708,9.901399612426758,9.912150382995605,9.912150382995605,0
2022-11-24 17:00:00+00:00,9.91277027130127,9.918350219726562,9.902099609375,9.909600257873535,9.909600257873535,0
2022-11-24 18:00:00+00:00,9.91112995147705,9.918889999389648,9.899499893188477,9.913089752197266,9.913089752197266,0
2022-11-24 19:00:00+00:00,9.912460327148438,9.923219680786133,9.896349906921387,9.896829605102539,9.896829605102539,0
2022-11-24 20:00:00+00:00,9.89702033996582,9.913100242614746,9.892029762268066,9.896050453186035,9.896050453186035,0
2022-11-24 21:00:00+00:00,9.897029876708984,9.910300254821777,9.890830039978027,9.906000137329102,9.906000137329102,0
2022-11-24 22:00:00+00:00,9.900739669799805,9.908100128173828,9.893199920654297,9.904419898986816,9.904419898986816,0
2022-11-24 23:00:00+00:00,9.904419898986816,9.916319847106934,9.89503002166748,9.902250289916992,9.902250289916992,0
2022-11-25 00:00:00+00:00,9.9087495803833,9.924579620361328,9.892629623413086,9.910269737243652,9.910269737243652,0
2022-11-25 01:00:00+00:00,9.909930229187012,9.913629531860352,9.893050193786621,9.907690048217773,9.907690048217773,0
2022-11-25 02:00:00+00:00,9.905159950256348,9.908900260925293,9.888699531555176,9.894140243530273,9.894140243530273,0
2022-11-25 03:00:00+00:00,9.89424991607666,9.91156005859375,9.890000343322754,9.895230293273926,9.895230293273926,0
2022-11-25 04:00:00+00:00,9.89645004272461,9.899490356445312,9.874699592590332,9.892419815063477,9.892419815063477,0
2022-11-25 05:00:00+00:00,9.892419815063477,9.911439895629883,9.885499954223633,9.903820037841797,9.903820037841797,0
2022-11-25 06:00:00+00:00,9.904749870300293,9.908129692077637,9.890399932861328,9.894720077514648,9.894720077514648,0
2022-11-25 07:00:00+00:00,9.89546012878418,9.93163013458252,9.886099815368652,9.93043041229248,9.93043041229248,0
2022-11-25 08:00:00+00:00,9.931380271911621,9.932149887084961,9.899499893188477,9.909250259399414,9.909250259399414,0
2022-11-25 09:00:00+00:00,9.909259796142578,9.928330421447754,9.889229774475098,9.914440155029297,9.914440155029297,0
2022-11-25 10:00:00+00:00,9.91491985321045,9.919549942016602,9.887430191040039,9.899259567260742,9.899259567260742,0
2022-11-25 11:00:00+00:00,9.899270057678223,9.918310165405273,9.896200180053711,9.916569709777832,9.916569709777832,0
2022-11-25 12:00:00+00:00,9.915619850158691,9.923290252685547,9.899299621582031,9.914999961853027,9.914999961853027,0
2022-11-25 13:00:00+00:00,9.914999961853027,9.938699722290039,9.909099578857422,9.912269592285156,9.912269592285156,0
2022-11-25 14:00:00+00:00,9.91135025024414,9.935770034790039,9.88949966430664,9.905659675598145,9.905659675598145,0
2022-11-25 15:00:00+00:00,9.904629707336426,9.91234016418457,9.870100021362305,9.873499870300293,9.873499870300293,0
2022-11-25 16:00:00+00:00,9.873600006103516,9.890509605407715,9.866649627685547,9.873889923095703,9.873889923095703,0
2022-11-25 17:00:00+00:00,9.873889923095703,9.879199981689453,9.862600326538086,9.866979598999023,9.866979598999023,0
2022-11-25 18:00:00+00:00,9.867460250854492,9.879110336303711,9.864500045776367,9.874650001525879,9.874650001525879,0
2022-11-25 19:00:00+00:00,9.872529983520508,9.8851900100708,9.860969543457031,9.86968994140625,9.86968994140625,0
2022-11-25 20:00:00+00:00,9.868189811706543,9.872819900512695,9.856730461120605,9.871600151062012,9.871600151062012,0
2022-11-25 21:00:00+00:00,9.86538028717041,9.884400367736816,9.858449935913086,9.884400367736816,9.884400367736816,0
2022-11-28 00:00:00+00:00,9.908300399780273,9.92317008972168,9.888299942016602,9.91946029663086,9.91946029663086,0
2022-11-28 01:00:00+00:00,9.91946029663086,9.98031997680664,9.9128999710083,9.968729972839355,9.968729972839355,0
2022-11-28 02:00:00+00:00,9.968090057373047,9.976670265197754,9.910909652709961,9.935700416564941,9.935700416564941,0
2022-11-28 03:00:00+00:00,9.938699722290039,9.947699546813965,9.931099891662598,9.941800117492676,9.941800117492676,0
2022-11-28 04:00:00+00:00,9.941800117492676,9.948699951171875,9.9308500289917,9.934539794921875,9.934539794921875,0
2022-11-28 05:00:00+00:00,9.933770179748535,9.973600387573242,9.93323040008545,9.967340469360352,9.967340469360352,0
2022-11-28 06:00:00+00:00,9.966409683227539,9.97189998626709,9.937700271606445,9.94478988647461,9.94478988647461,0
2022-11-28 07:00:00+00:00,9.946880340576172,9.953289985656738,9.920499801635742,9.952529907226562,9.952529907226562,0
2022-11-28 08:00:00+00:00,9.950630187988281,9.955679893493652,9.89783000946045,9.90371036529541,9.90371036529541,0
2022-11-28 09:00:00+00:00,9.902729988098145,9.915980339050293,9.89130973815918,9.908699989318848,9.908699989318848,0
2022-11-28 10:00:00+00:00,9.910400390625,9.916780471801758,9.870659828186035,9.888360023498535,9.888360023498535,0
2022-11-28 11:00:00+00:00,9.88992977142334,9.911250114440918,9.869400024414062,9.902020454406738,9.902020454406738,0
2022-11-28 12:00:00+00:00,9.902779579162598,9.921870231628418,9.886199951171875,9.89480972290039,9.89480972290039,0
2022-11-28 13:00:00+00:00,9.895549774169922,9.923230171203613,9.888299942016602,9.897359848022461,9.897359848022461,0
2022-11-28 14:00:00+00:00,9.899259567260742,9.944700241088867,9.8951997756958,9.934200286865234,9.934200286865234,0
2022-11-28 15:00:00+00:00,9.932649612426758,9.978119850158691,9.92039966583252,9.966340065002441,9.966340065002441,0
2022-11-28 16:00:00+00:00,9.968090057373047,9.991459846496582,9.957579612731934,9.971059799194336,9.971059799194336,0
2022-11-28 17:00:00+00:00,9.972359657287598,9.995800018310547,9.96720027923584,9.987299919128418,9.987299919128418,0
2022-11-28 18:00:00+00:00,9.989680290222168,10.01200008392334,9.98289966583252,10.0,10.0,0
2022-11-28 19:00:00+00:00,10.001749992370605,10.028940200805664,9.997900009155273,10.026280403137207,10.026280403137207,0
2022-11-28 20:00:00+00:00,10.027810096740723,10.038379669189453,10.017000198364258,10.024640083312988,10.024640083312988,0
2022-11-28 21:00:00+00:00,10.024290084838867,10.029600143432617,10.005629539489746,10.011469841003418,10.011469841003418,0
2022-11-28 22:00:00+00:00,10.013139724731445,10.021039962768555,10.005889892578125,10.015850067138672,10.015850067138672,0
2022-11-28 23:00:00+00:00,10.015520095825195,10.022069931030273,10.006799697875977,10.015560150146484,10.015560150146484,0
2022-11-29 00:00:00+00:00,10.014699935913086,10.023340225219727,9.999699592590332,10.02042007446289,10.02042007446289,0
2022-11-29 01:00:00+00:00,10.022130012512207,10.029569625854492,9.976149559020996,9.980469703674316,9.980469703674316,0
2022-11-29 02:00:00+00:00,9.98112964630127,9.994290351867676,9.97599983215332,9.992259979248047,9.992259979248047,0
2022-11-29 03:00:00+00:00,9.992259979248047,9.9931001663208,9.946849822998047,9.9541597366333,9.9541597366333,0
2022-11-29 04:00:00+00:00,9.954839706420898,9.961440086364746,9.933389663696289,9.938010215759277,9.938010215759277,0
2022-11-29 05:00:00+00:00,9.938010215759277,9.95365047454834,9.934700012207031,9.93925952911377,9.93925952911377,0
2022-11-29 06:00:00+00:00,9.942000389099121,9.986100196838379,9.937700271606445,9.970709800720215,9.970709800720215,0
2022-11-29 07:00:00+00:00,9.969630241394043,9.979720115661621,9.937700271606445,9.943300247192383,9.943300247192383,0
2022-11-29 08:00:00+00:00,9.946700096130371,9.967209815979004,9.92039966583252,9.936610221862793,9.936610221862793,0
2022-11-29 09:00:00+00:00,9.936309814453125,9.980290412902832,9.934700012207031,9.967530250549316,9.967530250549316,0
2022-11-29 10:00:00+00:00,9.967530250549316,9.969820022583008,9.93910026550293,9.954000473022461,9.954000473022461,0
2022-11-29 11:00:00+00:00,9.953949928283691,9.970199584960938,9.938400268554688,9.939769744873047,9.939769744873047,0
2022-11-29 12:00:00+00:00,9.94048023223877,9.968689918518066,9.937899589538574,9.945859909057617,9.945859909057617,0
2022-11-29 13:00:00+00:00,9.94771957397461,9.998820304870605,9.940529823303223,9.989299774169922,9.989299774169922,0
2022-11-29 14:00:00+00:00,9.988120079040527,10.008749961853027,9.974599838256836,9.996109962463379,9.996109962463379,0
2022-11-29 15:00:00+00:00,9.99608039855957,9.998990058898926,9.946800231933594,9.972990036010742,9.972990036010742,0
2022-11-29 16:00:00+00:00,9.972960472106934,10.014780044555664,9.96560001373291,9.994970321655273,9.994970321655273,0
2022-11-29 17:00:00+00:00,9.996419906616211,10.010430335998535,9.988499641418457,10.002900123596191,10.002900123596191,0
2022-11-29 18:00:00+00:00,10.003649711608887,10.02025032043457,9.992400169372559,10.005579948425293,10.005579948425293,0
2022-11-29 19:00:00+00:00,10.005590438842773,10.016579627990723,9.98488998413086,10.01041030883789,10.01041030883789,0
2022-11-29 20:00:00+00:00,10.009759902954102,10.022540092468262,10.006420135498047,10.012689590454102,10.012689590454102,0
2022-11-29 21:00:00+00:00,10.014389991760254,10.014989852905273,9.993650436401367,10.002869606018066,10.002869606018066,0
2022-11-29 22:00:00+00:00,10.007200241088867,10.008700370788574,9.991769790649414,10.001279830932617,10.001279830932617,0
2022-11-29 23:00:00+00:00,10.001290321350098,10.015769958496094,9.995599746704102,10.006420135498047,10.006420135498047,0
2022-11-30 00:00:00+00:00,10.00529956817627,10.017120361328125,9.984000205993652,9.992059707641602,9.992059707641602,0
2022-11-30 01:00:00+00:00,9.992059707641602,10.000160217285156,9.970499992370605,9.986590385437012,9.986590385437012,0
2022-11-30 02:00:00+00:00,9.987560272216797,9.998760223388672,9.979599952697754,9.991060256958008,9.991060256958008,0
2022-11-30 03:00:00+00:00,9.991060256958008,10.002630233764648,9.985400199890137,9.987990379333496,9.987990379333496,0
2022-11-30 04:00:00+00:00,9.987689971923828,9.988459587097168,9.971099853515625,9.979479789733887,9.979479789733887,0
2022-11-30 05:00:00+00:00,9.979789733886719,9.991310119628906,9.970780372619629,9.989720344543457,9.989720344543457,0
2022-11-30 06:00:00+00:00,9.989819526672363,10.004469871520996,9.981010437011719,9.998669624328613,9.998669624328613,0
2022-11-30 07:00:00+00:00,9.99866008758545,10.001669883728027,9.969449996948242,9.988300323486328,9.988300323486328,0
2022-11-30 08:00:00+00:00,9.98843002319336,10.0010404586792,9.952099800109863,9.958149909973145,9.958149909973145,0
2022-11-30 09:00:00+00:00,9.95851993560791,9.959569931030273,9.87279987335205,9.923649787902832,9.923649787902832,0
2022-11-30 10:00:00+00:00,9.924960136413574,9.937410354614258,9.906200408935547,9.935449600219727,9.935449600219727,0
2022-11-30 11:00:00+00:00,9.937000274658203,9.939459800720215,9.907699584960938,9.913330078125,9.913330078125,0
2022-11-30 12:00:00+00:00,9.913040161132812,9.92080020904541,9.887100219726562,9.893440246582031,9.893440246582031,0
2022-11-30 13:00:00+00:00,9.894510269165039,9.909830093383789,9.864529609680176,9.907950401306152,9.907950401306152,0
2022-11-30 14:00:00+00:00,9.908320426940918,9.910750389099121,9.854229927062988,9.877530097961426,9.877530097961426,0
2022-11-30 15:00:00+00:00,9.877530097961426,9.974749565124512,9.870389938354492,9.969710350036621,9.969710350036621,0
2022-11-30 16:00:00+00:00,9.967809677124023,9.981030464172363,9.933300018310547,9.940959930419922,9.940959930419922,0
2022-11-30 17:00:00+00:00,9.939579963684082,9.956549644470215,9.926750183105469,9.945449829101562,9.945449829101562,0
2022-11-30 18:00:00+00:00,9.946550369262695,9.956199645996094,9.86674976348877,9.874090194702148,9.874090194702148,0
2022-11-30 19:00:00+00:00,9.87382984161377,9.880069732666016,9.83489990234375,9.840410232543945,9.840410232543945,0
2022-11-30 20:00:00+00:00,9.841290473937988,9.850130081176758,9.819279670715332,9.842430114746094,9.842430114746094,0
2022-11-30 21:00:00+00:00,9.842430114746094,9.855629920959473,9.832799911499023,9.838410377502441,9.838410377502441,0
2022-11-30 22:00:00+00:00,9.838410377502441,9.846599578857422,9.83141040802002,9.839599609375,9.839599609375,0
2022-11-30 23:00:00+00:00,9.839400291442871,9.840100288391113,9.813830375671387,9.819230079650879,9.819230079650879,0
2022-12-01 00:00:00+00:00,9.821450233459473,9.826600074768066,9.804900169372559,9.811129570007324,9.811129570007324,0
2022-12-01 01:00:00+00:00,9.810999870300293,9.824529647827148,9.798700332641602,9.822799682617188,9.822799682617188,0
2022-12-01 02:00:00+00:00,9.823670387268066,9.829179763793945,9.812899589538574,9.82234001159668,9.82234001159668,0
2022-12-01 03:00:00+00:00,9.821720123291016,9.829259872436523,9.811369895935059,9.81466007232666,9.81466007232666,0
2022-12-01 04:00:00+00:00,9.81482982635498,9.822460174560547,9.804100036621094,9.809550285339355,9.809550285339355,0
2022-12-01 05:00:00+00:00,9.809550285339355,9.812700271606445,9.79658031463623,9.800390243530273,9.800390243530273,0
2022-12-01 06:00:00+00:00,9.799590110778809,9.806900024414062,9.7878999710083,9.791099548339844,9.791099548339844,0
2022-12-01 07:00:00+00:00,9.7889404296875,9.852620124816895,9.784000396728516,9.845760345458984,9.845760345458984,0
2022-12-01 08:00:00+00:00,9.84568977355957,9.849479675292969,9.806400299072266,9.812459945678711,9.812459945678711,0
2022-12-01 09:00:00+00:00,9.814029693603516,9.83495044708252,9.804300308227539,9.814709663391113,9.814709663391113,0
2022-12-01 10:00:00+00:00,9.81449031829834,9.836359977722168,9.80150032043457,9.834230422973633,9.834230422973633,0
2022-12-01 11:00:00+00:00,9.832200050354004,9.83588981628418,9.798700332641602,9.800800323486328,9.800800323486328,0
2022-12-01 12:00:00+00:00,9.80344009399414,9.816069602966309,9.783499717712402,9.798020362854004,9.798020362854004,0
2022-12-01 13:00:00+00:00,9.797829627990723,9.814279556274414,9.739109992980957,9.765780448913574,9.765780448913574,0
2022-12-01 14:00:00+00:00,9.766679763793945,9.77239990234375,9.717000007629395,9.72367000579834,9.72367000579834,0
2022-12-01 15:00:00+00:00,9.726619720458984,9.780670166015625,9.712719917297363,9.746299743652344,9.746299743652344,0
2022-12-01 16:00:00+00:00,9.746580123901367,9.759849548339844,9.735600471496582,9.749970436096191,9.749970436096191,0
2022-12-01 17:00:00+00:00,9.748869895935059,9.781490325927734,9.73009967803955,9.74252986907959,9.74252986907959,0
2022-12-01 18:00:00+00:00,9.74252986907959,9.751540184020996,9.723600387573242,9.744139671325684,9.744139671325684,0
2022-12-01 19:00:00+00:00,9.744950294494629,9.756770133972168,9.72700023651123,9.731450080871582,9.731450080871582,0
2022-12-01 20:00:00+00:00,9.732749938964844,9.738679885864258,9.718899726867676,9.729209899902344,9.729209899902344,0
2022-12-01 21:00:00+00:00,9.730469703674316,9.731800079345703,9.713199615478516,9.721500396728516,9.721500396728516,0
2022-12-01 22:00:00+00:00,9.720100402832031,9.72700023651123,9.711370468139648,9.722800254821777,9.722800254821777,0
2022-12-01 23:00:00+00:00,9.722999572753906,9.726099967956543,9.697199821472168,9.709400177001953,9.709400177001953,0
2022-12-02 00:00:00+00:00,9.712539672851562,9.744139671325684,9.70829963684082,9.739700317382812,9.739700317382812,0
2022-12-02 01:00:00+00:00,9.740269660949707,9.749679565429688,9.724630355834961,9.733650207519531,9.733650207519531,0
2022-12-02 02:00:00+00:00,9.731800079345703,9.748100280761719,9.723919868469238,9.736530303955078,9.736530303955078,0
2022-12-02 03:00:00+00:00,9.736559867858887,9.74530029296875,9.721500396728516,9.72704029083252,9.72704029083252,0
2022-12-02 04:00:00+00:00,9.726619720458984,9.731300354003906,9.71757984161377,9.721329689025879,9.721329689025879,0
2022-12-02 05:00:00+00:00,9.7227201461792,9.732839584350586,9.715700149536133,9.724889755249023,9.724889755249023,0
2022-12-02 06:00:00+00:00,9.726659774780273,9.727999687194824,9.707200050354004,9.716970443725586,9.716970443725586,0
2022-12-02 07:00:00+00:00,9.717309951782227,9.735830307006836,9.70969009399414,9.717209815979004,9.717209815979004,0
2022-12-02 08:00:00+00:00,9.717889785766602,9.747469902038574,9.715570449829102,9.732569694519043,9.732569694519043,0
2022-12-02 09:00:00+00:00,9.732569694519043,9.764399528503418,9.731289863586426,9.741049766540527,9.741049766540527,0
2022-12-02 10:00:00+00:00,9.740859985351562,9.764800071716309,9.740659713745117,9.74839973449707,9.74839973449707,0
2022-12-02 11:00:00+00:00,9.747960090637207,9.756429672241211,9.720800399780273,9.721739768981934,9.721739768981934,0
2022-12-02 12:00:00+00:00,9.721739768981934,9.74927043914795,9.719510078430176,9.720239639282227,9.720239639282227,0
2022-12-02 13:00:00+00:00,9.721770286560059,9.865670204162598,9.718649864196777,9.819259643554688,9.819259643554688,0
2022-12-02 14:00:00+00:00,9.819350242614746,9.845450401306152,9.798430442810059,9.825530052185059,9.825530052185059,0
2022-12-02 15:00:00+00:00,9.825920104980469,9.851300239562988,9.815520286560059,9.833319664001465,9.833319664001465,0
2022-12-02 16:00:00+00:00,9.834529876708984,9.843549728393555,9.771340370178223,9.778050422668457,9.778050422668457,0
2022-12-02 17:00:00+00:00,9.775699615478516,9.78756046295166,9.764989852905273,9.78419017791748,9.78419017791748,0
2022-12-02 18:00:00+00:00,9.784000396728516,9.80465030670166,9.781109809875488,9.798330307006836,9.798330307006836,0
2022-12-02 19:00:00+00:00,9.799169540405273,9.807060241699219,9.771419525146484,9.775460243225098,9.775460243225098,0
2022-12-02 20:00:00+00:00,9.776570320129395,9.782560348510742,9.770319938659668,9.778200149536133,9.778200149536133,0
2022-12-02 21:00:00+00:00,9.776860237121582,9.78030014038086,9.759389877319336,9.768819808959961,9.768819808959961,0
2022-12-05 00:00:00+00:00,9.753899574279785,9.75924015045166,9.72344970703125,9.754850387573242,9.754850387573242,0
2022-12-05 01:00:00+00:00,9.755029678344727,9.758569717407227,9.713489532470703,9.724749565124512,9.724749565124512,0
2022-12-05 02:00:00+00:00,9.724849700927734,9.740429878234863,9.712550163269043,9.721429824829102,9.721429824829102,0
2022-12-05 03:00:00+00:00,9.722060203552246,9.731599807739258,9.711770057678223,9.717100143432617,9.717100143432617,0
2022-12-05 04:00:00+00:00,9.717220306396484,9.724579811096191,9.70382022857666,9.717399597167969,9.717399597167969,0
2022-12-05 05:00:00+00:00,9.717949867248535,9.732219696044922,9.709500312805176,9.719730377197266,9.719730377197266,0
2022-12-05 06:00:00+00:00,9.719659805297852,9.736390113830566,9.717729568481445,9.729720115661621,9.729720115661621,0
2022-12-05 07:00:00+00:00,9.729399681091309,9.774970054626465,9.726929664611816,9.769800186157227,9.769800186157227,0
2022-12-05 08:00:00+00:00,9.772130012512207,9.780099868774414,9.754300117492676,9.75724983215332,9.75724983215332,0
2022-12-05 09:00:00+00:00,9.760169982910156,9.776800155639648,9.74120044708252,9.745200157165527,9.745200157165527,0
2022-12-05 10:00:00+00:00,9.745439529418945,9.793180465698242,9.740900039672852,9.786720275878906,9.786720275878906,0
2022-12-05 11:00:00+00:00,9.78594970703125,9.800200462341309,9.74899959564209,9.756210327148438,9.756210327148438,0
2022-12-05 12:00:00+00:00,9.757379531860352,9.771289825439453,9.725500106811523,9.735540390014648,9.735540390014648,0
2022-12-05 13:00:00+00:00,9.73727035522461,9.78966999053955,9.734700202941895,9.787850379943848,9.787850379943848,0
2022-12-05 14:00:00+00:00,9.786700248718262,9.817899703979492,9.78279972076416,9.816929817199707,9.816929817199707,0
2022-12-05 15:00:00+00:00,9.816929817199707,9.88418960571289,9.815979957580566,9.877070426940918,9.877070426940918,0
2022-12-05 16:00:00+00:00,9.876689910888672,9.94970989227295,9.864800453186035,9.94204044342041,9.94204044342041,0
2022-12-05 17:00:00+00:00,9.938920021057129,9.946940422058105,9.921899795532227,9.938159942626953,9.938159942626953,0
2022-12-05 18:00:00+00:00,9.940210342407227,9.950570106506348,9.92632007598877,9.946769714355469,9.946769714355469,0
2022-12-05 19:00:00+00:00,9.947879791259766,9.9722900390625,9.944700241088867,9.950499534606934,9.950499534606934,0
2022-12-05 20:00:00+00:00,9.951549530029297,9.968050003051758,9.944899559020996,9.956489562988281,9.956489562988281,0
2022-12-05 21:00:00+00:00,9.957249641418457,9.958930015563965,9.935429573059082,9.944700241088867,9.944700241088867,0
2022-12-05 22:00:00+00:00,9.940549850463867,9.946999549865723,9.939319610595703,9.944709777832031,9.944709777832031,0
2022-12-05 23:00:00+00:00,9.942000389099121,9.94694995880127,9.934929847717285,9.938989639282227,9.938989639282227,0
2022-12-06 00:00:00+00:00,9.940770149230957,9.943300247192383,9.924989700317383,9.927980422973633,9.927980422973633,0
2022-12-06 01:00:00+00:00,9.92788028717041,9.935930252075195,9.904999732971191,9.918869972229004,9.918869972229004,0
2022-12-06 02:00:00+00:00,9.91819953918457,9.945540428161621,9.904959678649902,9.934220314025879,9.934220314025879,0
2022-12-06 03:00:00+00:00,9.934809684753418,9.940699577331543,9.914899826049805,9.932519912719727,9.932519912719727,0
2022-12-06 04:00:00+00:00,9.930560111999512,9.937219619750977,9.921870231628418,9.935720443725586,9.935720443725586,0
2022-12-06 05:00:00+00:00,9.935720443725586,9.94279956817627,9.926969528198242,9.930379867553711,9.930379867553711,0
2022-12-06 06:00:00+00:00,9.931429862976074,9.950599670410156,9.926899909973145,9.940580368041992,9.940580368041992,0
2022-12-06 07:00:00+00:00,9.939080238342285,9.954019546508789,9.907910346984863,9.91415023803711,9.91415023803711,0
2022-12-06 08:00:00+00:00,9.913800239562988,9.934189796447754,9.894490242004395,9.923049926757812,9.923049926757812,0
2022-12-06 09:00:00+00:00,9.922280311584473,9.952930450439453,9.91825008392334,9.937999725341797,9.937999725341797,0
2022-12-06 10:00:00+00:00,9.938010215759277,9.957469940185547,9.934800148010254,9.94933032989502,9.94933032989502,0
2022-12-06 11:00:00+00:00,9.948639869689941,9.960249900817871,9.923250198364258,9.926400184631348,9.926400184631348,0
2022-12-06 12:00:00+00:00,9.92803955078125,9.940939903259277,9.906299591064453,9.915719985961914,9.915719985961914,0
2022-12-06 13:00:00+00:00,9.914750099182129,9.948570251464844,9.911499977111816,9.934789657592773,9.934789657592773,0
2022-12-06 14:00:00+00:00,9.935420036315918,9.962750434875488,9.93280029296875,9.961950302124023,9.961950302124023,0
2022-12-06 15:00:00+00:00,9.960309982299805,10.009180068969727,9.9576997756958,9.99020004272461,9.99020004272461,0
2022-12-06 16:00:00+00:00,9.990460395812988,10.008099555969238,9.953889846801758,10.006429672241211,10.006429672241211,0
2022-12-06 17:00:00+00:00,10.005949974060059,10.030599594116211,10.00059986114502,10.024370193481445,10.024370193481445,0
2022-12-06 18:00:00+00:00,10.024800300598145,10.046520233154297,10.022850036621094,10.03203010559082,10.03203010559082,0
2022-12-06 19:00:00+00:00,10.032690048217773,10.041839599609375,10.017620086669922,10.028010368347168,10.028010368347168,0
2022-12-06 20:00:00+00:00,10.027139663696289,10.031240463256836,10.017049789428711,10.030540466308594,10.030540466308594,0
2022-12-06 21:00:00+00:00,10.030500411987305,10.033080101013184,10.016380310058594,10.025300025939941,10.025300025939941,0
2022-12-06 22:00:00+00:00,10.023699760437012,10.026200294494629,10.017350196838379,10.025500297546387,10.025500297546387,0
2022-12-06 23:00:00+00:00,10.025300025939941,10.026399612426758,9.997179985046387,10.012129783630371,10.012129783630371,0
2022-12-07 00:00:00+00:00,10.011919975280762,10.02457046508789,9.963000297546387,10.017979621887207,10.017979621887207,0
2022-12-07 01:00:00+00:00,10.015270233154297,10.036230087280273,10.002900123596191,10.006449699401855,10.006449699401855,0
2022-12-07 02:00:00+00:00,10.00512981414795,10.0201997756958,9.998100280761719,10.017410278320312,10.017410278320312,0
2022-12-07 03:00:00+00:00,10.018170356750488,10.030719757080078,10.010299682617188,10.017009735107422,10.017009735107422,0
2022-12-07 04:00:00+00:00,10.016830444335938,10.026089668273926,10.013050079345703,10.015460014343262,10.015460014343262,0
2022-12-07 05:00:00+00:00,10.015689849853516,10.0201997756958,10.003339767456055,10.01591968536377,10.01591968536377,0
2022-12-07 06:00:00+00:00,10.016119956970215,10.04580020904541,10.010049819946289,10.036069869995117,10.036069869995117,0
2022-12-07 07:00:00+00:00,10.03699016571045,10.047510147094727,10.015740394592285,10.029640197753906,10.029640197753906,0
2022-12-07 08:00:00+00:00,10.029640197753906,10.068949699401855,10.026129722595215,10.040749549865723,10.040749549865723,0
2022-12-07 09:00:00+00:00,10.040599822998047,10.077469825744629,10.040399551391602,10.06371021270752,10.06371021270752,0
2022-12-07 10:00:00+00:00,10.063899993896484,10.07091999053955,10.044449806213379,10.05226993560791,10.05226993560791,0
2022-12-07 11:00:00+00:00,10.05226993560791,10.062450408935547,10.042869567871094,10.052749633789062,10.052749633789062,0
2022-12-07 12:00:00+00:00,10.052769660949707,10.064399719238281,9.9822998046875,9.990209579467773,9.990209579467773,0
2022-12-07 13:00:00+00:00,9.99213981628418,10.003910064697266,9.966340065002441,9.974690437316895,9.974690437316895,0
2022-12-07 14:00:00+00:00,9.975500106811523,10.009550094604492,9.964850425720215,10.005080223083496,10.005080223083496,0
2022-12-07 15:00:00+00:00,10.004799842834473,10.031270027160645,9.984600067138672,10.006750106811523,10.006750106811523,0
2022-12-07 16:00:00+00:00,10.006799697875977,10.044440269470215,10.003399848937988,10.01869010925293,10.01869010925293,0
2022-12-07 17:00:00+00:00,10.016440391540527,10.025629997253418,9.993720054626465,9.998900413513184,9.998900413513184,0
2022-12-07 18:00:00+00:00,10.000510215759277,10.011919975280762,9.981849670410156,10.009909629821777,10.009909629821777,0
2022-12-07 19:00:00+00:00,10.010029792785645,10.01990032196045,10.000630378723145,10.0068998336792,10.0068998336792,0
2022-12-07 20:00:00+00:00,10.008469581604004,10.018989562988281,10.000849723815918,10.012700080871582,10.012700080871582,0
2022-12-07 21:00:00+00:00,10.013039588928223,10.030409812927246,10.003789901733398,10.022199630737305,10.022199630737305,0
2022-12-07 22:00:00+00:00,10.021499633789062,10.024700164794922,10.00613021850586,10.006270408630371,10.006270408630371,0
2022-12-07 23:00:00+00:00,10.005390167236328,10.019399642944336,10.00195026397705,10.01410961151123,10.01410961151123,0
2022-12-08 00:00:00+00:00,10.014249801635742,10.032299995422363,10.008150100708008,10.031220436096191,10.031220436096191,0
2022-12-08 01:00:00+00:00,10.030810356140137,10.039620399475098,10.017729759216309,10.024800300598145,10.024800300598145,0
2022-12-08 02:00:00+00:00,10.024580001831055,10.036230087280273,10.017999649047852,10.029600143432617,10.029600143432617,0
2022-12-08 03:00:00+00:00,10.029629707336426,10.038100242614746,10.013529777526855,10.018219947814941,10.018219947814941,0
2022-12-08 04:00:00+00:00,10.019319534301758,10.031140327453613,10.017800331115723,10.025870323181152,10.025870323181152,0
2022-12-08 05:00:00+00:00,10.025870323181152,10.038129806518555,10.01669979095459,10.025030136108398,10.025030136108398,0
2022-12-08 06:00:00+00:00,10.024889945983887,10.028770446777344,10.001299858093262,10.008079528808594,10.008079528808594,0
2022-12-08 07:00:00+00:00,10.009329795837402,10.01395034790039,9.982199668884277,9.988069534301758,9.988069534301758,0
2022-12-08 08:00:00+00:00,9.988189697265625,10.017640113830566,9.987199783325195,10.003219604492188,10.003219604492188,0
2022-12-08 09:00:00+00:00,10.003769874572754,10.04069995880127,10.002559661865234,10.033980369567871,10.033980369567871,0
2022-12-08 10:00:00+00:00,10.033209800720215,10.035940170288086,10.002659797668457,10.003890037536621,10.003890037536621,0
2022-12-08 11:00:00+00:00,10.003399848937988,10.031290054321289,10.000960350036621,10.008159637451172,10.008159637451172,0
2022-12-08 12:00:00+00:00,10.005800247192383,10.016440391540527,9.979399681091309,9.98157024383545,9.98157024383545,0
2022-12-08 13:00:00+00:00,9.98075008392334,9.987279891967773,9.938570022583008,9.965270042419434,9.965270042419434,0
2022-12-08 14:00:00+00:00,9.965399742126465,10.005220413208008,9.951539993286133,9.96969985961914,9.96969985961914,0
2022-12-08 15:00:00+00:00,9.972200393676758,9.98328971862793,9.947589874267578,9.973580360412598,9.973580360412598,0
2022-12-08 16:00:00+00:00,9.974300384521484,9.996170043945312,9.945839881896973,9.963720321655273,9.963720321655273,0
2022-12-08 17:00:00+00:00,9.965290069580078,9.982279777526855,9.959219932556152,9.971460342407227,9.971460342407227,0
2022-12-08 18:00:00+00:00,9.972410202026367,9.978899955749512,9.9476900100708,9.955570220947266,9.955570220947266,0
2022-12-08 19:00:00+00:00,9.956290245056152,9.972209930419922,9.949170112609863,9.957599639892578,9.957599639892578,0
2022-12-08 20:00:00+00:00,9.957599639892578,9.968119621276855,9.955670356750488,9.962869644165039,9.962869644165039,0
2022-12-08 21:00:00+00:00,9.962929725646973,9.967679977416992,9.956999778747559,9.962400436401367,9.962400436401367,0
2022-12-08 22:00:00+00:00,9.954010009765625,9.964300155639648,9.948200225830078,9.953300476074219,9.953300476074219,0
2022-12-08 23:00:00+00:00,9.953020095825195,9.964309692382812,9.941800117492676,9.95753002166748,9.95753002166748,0
2022-12-09 00:00:00+00:00,9.955750465393066,9.973580360412598,9.953189849853516,9.962639808654785,9.962639808654785,0
2022-12-09 01:00:00+00:00,9.962699890136719,9.965370178222656,9.92123031616211,9.928790092468262,9.928790092468262,0
2022-12-09 02:00:00+00:00,9.928790092468262,9.953399658203125,9.925419807434082,9.933150291442871,9.933150291442871,0
2022-12-09 03:00:00+00:00,9.93511962890625,9.938799858093262,9.921449661254883,9.92883014678955,9.92883014678955,0
2022-12-09 04:00:00+00:00,9.929450035095215,9.937049865722656,9.922499656677246,9.930729866027832,9.930729866027832,0
2022-12-09 05:00:00+00:00,9.933300018310547,9.936519622802734,9.919599533081055,9.934410095214844,9.934410095214844,0
2022-12-09 06:00:00+00:00,9.935720443725586,9.950340270996094,9.931400299072266,9.940600395202637,9.940600395202637,0
2022-12-09 07:00:00+00:00,9.941200256347656,9.960949897766113,9.936610221862793,9.959159851074219,9.959159851074219,0
2022-12-09 08:00:00+00:00,9.959259986877441,9.986189842224121,9.95602035522461,9.986189842224121,9.986189842224121,0
2022-12-09 09:00:00+00:00,9.985260009765625,9.999990463256836,9.969459533691406,9.972559928894043,9.972559928894043,0
2022-12-09 10:00:00+00:00,9.973540306091309,9.989330291748047,9.963179588317871,9.980950355529785,9.980950355529785,0
2022-12-09 11:00:00+00:00,9.980420112609863,9.989620208740234,9.966099739074707,9.970680236816406,9.970680236816406,0
2022-12-09 12:00:00+00:00,9.969550132751465,9.983499526977539,9.957200050354004,9.970000267028809,9.970000267028809,0
2022-12-09 13:00:00+00:00,9.971870422363281,10.032520294189453,9.960989952087402,9.979390144348145,9.979390144348145,0
2022-12-09 14:00:00+00:00,9.980819702148438,10.003600120544434,9.970529556274414,9.997469902038574,9.997469902038574,0
2022-12-09 15:00:00+00:00,9.999770164489746,10.014849662780762,9.96183967590332,9.978300094604492,9.978300094604492,0
2022-12-09 16:00:00+00:00,9.978300094604492,9.988100051879883,9.95026969909668,9.958580017089844,9.958580017089844,0
2022-12-09 17:00:00+00:00,9.958000183105469,9.980070114135742,9.953020095825195,9.968299865722656,9.968299865722656,0
2022-12-09 18:00:00+00:00,9.968660354614258,9.985910415649414,9.966790199279785,9.972399711608887,9.972399711608887,0
2022-12-09 19:00:00+00:00,9.97173023223877,9.979000091552734,9.967129707336426,9.970589637756348,9.970589637756348,0
2022-12-09 20:00:00+00:00,9.970319747924805,9.9893798828125,9.966529846191406,9.984569549560547,9.984569549560547,0
2022-12-09 21:00:00+00:00,9.984550476074219,10.005800247192383,9.980660438537598,9.987210273742676,9.987210273742676,0
2022-12-12 00:00:00+00:00,10.004599571228027,10.017000198364258,9.98781967163086,10.006210327148438,10.006210327148438,0
2022-12-12 01:00:00+00:00,10.006210327148438,10.026780128479004,10.002059936523438,10.0201997756958,10.0201997756958,0
2022-12-12 02:00:00+00:00,10.020899772644043,10.029600143432617,10.0024995803833,10.021900177001953,10.021900177001953,0
2022-12-12 03:00:00+00:00,10.023280143737793,10.023320198059082,10.008190155029297,10.012550354003906,10.012550354003906,0
2022-12-12 04:00:00+00:00,10.012550354003906,10.013400077819824,10.000499725341797,10.005760192871094,10.005760192871094,0
2022-12-12 05:00:00+00:00,10.007530212402344,10.020999908447266,10.003219604492188,10.011130332946777,10.011130332946777,0
2022-12-12 06:00:00+00:00,10.01123046875,10.023409843444824,9.998200416564941,10.008740425109863,10.008740425109863,0
2022-12-12 07:00:00+00:00,10.004850387573242,10.019590377807617,9.9933500289917,10.008700370788574,10.008700370788574,0
2022-12-12 08:00:00+00:00,10.009650230407715,10.03361988067627,10.004599571228027,10.02970027923584,10.02970027923584,0
2022-12-12 09:00:00+00:00,10.031310081481934,10.034139633178711,9.999589920043945,10.004229545593262,10.004229545593262,0
2022-12-12 10:00:00+00:00,10.0024995803833,10.009289741516113,9.979499816894531,9.996950149536133,9.996950149536133,0
2022-12-12 11:00:00+00:00,9.996959686279297,10.013270378112793,9.987730026245117,9.99332046508789,9.99332046508789,0
2022-12-12 12:00:00+00:00,9.99275016784668,10.00220012664795,9.980640411376953,9.998339653015137,9.998339653015137,0
2022-12-12 13:00:00+00:00,9.998339653015137,9.9998197555542,9.96660041809082,9.976730346679688,9.976730346679688,0
2022-12-12 14:00:00+00:00,9.97504997253418,10.000060081481934,9.969409942626953,9.992409706115723,9.992409706115723,0
2022-12-12 15:00:00+00:00,9.99390983581543,10.005880355834961,9.958840370178223,10.000789642333984,10.000789642333984,0
2022-12-12 16:00:00+00:00,10.00072956085205,10.012969970703125,9.97500991821289,9.988120079040527,9.988120079040527,0
2022-12-12 17:00:00+00:00,9.985919952392578,10.00076961517334,9.979920387268066,9.987369537353516,9.987369537353516,0
2022-12-12 18:00:00+00:00,9.988630294799805,10.015600204467773,9.983099937438965,10.001899719238281,10.001899719238281,0
2022-12-12 19:00:00+00:00,10.000410079956055,10.01791000366211,9.990300178527832,9.999970436096191,9.999970436096191,0
2022-12-12 20:00:00+00:00,10.000530242919922,10.001440048217773,9.97700023651123,9.98466968536377,9.98466968536377,0
2022-12-12 21:00:00+00:00,9.984700202941895,9.990440368652344,9.968649864196777,9.982489585876465,9.982489585876465,0
2022-12-12 22:00:00+00:00,9.987600326538086,9.994050025939941,9.987099647521973,9.99170970916748,9.99170970916748,0
2022-12-12 23:00:00+00:00,9.99170970916748,9.99884033203125,9.97173023223877,9.974929809570312,9.974929809570312,0
2022-12-13 00:00:00+00:00,9.978050231933594,9.991120338439941,9.972049713134766,9.975790023803711,9.975790023803711,0
2022-12-13 01:00:00+00:00,9.972949981689453,9.981860160827637,9.965889930725098,9.968560218811035,9.968560218811035,0
2022-12-13 02:00:00+00:00,9.967639923095703,9.97227954864502,9.940560340881348,9.965270042419434,9.965270042419434,0
2022-12-13 03:00:00+00:00,9.96537971496582,9.98488998413086,9.959850311279297,9.983570098876953,9.983570098876953,0
2022-12-13 04:00:00+00:00,9.982159614562988,9.987099647521973,9.972200393676758,9.973990440368652,9.973990440368652,0
2022-12-13 05:00:00+00:00,9.973910331726074,9.978360176086426,9.956230163574219,9.959030151367188,9.959030151367188,0
2022-12-13 06:00:00+00:00,9.95911979675293,9.966670036315918,9.950400352478027,9.960709571838379,9.960709571838379,0
2022-12-13 07:00:00+00:00,9.960100173950195,9.968279838562012,9.947990417480469,9.95680046081543,9.95680046081543,0
2022-12-13 08:00:00+00:00,9.956080436706543,9.979900360107422,9.942239761352539,9.966620445251465,9.966620445251465,0
2022-12-13 09:00:00+00:00,9.967690467834473,9.970069885253906,9.946700096130371,9.954649925231934,9.954649925231934,0
2022-12-13 10:00:00+00:00,9.955060005187988,9.978480339050293,9.946260452270508,9.95083999633789,9.95083999633789,0
2022-12-13 11:00:00+00:00,9.950830459594727,9.952839851379395,9.918299674987793,9.927000045776367,9.927000045776367,0
2022-12-13 12:00:00+00:00,9.929980278015137,9.937950134277344,9.900300025939941,9.917750358581543,9.917750358581543,0
2022-12-13 13:00:00+00:00,9.91784954071045,9.932649612426758,9.759050369262695,9.78870964050293,9.78870964050293,0
2022-12-13 14:00:00+00:00,9.787839889526367,9.793939590454102,9.752400398254395,9.771200180053711,9.771200180053711,0
2022-12-13 15:00:00+00:00,9.770859718322754,9.789620399475098,9.74135971069336,9.767560005187988,9.767560005187988,0
2022-12-13 16:00:00+00:00,9.768489837646484,9.792799949645996,9.754969596862793,9.784669876098633,9.784669876098633,0
2022-12-13 17:00:00+00:00,9.783249855041504,9.806099891662598,9.769760131835938,9.801810264587402,9.801810264587402,0
2022-12-13 18:00:00+00:00,9.800629615783691,9.805299758911133,9.77515983581543,9.793499946594238,9.793499946594238,0
2022-12-13 19:00:00+00:00,9.794480323791504,9.794830322265625,9.763030052185059,9.777950286865234,9.777950286865234,0
2022-12-13 20:00:00+00:00,9.77871036529541,9.790169715881348,9.77258014678955,9.787779808044434,9.787779808044434,0
2022-12-13 21:00:00+00:00,9.788490295410156,9.78866958618164,9.766349792480469,9.77649974822998,9.77649974822998,0
2022-12-13 22:00:00+00:00,9.766570091247559,9.779399871826172,9.760000228881836,9.776800155639648,9.776800155639648,0
2022-12-13 23:00:00+00:00,9.758529663085938,9.781599998474121,9.753729820251465,9.772629737854004,9.772629737854004,0
2022-12-14 00:00:00+00:00,9.773920059204102,9.808039665222168,9.760749816894531,9.777099609375,9.777099609375,0
2022-12-14 01:00:00+00:00,9.777910232543945,9.78870964050293,9.772390365600586,9.780940055847168,9.780940055847168,0
2022-12-14 02:00:00+00:00,9.780940055847168,9.79440975189209,9.774250030517578,9.793140411376953,9.793140411376953,0
2022-12-14 03:00:00+00:00,9.791850090026855,9.794899940490723,9.782150268554688,9.794340133666992,9.794340133666992,0
2022-12-14 04:00:00+00:00,9.794340133666992,9.798999786376953,9.788849830627441,9.792110443115234,9.792110443115234,0
2022-12-14 05:00:00+00:00,9.791350364685059,9.793000221252441,9.781920433044434,9.790419578552246,9.790419578552246,0
2022-12-14 06:00:00+00:00,9.790399551391602,9.791600227355957,9.75475025177002,9.767820358276367,9.767820358276367,0
2022-12-14 07:00:00+00:00,9.767829895019531,9.783180236816406,9.755669593811035,9.76842975616455,9.76842975616455,0
2022-12-14 08:00:00+00:00,9.768420219421387,9.782600402832031,9.752699851989746,9.765600204467773,9.765600204467773,0
2022-12-14 09:00:00+00:00,9.764240264892578,9.769060134887695,9.736579895019531,9.7395601272583,9.7395601272583,0
2022-12-14 10:00:00+00:00,9.7395601272583,9.74839973449707,9.722700119018555,9.734140396118164,9.734140396118164,0
2022-12-14 11:00:00+00:00,9.734149932861328,9.747980117797852,9.727999687194824,9.734869956970215,9.734869956970215,0
2022-12-14 12:00:00+00:00,9.734149932861328,9.751899719238281,9.733400344848633,9.741029739379883,9.741029739379883,0
2022-12-14 13:00:00+00:00,9.741049766540527,9.750709533691406,9.718600273132324,9.74096965789795,9.74096965789795,0
2022-12-14 14:00:00+00:00,9.741729736328125,9.751899719238281,9.729999542236328,9.743570327758789,9.743570327758789,0
2022-12-14 15:00:00+00:00,9.744799613952637,9.755800247192383,9.736300468444824,9.754839897155762,9.754839897155762,0
2022-12-14 16:00:00+00:00,9.754329681396484,9.757019996643066,9.737039566040039,9.75022029876709,9.75022029876709,0
2022-12-14 17:00:00+00:00,9.749500274658203,9.757040023803711,9.738699913024902,9.753899574279785,9.753899574279785,0
2022-12-14 18:00:00+00:00,9.752799987792969,9.75409984588623,9.717940330505371,9.7253999710083,9.7253999710083,0
2022-12-14 19:00:00+00:00,9.724040031433105,9.813969612121582,9.724040031433105,9.746089935302734,9.746089935302734,0
2022-12-14 20:00:00+00:00,9.746089935302734,9.75452995300293,9.688150405883789,9.73781967163086,9.73781967163086,0
2022-12-14 21:00:00+00:00,9.736980438232422,9.739119529724121,9.70300006866455,9.715470314025879,9.715470314025879,0
2022-12-14 22:00:00+00:00,9.715570449829102,9.717069625854492,9.704970359802246,9.715200424194336,9.715200424194336,0
2022-12-14 23:00:00+00:00,9.716110229492188,9.73865032196045,9.710350036621094,9.718649864196777,9.718649864196777,0
2022-12-15 00:00:00+00:00,9.720080375671387,9.732769966125488,9.717249870300293,9.724749565124512,9.724749565124512,0
2022-12-15 01:00:00+00:00,9.724749565124512,9.767959594726562,9.722780227661133,9.761340141296387,9.761340141296387,0
2022-12-15 02:00:00+00:00,9.761289596557617,9.778590202331543,9.755450248718262,9.769020080566406,9.769020080566406,0
2022-12-15 03:00:00+00:00,9.769000053405762,9.774140357971191,9.75177001953125,9.757399559020996,9.757399559020996,0
2022-12-15 04:00:00+00:00,9.755330085754395,9.772520065307617,9.751629829406738,9.767939567565918,9.767939567565918,0
2022-12-15 05:00:00+00:00,9.770299911499023,9.778670310974121,9.758390426635742,9.763899803161621,9.763899803161621,0
2022-12-15 06:00:00+00:00,9.763230323791504,9.76830005645752,9.755559921264648,9.762720108032227,9.762720108032227,0
2022-12-15 07:00:00+00:00,9.762530326843262,9.791060447692871,9.7606201171875,9.786689758300781,9.786689758300781,0
2022-12-15 08:00:00+00:00,9.78635025024414,9.838749885559082,9.778300285339355,9.8302001953125,9.8302001953125,0
2022-12-15 09:00:00+00:00,9.83119010925293,9.844120025634766,9.796899795532227,9.80685043334961,9.80685043334961,0
2022-12-15 10:00:00+00:00,9.807299613952637,9.827190399169922,9.798199653625488,9.809249877929688,9.809249877929688,0
2022-12-15 11:00:00+00:00,9.810230255126953,9.8118896484375,9.770999908447266,9.77692985534668,9.77692985534668,0
2022-12-15 12:00:00+00:00,9.777079582214355,9.810480117797852,9.776000022888184,9.791560173034668,9.791560173034668,0
2022-12-15 13:00:00+00:00,9.791589736938477,9.80364990234375,9.760140419006348,9.779959678649902,9.779959678649902,0
2022-12-15 14:00:00+00:00,9.78262996673584,9.78600025177002,9.721739768981934,9.776009559631348,9.776009559631348,0
2022-12-15 15:00:00+00:00,9.776009559631348,9.873559951782227,9.769800186157227,9.837240219116211,9.837240219116211,0
2022-12-15 16:00:00+00:00,9.83650016784668,9.861160278320312,9.827099800109863,9.851730346679688,9.851730346679688,0
2022-12-15 17:00:00+00:00,9.851750373840332,9.892219543457031,9.846699714660645,9.88949966430664,9.88949966430664,0
2022-12-15 18:00:00+00:00,9.889840126037598,9.900300025939941,9.862199783325195,9.867569923400879,9.867569923400879,0
2022-12-15 19:00:00+00:00,9.867569923400879,9.877510070800781,9.850850105285645,9.859990119934082,9.859990119934082,0
2022-12-15 20:00:00+00:00,9.860819816589355,9.870479583740234,9.8512601852417,9.866939544677734,9.866939544677734,0
2022-12-15 21:00:00+00:00,9.865850448608398,9.875450134277344,9.85219955444336,9.863100051879883,9.863100051879883,0
2022-12-15 22:00:00+00:00,9.865850448608398,9.86769962310791,9.847140312194824,9.847270011901855,9.847270011901855,0
2022-12-15 23:00:00+00:00,9.846409797668457,9.864459991455078,9.838279724121094,9.84928035736084,9.84928035736084,0
2022-12-16 00:00:00+00:00,9.849149703979492,9.857629776000977,9.842300415039062,9.852230072021484,9.852230072021484,0
2022-12-16 01:00:00+00:00,9.852800369262695,9.853300094604492,9.829099655151367,9.838859558105469,9.838859558105469,0
2022-12-16 02:00:00+00:00,9.838500022888184,9.840399742126465,9.803299903869629,9.821539878845215,9.821539878845215,0
2022-12-16 03:00:00+00:00,9.821640014648438,9.83489990234375,9.818349838256836,9.83041000366211,9.83041000366211,0
2022-12-16 04:00:00+00:00,9.829050064086914,9.838899612426758,9.825300216674805,9.835419654846191,9.835419654846191,0
2022-12-16 05:00:00+00:00,9.835519790649414,9.840299606323242,9.827779769897461,9.833000183105469,9.833000183105469,0
2022-12-16 06:00:00+00:00,9.832070350646973,9.836259841918945,9.820110321044922,9.82411003112793,9.82411003112793,0
2022-12-16 07:00:00+00:00,9.825550079345703,9.881999969482422,9.822030067443848,9.879960060119629,9.879960060119629,0
2022-12-16 08:00:00+00:00,9.878990173339844,9.880990028381348,9.84160041809082,9.849220275878906,9.849220275878906,0
2022-12-16 09:00:00+00:00,9.847359657287598,9.910590171813965,9.845649719238281,9.906330108642578,9.906330108642578,0
2022-12-16 10:00:00+00:00,9.907719612121582,9.91096019744873,9.871700286865234,9.880590438842773,9.880590438842773,0
2022-12-16 11:00:00+00:00,9.88070011138916,9.885649681091309,9.853960037231445,9.859910011291504,9.859910011291504,0
2022-12-16 12:00:00+00:00,9.860469818115234,9.87714958190918,9.854299545288086,9.858030319213867,9.858030319213867,0
2022-12-16 13:00:00+00:00,9.858030319213867,9.878939628601074,9.85420036315918,9.861390113830566,9.861390113830566,0
2022-12-16 14:00:00+00:00,9.86161994934082,9.8951997756958,9.841489791870117,9.856329917907715,9.856329917907715,0
2022-12-16 15:00:00+00:00,9.856650352478027,9.915189743041992,9.853699684143066,9.906330108642578,9.906330108642578,0
2022-12-16 16:00:00+00:00,9.906909942626953,9.913459777832031,9.892450332641602,9.902739524841309,9.902739524841309,0
2022-12-16 17:00:00+00:00,9.903300285339355,9.90785026550293,9.883099555969238,9.902939796447754,9.902939796447754,0
2022-12-16 18:00:00+00:00,9.903739929199219,9.90604019165039,9.880900382995605,9.88638973236084,9.88638973236084,0
2022-12-16 19:00:00+00:00,9.885899543762207,9.903349876403809,9.882499694824219,9.896380424499512,9.896380424499512,0
2022-12-16 20:00:00+00:00,9.8960599899292,9.900799751281738,9.87738037109375,9.88936996459961,9.88936996459961,0
2022-12-16 21:00:00+00:00,9.889430046081543,9.897310256958008,9.881999969482422,9.887120246887207,9.887120246887207,0
2022-12-16 22:00:00+00:00,9.890600204467773,9.890600204467773,9.890600204467773,9.890600204467773,9.890600204467773,0
2022-12-19 00:00:00+00:00,9.877820014953613,9.889200210571289,9.861949920654297,9.866230010986328,9.866230010986328,0
2022-12-19 01:00:00+00:00,9.864649772644043,9.870519638061523,9.843029975891113,9.845660209655762,9.845660209655762,0
2022-12-19 02:00:00+00:00,9.844989776611328,9.8654203414917,9.835029602050781,9.85949993133545,9.85949993133545,0
2022-12-19 03:00:00+00:00,9.857210159301758,9.871020317077637,9.852709770202637,9.860730171203613,9.860730171203613,0
2022-12-19 04:00:00+00:00,9.860730171203613,9.866470336914062,9.856650352478027,9.86376953125,9.86376953125,0
2022-12-19 05:00:00+00:00,9.864009857177734,9.872489929199219,9.860150337219238,9.867219924926758,9.867219924926758,0
2022-12-19 06:00:00+00:00,9.86732006072998,9.872520446777344,9.857749938964844,9.867449760437012,9.867449760437012,0
2022-12-19 07:00:00+00:00,9.867449760437012,9.880709648132324,9.853699684143066,9.877269744873047,9.877269744873047,0
2022-12-19 08:00:00+00:00,9.878100395202637,9.878290176391602,9.821709632873535,9.82466983795166,9.82466983795166,0
2022-12-19 09:00:00+00:00,9.824379920959473,9.864640235900879,9.813199996948242,9.862870216369629,9.862870216369629,0
2022-12-19 10:00:00+00:00,9.862879753112793,9.87932014465332,9.84529972076416,9.878979682922363,9.878979682922363,0
2022-12-19 11:00:00+00:00,9.878290176391602,9.903559684753418,9.873800277709961,9.901260375976562,9.901260375976562,0
2022-12-19 12:00:00+00:00,9.902009963989258,9.904990196228027,9.88659954071045,9.897760391235352,9.897760391235352,0
2022-12-19 13:00:00+00:00,9.897100448608398,9.913269996643066,9.896430015563965,9.901450157165527,9.901450157165527,0
2022-12-19 14:00:00+00:00,9.901240348815918,9.912039756774902,9.893799781799316,9.905010223388672,9.905010223388672,0
2022-12-19 15:00:00+00:00,9.905929565429688,9.947660446166992,9.892250061035156,9.937749862670898,9.937749862670898,0
2022-12-19 16:00:00+00:00,9.937760353088379,9.944450378417969,9.880829811096191,9.887900352478027,9.887900352478027,0
2022-12-19 17:00:00+00:00,9.889570236206055,9.893070220947266,9.87399959564209,9.88290023803711,9.88290023803711,0
2022-12-19 18:00:00+00:00,9.882760047912598,9.904000282287598,9.880459785461426,9.900650024414062,9.900650024414062,0
2022-12-19 19:00:00+00:00,9.90231990814209,9.921890258789062,9.896900177001953,9.914380073547363,9.914380073547363,0
2022-12-19 20:00:00+00:00,9.91448974609375,9.922300338745117,9.903900146484375,9.904250144958496,9.904250144958496,0
2022-12-19 21:00:00+00:00,9.904529571533203,9.914899826049805,9.884960174560547,9.898209571838379,9.898209571838379,0
2022-12-19 22:00:00+00:00,9.903070449829102,9.906570434570312,9.892999649047852,9.901200294494629,9.901200294494629,0
2022-12-19 23:00:00+00:00,9.899800300598145,9.902700424194336,9.879199981689453,9.895050048828125,9.895050048828125,0
2022-12-20 00:00:00+00:00,9.894920349121094,9.91569995880127,9.89210033416748,9.91137981414795,9.91137981414795,0
2022-12-20 01:00:00+00:00,9.911319732666016,9.913129806518555,9.896200180053711,9.900360107421875,9.900360107421875,0
2022-12-20 02:00:00+00:00,9.900440216064453,9.907719612121582,9.88683032989502,9.893950462341309,9.893950462341309,0
2022-12-20 03:00:00+00:00,9.890290260314941,9.93472957611084,9.847829818725586,9.929730415344238,9.929730415344238,0
2022-12-20 04:00:00+00:00,9.92870044708252,9.931730270385742,9.91254997253418,9.922280311584473,9.922280311584473,0
2022-12-20 05:00:00+00:00,9.920999526977539,9.95818042755127,9.915550231933594,9.950920104980469,9.950920104980469,0
2022-12-20 06:00:00+00:00,9.950909614562988,9.954999923706055,9.920999526977539,9.927419662475586,9.927419662475586,0
2022-12-20 07:00:00+00:00,9.927740097045898,9.93235969543457,9.908349990844727,9.926349639892578,9.926349639892578,0
2022-12-20 08:00:00+00:00,9.927339553833008,9.929670333862305,9.86870002746582,9.873169898986816,9.873169898986816,0
2022-12-20 09:00:00+00:00,9.871760368347168,9.893600463867188,9.855250358581543,9.858309745788574,9.858309745788574,0
2022-12-20 10:00:00+00:00,9.857600212097168,9.877180099487305,9.849200248718262,9.859270095825195,9.859270095825195,0
2022-12-20 11:00:00+00:00,9.859359741210938,9.86886978149414,9.840399742126465,9.848230361938477,9.848230361938477,0
2022-12-20 12:00:00+00:00,9.848770141601562,9.90546989440918,9.847399711608887,9.899649620056152,9.899649620056152,0
2022-12-20 13:00:00+00:00,9.899149894714355,9.920310020446777,9.890359878540039,9.897930145263672,9.897930145263672,0
2022-12-20 14:00:00+00:00,9.897919654846191,9.929280281066895,9.883199691772461,9.885600090026855,9.885600090026855,0
2022-12-20 15:00:00+00:00,9.885560035705566,9.89463996887207,9.866900444030762,9.887590408325195,9.887590408325195,0
2022-12-20 16:00:00+00:00,9.88694953918457,9.918100357055664,9.88539981842041,9.892780303955078,9.892780303955078,0
2022-12-20 17:00:00+00:00,9.89214038848877,9.92138957977295,9.887009620666504,9.905619621276855,9.905619621276855,0
2022-12-20 18:00:00+00:00,9.905619621276855,9.911250114440918,9.888099670410156,9.900670051574707,9.900670051574707,0
2022-12-20 19:00:00+00:00,9.900629997253418,9.908249855041504,9.889229774475098,9.891500473022461,9.891500473022461,0
2022-12-20 20:00:00+00:00,9.891799926757812,9.904560089111328,9.886039733886719,9.895990371704102,9.895990371704102,0
2022-12-20 21:00:00+00:00,9.895859718322754,9.898900032043457,9.859299659729004,9.87720012664795,9.87720012664795,0
2022-12-20 22:00:00+00:00,9.875100135803223,9.878910064697266,9.861109733581543,9.875699996948242,9.875699996948242,0
2022-12-20 23:00:00+00:00,9.87559986114502,9.881270408630371,9.861289978027344,9.867939949035645,9.867939949035645,0
2022-12-21 00:00:00+00:00,9.866570472717285,9.880610466003418,9.864540100097656,9.876049995422363,9.876049995422363,0
2022-12-21 01:00:00+00:00,9.876399993896484,9.88479995727539,9.85657024383545,9.873820304870605,9.873820304870605,0
2022-12-21 02:00:00+00:00,9.873780250549316,9.886619567871094,9.863860130310059,9.883230209350586,9.883230209350586,0
2022-12-21 03:00:00+00:00,9.886090278625488,9.889619827270508,9.87539005279541,9.884900093078613,9.884900093078613,0
2022-12-21 04:00:00+00:00,9.882719993591309,9.892629623413086,9.879599571228027,9.887720108032227,9.887720108032227,0
2022-12-21 05:00:00+00:00,9.886969566345215,9.890290260314941,9.880069732666016,9.881139755249023,9.881139755249023,0
2022-12-21 06:00:00+00:00,9.880200386047363,9.903719902038574,9.878620147705078,9.896829605102539,9.896829605102539,0
2022-12-21 07:00:00+00:00,9.897259712219238,9.902680397033691,9.860349655151367,9.865169525146484,9.865169525146484,0
2022-12-21 08:00:00+00:00,9.867019653320312,9.88877010345459,9.85636043548584,9.862640380859375,9.862640380859375,0
2022-12-21 09:00:00+00:00,9.864259719848633,9.876420021057129,9.857199668884277,9.862310409545898,9.862310409545898,0
2022-12-21 10:00:00+00:00,9.860810279846191,9.863059997558594,9.822699546813965,9.844900131225586,9.844900131225586,0
2022-12-21 11:00:00+00:00,9.843299865722656,9.850950241088867,9.819600105285645,9.834210395812988,9.834210395812988,0
2022-12-21 12:00:00+00:00,9.835089683532715,9.83512020111084,9.805100440979004,9.808440208435059,9.808440208435059,0
2022-12-21 13:00:00+00:00,9.809639930725098,9.814820289611816,9.782299995422363,9.803509712219238,9.803509712219238,0
2022-12-21 14:00:00+00:00,9.803500175476074,9.850970268249512,9.802450180053711,9.847840309143066,9.847840309143066,0
2022-12-21 15:00:00+00:00,9.848699569702148,9.861160278320312,9.81779956817627,9.83860969543457,9.83860969543457,0
2022-12-21 16:00:00+00:00,9.838729858398438,9.8641996383667,9.8302001953125,9.860199928283691,9.860199928283691,0
2022-12-21 17:00:00+00:00,9.859100341796875,9.865189552307129,9.832200050354004,9.839449882507324,9.839449882507324,0
2022-12-21 18:00:00+00:00,9.838250160217285,9.855500221252441,9.828390121459961,9.831040382385254,9.831040382385254,0
2022-12-21 19:00:00+00:00,9.831210136413574,9.837430000305176,9.812100410461426,9.827910423278809,9.827910423278809,0
2022-12-21 20:00:00+00:00,9.82744026184082,9.83413028717041,9.818750381469727,9.830109596252441,9.830109596252441,0
2022-12-21 21:00:00+00:00,9.829549789428711,9.837909698486328,9.824649810791016,9.829059600830078,9.829059600830078,0
2022-12-21 22:00:00+00:00,9.829520225524902,9.835100173950195,9.82738971710205,9.828869819641113,9.828869819641113,0
2022-12-21 23:00:00+00:00,9.828439712524414,9.838029861450195,9.822239875793457,9.827139854431152,9.827139854431152,0
2022-12-22 00:00:00+00:00,9.827790260314941,9.837969779968262,9.807149887084961,9.813249588012695,9.813249588012695,0
2022-12-22 01:00:00+00:00,9.812999725341797,9.820850372314453,9.800100326538086,9.808059692382812,9.808059692382812,0
2022-12-22 02:00:00+00:00,9.808050155639648,9.821419715881348,9.804800033569336,9.812540054321289,9.812540054321289,0
2022-12-22 03:00:00+00:00,9.812520027160645,9.8129301071167,9.793129920959473,9.795820236206055,9.795820236206055,0
2022-12-22 04:00:00+00:00,9.796699523925781,9.803999900817871,9.791899681091309,9.793990135192871,9.793990135192871,0
2022-12-22 05:00:00+00:00,9.793990135192871,9.798199653625488,9.790550231933594,9.795069694519043,9.795069694519043,0
2022-12-22 06:00:00+00:00,9.793999671936035,9.801730155944824,9.785650253295898,9.79541015625,9.79541015625,0
2022-12-22 07:00:00+00:00,9.796199798583984,9.809479713439941,9.780699729919434,9.784629821777344,9.784629821777344,0
2022-12-22 08:00:00+00:00,9.784799575805664,9.788740158081055,9.759599685668945,9.776399612426758,9.776399612426758,0
2022-12-22 09:00:00+00:00,9.776399612426758,9.782039642333984,9.74429988861084,9.75100040435791,9.75100040435791,0
2022-12-22 10:00:00+00:00,9.751749992370605,9.77929973602295,9.749099731445312,9.771519660949707,9.771519660949707,0
2022-12-22 11:00:00+00:00,9.771519660949707,9.793069839477539,9.768799781799316,9.789560317993164,9.789560317993164,0
2022-12-22 12:00:00+00:00,9.789440155029297,9.793330192565918,9.767000198364258,9.774399757385254,9.774399757385254,0
2022-12-22 13:00:00+00:00,9.77610969543457,9.83551025390625,9.77299976348877,9.8233003616333,9.8233003616333,0
2022-12-22 14:00:00+00:00,9.824379920959473,9.864899635314941,9.816100120544434,9.838470458984375,9.838470458984375,0
2022-12-22 15:00:00+00:00,9.838470458984375,9.872920036315918,9.83572006225586,9.86555004119873,9.86555004119873,0
2022-12-22 16:00:00+00:00,9.86620044708252,9.884849548339844,9.860790252685547,9.876660346984863,9.876660346984863,0
2022-12-22 17:00:00+00:00,9.875900268554688,9.892399787902832,9.874699592590332,9.891050338745117,9.891050338745117,0
2022-12-22 18:00:00+00:00,9.891059875488281,9.902739524841309,9.887100219726562,9.896039962768555,9.896039962768555,0
2022-12-22 19:00:00+00:00,9.895549774169922,9.898980140686035,9.873800277709961,9.879599571228027,9.879599571228027,0
2022-12-22 20:00:00+00:00,9.879819869995117,9.882369995117188,9.856399536132812,9.870109558105469,9.870109558105469,0
2022-12-22 21:00:00+00:00,9.869290351867676,9.879639625549316,9.862290382385254,9.874799728393555,9.874799728393555,0
2022-12-22 22:00:00+00:00,9.875699996948242,9.877449989318848,9.869549751281738,9.877449989318848,9.877449989318848,0
2022-12-22 23:00:00+00:00,9.874839782714844,9.876779556274414,9.86340045928955,9.869239807128906,9.869239807128906,0
2022-12-23 00:00:00+00:00,9.87047004699707,9.896010398864746,9.858349800109863,9.88623046875,9.88623046875,0
2022-12-23 01:00:00+00:00,9.88623046875,9.899020195007324,9.856630325317383,9.860989570617676,9.860989570617676,0
2022-12-23 02:00:00+00:00,9.858449935913086,9.863829612731934,9.848250389099121,9.860719680786133,9.860719680786133,0
2022-12-23 03:00:00+00:00,9.861490249633789,9.864800453186035,9.850500106811523,9.864469528198242,9.864469528198242,0
2022-12-23 04:00:00+00:00,9.864450454711914,9.866089820861816,9.852950096130371,9.862730026245117,9.862730026245117,0
2022-12-23 05:00:00+00:00,9.862709999084473,9.866620063781738,9.850689888000488,9.859020233154297,9.859020233154297,0
2022-12-23 06:00:00+00:00,9.85949993133545,9.863340377807617,9.852100372314453,9.85912036895752,9.85912036895752,0
2022-12-23 07:00:00+00:00,9.857099533081055,9.861029624938965,9.823349952697754,9.847160339355469,9.847160339355469,0
2022-12-23 08:00:00+00:00,9.846260070800781,9.885199546813965,9.83353042602539,9.859399795532227,9.859399795532227,0
2022-12-23 09:00:00+00:00,9.856900215148926,9.872980117797852,9.853400230407715,9.856650352478027,9.856650352478027,0
2022-12-23 10:00:00+00:00,9.857620239257812,9.858610153198242,9.817500114440918,9.827750205993652,9.827750205993652,0
2022-12-23 11:00:00+00:00,9.829500198364258,9.865900039672852,9.82390022277832,9.859649658203125,9.859649658203125,0
2022-12-23 12:00:00+00:00,9.860770225524902,9.87279987335205,9.84000015258789,9.844400405883789,9.844400405883789,0
2022-12-23 13:00:00+00:00,9.845100402832031,9.865799903869629,9.816729545593262,9.855560302734375,9.855560302734375,0
2022-12-23 14:00:00+00:00,9.857150077819824,9.91670036315918,9.847920417785645,9.901729583740234,9.901729583740234,0
2022-12-23 15:00:00+00:00,9.901729583740234,9.906789779663086,9.85200023651123,9.883689880371094,9.883689880371094,0
2022-12-23 16:00:00+00:00,9.88346004486084,9.888959884643555,9.86382007598877,9.869680404663086,9.869680404663086,0
2022-12-23 17:00:00+00:00,9.868929862976074,9.870409965515137,9.848090171813965,9.859919548034668,9.859919548034668,0
2022-12-23 18:00:00+00:00,9.85988998413086,9.88029956817627,9.857199668884277,9.877659797668457,9.877659797668457,0
2022-12-23 19:00:00+00:00,9.877670288085938,9.885009765625,9.86240005493164,9.865659713745117,9.865659713745117,0
2022-12-23 20:00:00+00:00,9.86719036102295,9.881420135498047,9.86340045928955,9.872209548950195,9.872209548950195,0
2022-12-23 21:00:00+00:00,9.872420310974121,9.880629539489746,9.8683500289917,9.872329711914062,9.872329711914062,0
2022-12-26 00:00:00+00:00,9.847000122070312,9.87559986114502,9.839099884033203,9.86989974975586,9.86989974975586,0
2022-12-26 01:00:00+00:00,9.87030029296875,9.870400428771973,9.860799789428711,9.866700172424316,9.866700172424316,0
2022-12-26 02:00:00+00:00,9.865249633789062,9.868200302124023,9.862199783325195,9.86359977722168,9.86359977722168,0
2022-12-26 03:00:00+00:00,9.86400032043457,9.86400032043457,9.855330467224121,9.862700462341309,9.862700462341309,0
2022-12-26 04:00:00+00:00,9.862099647521973,9.862299919128418,9.850950241088867,9.852370262145996,9.852370262145996,0
2022-12-26 05:00:00+00:00,9.852370262145996,9.860600471496582,9.849869728088379,9.851140022277832,9.851140022277832,0
2022-12-26 06:00:00+00:00,9.855199813842773,9.858799934387207,9.844400405883789,9.854599952697754,9.854599952697754,0
2022-12-26 07:00:00+00:00,9.848710060119629,9.855299949645996,9.847800254821777,9.853799819946289,9.853799819946289,0
2022-12-26 08:00:00+00:00,9.853899955749512,9.867239952087402,9.853799819946289,9.864800453186035,9.864800453186035,0
2022-12-26 09:00:00+00:00,9.865280151367188,9.86769962310791,9.855999946594238,9.863180160522461,9.863180160522461,0
2022-12-26 10:00:00+00:00,9.863180160522461,9.863759994506836,9.852089881896973,9.852089881896973,9.852089881896973,0
2022-12-26 11:00:00+00:00,9.85319995880127,9.855400085449219,9.84939956665039,9.853599548339844,9.853599548339844,0
2022-12-26 12:00:00+00:00,9.853899955749512,9.854999542236328,9.848099708557129,9.852399826049805,9.852399826049805,0
2022-12-26 13:00:00+00:00,9.851400375366211,9.853839874267578,9.843350410461426,9.850700378417969,9.850700378417969,0
2022-12-26 14:00:00+00:00,9.849800109863281,9.854640007019043,9.845399856567383,9.850500106811523,9.850500106811523,0
2022-12-26 15:00:00+00:00,9.851099967956543,9.856559753417969,9.845609664916992,9.847599983215332,9.847599983215332,0
2022-12-26 16:00:00+00:00,9.846830368041992,9.847700119018555,9.845600128173828,9.845999717712402,9.845999717712402,0
2022-12-26 17:00:00+00:00,9.837699890136719,9.84119987487793,9.837699890136719,9.84119987487793,9.84119987487793,0
2022-12-26 18:00:00+00:00,9.84220027923584,9.843199729919434,9.840700149536133,9.841899871826172,9.841899871826172,0
2022-12-26 19:00:00+00:00,9.842000007629395,9.850119590759277,9.841500282287598,9.84179973602295,9.84179973602295,0
2022-12-26 20:00:00+00:00,9.84766960144043,9.847689628601074,9.84766960144043,9.84768009185791,9.84768009185791,0
2022-12-26 21:00:00+00:00,9.84768009185791,9.847689628601074,9.840100288391113,9.840100288391113,9.840100288391113,0
2022-12-26 22:00:00+00:00,9.825719833374023,9.825719833374023,9.819160461425781,9.822669982910156,9.822669982910156,0
2022-12-27 00:00:00+00:00,9.82865047454834,9.83810043334961,9.818099975585938,9.825389862060547,9.825389862060547,0
2022-12-27 01:00:00+00:00,9.83395004272461,9.835820198059082,9.812049865722656,9.815139770507812,9.815139770507812,0
2022-12-27 02:00:00+00:00,9.813989639282227,9.827130317687988,9.803899765014648,9.822019577026367,9.822019577026367,0
2022-12-27 03:00:00+00:00,9.822019577026367,9.84412956237793,9.818440437316895,9.838210105895996,9.838210105895996,0
2022-12-27 04:00:00+00:00,9.837050437927246,9.839799880981445,9.827879905700684,9.832590103149414,9.832590103149414,0
2022-12-27 05:00:00+00:00,9.833600044250488,9.83611011505127,9.814929962158203,9.8220796585083,9.8220796585083,0
2022-12-27 06:00:00+00:00,9.81742000579834,9.827730178833008,9.81089973449707,9.818070411682129,9.818070411682129,0
2022-12-27 07:00:00+00:00,9.814920425415039,9.839920043945312,9.81056022644043,9.83650016784668,9.83650016784668,0
2022-12-27 08:00:00+00:00,9.836299896240234,9.839810371398926,9.816800117492676,9.821769714355469,9.821769714355469,0
2022-12-27 09:00:00+00:00,9.821649551391602,9.82507038116455,9.806830406188965,9.809269905090332,9.809269905090332,0
2022-12-27 10:00:00+00:00,9.809100151062012,9.819299697875977,9.790499687194824,9.800259590148926,9.800259590148926,0
2022-12-27 11:00:00+00:00,9.800040245056152,9.84473991394043,9.795900344848633,9.840700149536133,9.840700149536133,0
2022-12-27 12:00:00+00:00,9.842820167541504,9.864179611206055,9.834600448608398,9.860600471496582,9.860600471496582,0
2022-12-27 13:00:00+00:00,9.862420082092285,9.878299713134766,9.837800025939941,9.846429824829102,9.846429824829102,0
2022-12-27 14:00:00+00:00,9.846429824829102,9.872369766235352,9.822400093078613,9.829580307006836,9.829580307006836,0
2022-12-27 15:00:00+00:00,9.829549789428711,9.830880165100098,9.792799949645996,9.80836009979248,9.80836009979248,0
2022-12-27 16:00:00+00:00,9.808500289916992,9.81719970703125,9.797200202941895,9.811559677124023,9.811559677124023,0
2022-12-27 17:00:00+00:00,9.811670303344727,9.828399658203125,9.809639930725098,9.821789741516113,9.821789741516113,0
2022-12-27 18:00:00+00:00,9.821760177612305,9.825200080871582,9.810199737548828,9.815589904785156,9.815589904785156,0
2022-12-27 19:00:00+00:00,9.815589904785156,9.835490226745605,9.803199768066406,9.828660011291504,9.828660011291504,0
2022-12-27 20:00:00+00:00,9.828450202941895,9.829549789428711,9.817489624023438,9.820940017700195,9.820940017700195,0
2022-12-27 21:00:00+00:00,9.820850372314453,9.82229995727539,9.808819770812988,9.817700386047363,9.817700386047363,0
2022-12-27 22:00:00+00:00,9.818499565124512,9.818499565124512,9.813300132751465,9.814800262451172,9.814800262451172,0
2022-12-27 23:00:00+00:00,9.815299987792969,9.825200080871582,9.798910140991211,9.819709777832031,9.819709777832031,0
2022-12-28 00:00:00+00:00,9.821160316467285,9.835399627685547,9.81095027923584,9.827719688415527,9.827719688415527,0
2022-12-28 01:00:00+00:00,9.827719688415527,9.833100318908691,9.81410026550293,9.823060035705566,9.823060035705566,0
2022-12-28 02:00:00+00:00,9.823060035705566,9.831899642944336,9.820420265197754,9.830710411071777,9.830710411071777,0
2022-12-28 03:00:00+00:00,9.830260276794434,9.835700035095215,9.820380210876465,9.829400062561035,9.829400062561035,0
2022-12-28 04:00:00+00:00,9.83137035369873,9.836219787597656,9.819660186767578,9.825799942016602,9.825799942016602,0
2022-12-28 05:00:00+00:00,9.828359603881836,9.83059024810791,9.815999984741211,9.82190990447998,9.82190990447998,0
2022-12-28 06:00:00+00:00,9.823399543762207,9.82509994506836,9.809550285339355,9.82213020324707,9.82213020324707,0
2022-12-28 07:00:00+00:00,9.822919845581055,9.831089973449707,9.811599731445312,9.824780464172363,9.824780464172363,0
2022-12-28 08:00:00+00:00,9.823410034179688,9.862850189208984,9.80679988861084,9.8616304397583,9.8616304397583,0
2022-12-28 09:00:00+00:00,9.8616304397583,9.87677001953125,9.844499588012695,9.846650123596191,9.846650123596191,0
2022-12-28 10:00:00+00:00,9.846699714660645,9.851059913635254,9.814900398254395,9.827150344848633,9.827150344848633,0
2022-12-28 11:00:00+00:00,9.827159881591797,9.832050323486328,9.803500175476074,9.817620277404785,9.817620277404785,0
2022-12-28 12:00:00+00:00,9.816969871520996,9.825860023498535,9.802499771118164,9.820269584655762,9.820269584655762,0
2022-12-28 13:00:00+00:00,9.820269584655762,9.828080177307129,9.812700271606445,9.821590423583984,9.821590423583984,0
2022-12-28 14:00:00+00:00,9.821599960327148,9.82450008392334,9.772600173950195,9.80840015411377,9.80840015411377,0
2022-12-28 15:00:00+00:00,9.808850288391113,9.892800331115723,9.802229881286621,9.887909889221191,9.887909889221191,0
2022-12-28 16:00:00+00:00,9.888620376586914,9.896479606628418,9.87339973449707,9.88051986694336,9.88051986694336,0
2022-12-28 17:00:00+00:00,9.879929542541504,9.887920379638672,9.872699737548828,9.874250411987305,9.874250411987305,0
2022-12-28 18:00:00+00:00,9.87483024597168,9.894740104675293,9.864800453186035,9.893750190734863,9.893750190734863,0
2022-12-28 19:00:00+00:00,9.893759727478027,9.897600173950195,9.878499984741211,9.886659622192383,9.886659622192383,0
2022-12-28 20:00:00+00:00,9.88696002960205,9.90116024017334,9.886309623718262,9.89877986907959,9.89877986907959,0
2022-12-28 21:00:00+00:00,9.899169921875,9.903570175170898,9.885649681091309,9.889249801635742,9.889249801635742,0
2022-12-28 22:00:00+00:00,9.89054012298584,9.897199630737305,9.880590438842773,9.884750366210938,9.884750366210938,0
2022-12-28 23:00:00+00:00,9.884090423583984,9.891599655151367,9.872830390930176,9.878129959106445,9.878129959106445,0
2022-12-29 00:00:00+00:00,9.878910064697266,9.893110275268555,9.873950004577637,9.881210327148438,9.881210327148438,0
2022-12-29 01:00:00+00:00,9.881210327148438,9.890899658203125,9.877300262451172,9.888429641723633,9.888429641723633,0
2022-12-29 02:00:00+00:00,9.888540267944336,9.891429901123047,9.879199981689453,9.891019821166992,9.891019821166992,0
2022-12-29 03:00:00+00:00,9.890230178833008,9.895890235900879,9.882100105285645,9.883970260620117,9.883970260620117,0
2022-12-29 04:00:00+00:00,9.883970260620117,9.896039962768555,9.880889892578125,9.885390281677246,9.885390281677246,0
2022-12-29 05:00:00+00:00,9.884900093078613,9.888500213623047,9.878700256347656,9.883110046386719,9.883110046386719,0
2022-12-29 06:00:00+00:00,9.883099555969238,9.898799896240234,9.879059791564941,9.895000457763672,9.895000457763672,0
2022-12-29 07:00:00+00:00,9.895560264587402,9.916199684143066,9.889800071716309,9.903849601745605,9.903849601745605,0
2022-12-29 08:00:00+00:00,9.903550148010254,9.910499572753906,9.890430450439453,9.89955997467041,9.89955997467041,0
2022-12-29 09:00:00+00:00,9.899169921875,9.905500411987305,9.880900382995605,9.886659622192383,9.886659622192383,0
2022-12-29 10:00:00+00:00,9.886670112609863,9.917369842529297,9.886300086975098,9.896069526672363,9.896069526672363,0
2022-12-29 11:00:00+00:00,9.896069526672363,9.912039756774902,9.89486026763916,9.908559799194336,9.908559799194336,0
2022-12-29 12:00:00+00:00,9.908550262451172,9.913909912109375,9.889100074768066,9.908659934997559,9.908659934997559,0
2022-12-29 13:00:00+00:00,9.90785026550293,9.913419723510742,9.868800163269043,9.884050369262695,9.884050369262695,0
2022-12-29 14:00:00+00:00,9.88362979888916,9.901240348815918,9.856100082397461,9.881600379943848,9.881600379943848,0
2022-12-29 15:00:00+00:00,9.881600379943848,9.910799980163574,9.876700401306152,9.88346004486084,9.88346004486084,0
2022-12-29 16:00:00+00:00,9.884380340576172,9.899700164794922,9.859600067138672,9.870599746704102,9.870599746704102,0
2022-12-29 17:00:00+00:00,9.870180130004883,9.874930381774902,9.84589958190918,9.856849670410156,9.856849670410156,0
2022-12-29 18:00:00+00:00,9.856800079345703,9.880999565124512,9.855199813842773,9.876250267028809,9.876250267028809,0
2022-12-29 19:00:00+00:00,9.876150131225586,9.877309799194336,9.860699653625488,9.866559982299805,9.866559982299805,0
2022-12-29 20:00:00+00:00,9.867420196533203,9.883700370788574,9.862799644470215,9.87633991241455,9.87633991241455,0
2022-12-29 21:00:00+00:00,9.875249862670898,9.890299797058105,9.867199897766113,9.880399703979492,9.880399703979492,0
2022-12-29 22:00:00+00:00,9.88306999206543,9.88306999206543,9.877300262451172,9.881999969482422,9.881999969482422,0
2022-12-29 23:00:00+00:00,9.882399559020996,9.889599800109863,9.878199577331543,9.88379955291748,9.88379955291748,0
2022-12-30 00:00:00+00:00,9.883199691772461,9.896400451660156,9.86946964263916,9.889730453491211,9.889730453491211,0
2022-12-30 01:00:00+00:00,9.889450073242188,9.902899742126465,9.88029956817627,9.88871955871582,9.88871955871582,0
2022-12-30 02:00:00+00:00,9.88871955871582,9.89490032196045,9.884099960327148,9.889300346374512,9.889300346374512,0
2022-12-30 03:00:00+00:00,9.887510299682617,9.89210033416748,9.879300117492676,9.889030456542969,9.889030456542969,0
2022-12-30 04:00:00+00:00,9.888190269470215,9.895299911499023,9.877360343933105,9.885330200195312,9.885330200195312,0
2022-12-30 05:00:00+00:00,9.885430335998535,9.90060043334961,9.878959655761719,9.896739959716797,9.896739959716797,0
2022-12-30 06:00:00+00:00,9.896240234375,9.903800010681152,9.888699531555176,9.893549919128418,9.893549919128418,0
2022-12-30 07:00:00+00:00,9.895899772644043,9.911800384521484,9.886619567871094,9.89622974395752,9.89622974395752,0
2022-12-30 08:00:00+00:00,9.897290229797363,9.900099754333496,9.848600387573242,9.861490249633789,9.861490249633789,0
2022-12-30 09:00:00+00:00,9.86106014251709,9.876250267028809,9.851699829101562,9.864359855651855,9.864359855651855,0
2022-12-30 10:00:00+00:00,9.865340232849121,9.867670059204102,9.838500022888184,9.846389770507812,9.846389770507812,0
2022-12-30 11:00:00+00:00,9.846559524536133,9.848970413208008,9.813699722290039,9.83646011352539,9.83646011352539,0
2022-12-30 12:00:00+00:00,9.83644962310791,9.85770034790039,9.824999809265137,9.854720115661621,9.854720115661621,0
2022-12-30 13:00:00+00:00,9.855019569396973,9.879799842834473,9.84060001373291,9.84967041015625,9.84967041015625,0
2022-12-30 14:00:00+00:00,9.849300384521484,9.857600212097168,9.807299613952637,9.83650016784668,9.83650016784668,0
2022-12-30 15:00:00+00:00,9.837249755859375,9.874420166015625,9.835009574890137,9.851539611816406,9.851539611816406,0
2022-12-30 16:00:00+00:00,9.851349830627441,9.856100082397461,9.83530044555664,9.839249610900879,9.839249610900879,0
2022-12-30 17:00:00+00:00,9.839099884033203,9.839449882507324,9.810700416564941,9.812660217285156,9.812660217285156,0
2022-12-30 18:00:00+00:00,9.811429977416992,9.832500457763672,9.807999610900879,9.825420379638672,9.825420379638672,0
2022-12-30 19:00:00+00:00,9.825300216674805,9.836799621582031,9.790670394897461,9.818309783935547,9.818309783935547,0
2022-12-30 20:00:00+00:00,9.817159652709961,9.825400352478027,9.772339820861816,9.789779663085938,9.789779663085938,0
2022-12-30 21:00:00+00:00,9.788350105285645,9.861339569091797,9.74647045135498,9.798890113830566,9.798890113830566,0
2022-12-30 22:00:00+00:00,9.79800033569336,9.79800033569336,9.79800033569336,9.79800033569336,9.79800033569336,0
2022-12-30 23:00:00+00:00,9.79800033569336,9.79800033569336,9.79800033569336,9.79800033569336,9.79800033569336,0
2023-01-02 00:00:00+00:00,9.797599792480469,9.804499626159668,9.794500350952148,9.794699668884277,9.794699668884277,0
2023-01-02 01:00:00+00:00,9.794300079345703,9.802200317382812,9.79419994354248,9.802200317382812,9.802200317382812,0
2023-01-02 02:00:00+00:00,9.802599906921387,9.802800178527832,9.785400390625,9.785400390625,9.785400390625,0
2023-01-02 03:00:00+00:00,9.8056001663208,9.805800437927246,9.804699897766113,9.805399894714355,9.805399894714355,0
2023-01-02 04:00:00+00:00,9.810199737548828,9.810199737548828,9.810199737548828,9.810199737548828,9.810199737548828,0
2023-01-02 05:00:00+00:00,9.811200141906738,9.8149995803833,9.811200141906738,9.814499855041504,9.814499855041504,0
2023-01-02 06:00:00+00:00,9.813400268554688,9.81659984588623,9.812000274658203,9.816200256347656,9.816200256347656,0
2023-01-02 07:00:00+00:00,9.815899848937988,9.850390434265137,9.815899848937988,9.843669891357422,9.843669891357422,0
2023-01-02 08:00:00+00:00,9.843720436096191,9.866499900817871,9.82748031616211,9.851189613342285,9.851189613342285,0
2023-01-02 09:00:00+00:00,9.84885025024414,9.85886001586914,9.832489967346191,9.845629692077637,9.845629692077637,0
2023-01-02 10:00:00+00:00,9.847029685974121,9.85282039642334,9.828049659729004,9.837019920349121,9.837019920349121,0
2023-01-02 11:00:00+00:00,9.836230278015137,9.844099998474121,9.806550025939941,9.817540168762207,9.817540168762207,0
2023-01-02 12:00:00+00:00,9.81952953338623,9.850709915161133,9.813130378723145,9.839229583740234,9.839229583740234,0
2023-01-02 13:00:00+00:00,9.839229583740234,9.849510192871094,9.831549644470215,9.845829963684082,9.845829963684082,0
2023-01-02 14:00:00+00:00,9.845829963684082,9.867830276489258,9.84103012084961,9.865249633789062,9.865249633789062,0
2023-01-02 15:00:00+00:00,9.8639497756958,9.873570442199707,9.856249809265137,9.872429847717285,9.872429847717285,0
2023-01-02 16:00:00+00:00,9.865429878234863,9.883999824523926,9.8539400100708,9.874309539794922,9.874309539794922,0
2023-01-02 17:00:00+00:00,9.874300003051758,9.87440013885498,9.850350379943848,9.870699882507324,9.870699882507324,0
2023-01-02 18:00:00+00:00,9.870100021362305,9.87382984161377,9.86299991607666,9.86870002746582,9.86870002746582,0
2023-01-02 19:00:00+00:00,9.868800163269043,9.874600410461426,9.854999542236328,9.864800453186035,9.864800453186035,0
2023-01-02 20:00:00+00:00,9.865500450134277,9.866700172424316,9.845999717712402,9.8572998046875,9.8572998046875,0
2023-01-02 21:00:00+00:00,9.846799850463867,9.864500045776367,9.844099998474121,9.858799934387207,9.858799934387207,0
2023-01-02 22:00:00+00:00,9.857000350952148,9.864899635314941,9.847550392150879,9.858699798583984,9.858699798583984,0
2023-01-02 23:00:00+00:00,9.858499526977539,9.87339973449707,9.836549758911133,9.84199047088623,9.84199047088623,0
2023-01-03 00:00:00+00:00,9.848990440368652,9.86089038848877,9.839500427246094,9.855620384216309,9.855620384216309,0
2023-01-03 01:00:00+00:00,9.854100227355957,9.888799667358398,9.850899696350098,9.873800277709961,9.873800277709961,0
2023-01-03 02:00:00+00:00,9.870820045471191,9.882800102233887,9.843899726867676,9.849220275878906,9.849220275878906,0
2023-01-03 03:00:00+00:00,9.848250389099121,9.854100227355957,9.839889526367188,9.844149589538574,9.844149589538574,0
2023-01-03 04:00:00+00:00,9.844220161437988,9.848899841308594,9.82666015625,9.847419738769531,9.847419738769531,0
2023-01-03 05:00:00+00:00,9.846839904785156,9.868200302124023,9.838299751281738,9.856389999389648,9.856389999389648,0
2023-01-03 06:00:00+00:00,9.856220245361328,9.865599632263184,9.847649574279785,9.8577299118042,9.8577299118042,0
2023-01-03 07:00:00+00:00,9.858320236206055,9.867300033569336,9.824049949645996,9.851739883422852,9.851739883422852,0
2023-01-03 08:00:00+00:00,9.851189613342285,9.934599876403809,9.836990356445312,9.925470352172852,9.925470352172852,0
2023-01-03 09:00:00+00:00,9.925049781799316,9.952540397644043,9.910900115966797,9.93002986907959,9.93002986907959,0
2023-01-03 10:00:00+00:00,9.930789947509766,9.953390121459961,9.923649787902832,9.9476900100708,9.9476900100708,0
2023-01-03 11:00:00+00:00,9.94834041595459,9.972869873046875,9.940299987792969,9.971770286560059,9.971770286560059,0
2023-01-03 12:00:00+00:00,9.971610069274902,9.990320205688477,9.962900161743164,9.98976993560791,9.98976993560791,0
2023-01-03 13:00:00+00:00,9.987250328063965,9.997579574584961,9.958399772644043,9.976149559020996,9.976149559020996,0
2023-01-03 14:00:00+00:00,9.975000381469727,9.983420372009277,9.928009986877441,9.966959953308105,9.966959953308105,0
2023-01-03 15:00:00+00:00,9.965929985046387,10.043379783630371,9.958000183105469,10.040349960327148,10.040349960327148,0
2023-01-03 16:00:00+00:00,10.039199829101562,10.093999862670898,10.026900291442871,10.063240051269531,10.063240051269531,0
2023-01-03 17:00:00+00:00,10.06365966796875,10.077469825744629,10.04800033569336,10.065010070800781,10.065010070800781,0
2023-01-03 18:00:00+00:00,10.064749717712402,10.088000297546387,10.058300018310547,10.0614595413208,10.0614595413208,0
2023-01-03 19:00:00+00:00,10.061280250549316,10.079970359802246,10.056360244750977,10.056670188903809,10.056670188903809,0
2023-01-03 20:00:00+00:00,10.057840347290039,10.084659576416016,10.054900169372559,10.081299781799316,10.081299781799316,0
2023-01-03 21:00:00+00:00,10.084360122680664,10.085829734802246,10.071399688720703,10.078240394592285,10.078240394592285,0
2023-01-03 22:00:00+00:00,10.081999778747559,10.086700439453125,10.069990158081055,10.079959869384766,10.079959869384766,0
2023-01-03 23:00:00+00:00,10.080329895019531,10.093999862670898,10.072440147399902,10.08899974822998,10.08899974822998,0
2023-01-04 00:00:00+00:00,10.085729598999023,10.089500427246094,10.06863021850586,10.072569847106934,10.072569847106934,0
2023-01-04 01:00:00+00:00,10.072400093078613,10.073699951171875,10.056300163269043,10.06173038482666,10.06173038482666,0
2023-01-04 02:00:00+00:00,10.061200141906738,10.065400123596191,10.053799629211426,10.062259674072266,10.062259674072266,0
2023-01-04 03:00:00+00:00,10.062199592590332,10.062820434570312,10.052499771118164,10.054949760437012,10.054949760437012,0
2023-01-04 04:00:00+00:00,10.054949760437012,10.058699607849121,10.037500381469727,10.038599967956543,10.038599967956543,0
2023-01-04 05:00:00+00:00,10.038920402526855,10.05049991607666,10.02810001373291,10.037400245666504,10.037400245666504,0
2023-01-04 06:00:00+00:00,10.039050102233887,10.048999786376953,10.030900001525879,10.035200119018555,10.035200119018555,0
2023-01-04 07:00:00+00:00,10.03600025177002,10.039299964904785,9.995590209960938,10.007729530334473,10.007729530334473,0
2023-01-04 08:00:00+00:00,10.007049560546875,10.026169776916504,9.969630241394043,10.024749755859375,10.024749755859375,0
2023-01-04 09:00:00+00:00,10.023699760437012,10.07450008392334,10.017399787902832,10.073989868164062,10.073989868164062,0
2023-01-04 10:00:00+00:00,10.07334041595459,10.08234977722168,10.032699584960938,10.039299964904785,10.039299964904785,0
2023-01-04 11:00:00+00:00,10.041640281677246,10.09197998046875,10.038399696350098,10.088700294494629,10.088700294494629,0
2023-01-04 12:00:00+00:00,10.090900421142578,10.114270210266113,10.087300300598145,10.11050033569336,10.11050033569336,0
2023-01-04 13:00:00+00:00,10.113300323486328,10.139089584350586,10.090700149536133,10.096949577331543,10.096949577331543,0
2023-01-04 14:00:00+00:00,10.09630012512207,10.126640319824219,10.093099594116211,10.103949546813965,10.103949546813965,0
2023-01-04 15:00:00+00:00,10.104220390319824,10.143340110778809,10.089099884033203,10.092619895935059,10.092619895935059,0
2023-01-04 16:00:00+00:00,10.092920303344727,10.10534954071045,10.057829856872559,10.066510200500488,10.066510200500488,0
2023-01-04 17:00:00+00:00,10.066499710083008,10.079469680786133,10.054900169372559,10.075650215148926,10.075650215148926,0
2023-01-04 18:00:00+00:00,10.0760498046875,10.097299575805664,10.065799713134766,10.088529586791992,10.088529586791992,0
2023-01-04 19:00:00+00:00,10.089750289916992,10.11398983001709,10.069649696350098,10.0903902053833,10.0903902053833,0
2023-01-04 20:00:00+00:00,10.089940071105957,10.097700119018555,10.080499649047852,10.085860252380371,10.085860252380371,0
2023-01-04 21:00:00+00:00,10.087300300598145,10.094300270080566,10.075519561767578,10.081899642944336,10.081899642944336,0
2023-01-04 22:00:00+00:00,10.082099914550781,10.084799766540527,10.078100204467773,10.078900337219238,10.078900337219238,0
2023-01-04 23:00:00+00:00,10.079899787902832,10.089500427246094,10.072449684143066,10.085729598999023,10.085729598999023,0
2023-01-05 00:00:00+00:00,10.08372974395752,10.096489906311035,10.067950248718262,10.073800086975098,10.073800086975098,0
2023-01-05 01:00:00+00:00,10.073180198669434,10.084699630737305,10.068400382995605,10.075570106506348,10.075570106506348,0
2023-01-05 02:00:00+00:00,10.075579643249512,10.1014404296875,10.072799682617188,10.08823013305664,10.08823013305664,0
2023-01-05 03:00:00+00:00,10.088500022888184,10.105520248413086,10.077960014343262,10.104499816894531,10.104499816894531,0
2023-01-05 04:00:00+00:00,10.104909896850586,10.10536003112793,10.09253978729248,10.094059944152832,10.094059944152832,0
2023-01-05 05:00:00+00:00,10.095660209655762,10.100099563598633,10.078749656677246,10.083959579467773,10.083959579467773,0
2023-01-05 06:00:00+00:00,10.083999633789062,10.111100196838379,10.06820011138916,10.107399940490723,10.107399940490723,0
2023-01-05 07:00:00+00:00,10.107950210571289,10.141599655151367,10.097599983215332,10.116140365600586,10.116140365600586,0
2023-01-05 08:00:00+00:00,10.116620063781738,10.121150016784668,10.064550399780273,10.069299697875977,10.069299697875977,0
2023-01-05 09:00:00+00:00,10.068470001220703,10.083999633789062,10.041199684143066,10.053000450134277,10.053000450134277,0
2023-01-05 10:00:00+00:00,10.054450035095215,10.074729919433594,10.046199798583984,10.067290306091309,10.067290306091309,0
2023-01-05 11:00:00+00:00,10.06686019897461,10.085419654846191,10.062199592590332,10.083239555358887,10.083239555358887,0
2023-01-05 12:00:00+00:00,10.083439826965332,10.108019828796387,10.074199676513672,10.106260299682617,10.106260299682617,0
2023-01-05 13:00:00+00:00,10.105440139770508,10.202449798583984,10.09589958190918,10.193679809570312,10.193679809570312,0
2023-01-05 14:00:00+00:00,10.194250106811523,10.243229866027832,10.187100410461426,10.227060317993164,10.227060317993164,0
2023-01-05 15:00:00+00:00,10.22560977935791,10.262359619140625,10.190890312194824,10.258410453796387,10.258410453796387,0
2023-01-05 16:00:00+00:00,10.256750106811523,10.265780448913574,10.23390007019043,10.258270263671875,10.258270263671875,0
2023-01-05 17:00:00+00:00,10.257960319519043,10.277090072631836,10.249300003051758,10.273070335388184,10.273070335388184,0
2023-01-05 18:00:00+00:00,10.274049758911133,10.280909538269043,10.240099906921387,10.25780963897705,10.25780963897705,0
2023-01-05 19:00:00+00:00,10.256930351257324,10.268400192260742,10.24120044708252,10.248680114746094,10.248680114746094,0
2023-01-05 20:00:00+00:00,10.2493896484375,10.272000312805176,10.244400024414062,10.258749961853027,10.258749961853027,0
2023-01-05 21:00:00+00:00,10.259659767150879,10.25984001159668,10.235219955444336,10.249099731445312,10.249099731445312,0
2023-01-05 22:00:00+00:00,10.236570358276367,10.24940013885498,10.236570358276367,10.248700141906738,10.248700141906738,0
2023-01-05 23:00:00+00:00,10.248900413513184,10.251899719238281,10.241649627685547,10.247010231018066,10.247010231018066,0
2023-01-06 00:00:00+00:00,10.248040199279785,10.252900123596191,10.224900245666504,10.227080345153809,10.227080345153809,0
2023-01-06 01:00:00+00:00,10.225899696350098,10.233499526977539,10.219499588012695,10.227120399475098,10.227120399475098,0
2023-01-06 02:00:00+00:00,10.227120399475098,10.23960018157959,10.220199584960938,10.229829788208008,10.229829788208008,0
2023-01-06 03:00:00+00:00,10.22974967956543,10.234000205993652,10.213199615478516,10.222999572753906,10.222999572753906,0
2023-01-06 04:00:00+00:00,10.221599578857422,10.230979919433594,10.21679973602295,10.228839874267578,10.228839874267578,0
2023-01-06 05:00:00+00:00,10.228699684143066,10.250419616699219,10.226099967956543,10.245320320129395,10.245320320129395,0
2023-01-06 06:00:00+00:00,10.244890213012695,10.247690200805664,10.230600357055664,10.237529754638672,10.237529754638672,0
2023-01-06 07:00:00+00:00,10.233389854431152,10.265439987182617,10.224379539489746,10.251150131225586,10.251150131225586,0
2023-01-06 08:00:00+00:00,10.251259803771973,10.253379821777344,10.215499877929688,10.223549842834473,10.223549842834473,0
2023-01-06 09:00:00+00:00,10.223750114440918,10.281570434570312,10.22249984741211,10.259200096130371,10.259200096130371,0
2023-01-06 10:00:00+00:00,10.259499549865723,10.272350311279297,10.241620063781738,10.270750045776367,10.270750045776367,0
2023-01-06 11:00:00+00:00,10.270819664001465,10.280099868774414,10.255000114440918,10.277689933776855,10.277689933776855,0
2023-01-06 12:00:00+00:00,10.277819633483887,10.299010276794434,10.25629997253418,10.295479774475098,10.295479774475098,0
2023-01-06 13:00:00+00:00,10.295339584350586,10.30270004272461,10.157400131225586,10.161709785461426,10.161709785461426,0
2023-01-06 14:00:00+00:00,10.160730361938477,10.219229698181152,10.14896011352539,10.219229698181152,10.219229698181152,0
2023-01-06 15:00:00+00:00,10.202400207519531,10.202400207519531,10.019599914550781,10.03024959564209,10.03024959564209,0
2023-01-06 16:00:00+00:00,10.031319618225098,10.038370132446289,10.001099586486816,10.024100303649902,10.024100303649902,0
2023-01-06 17:00:00+00:00,10.025639533996582,10.04088020324707,10.014399528503418,10.017860412597656,10.017860412597656,0
2023-01-06 18:00:00+00:00,10.01830005645752,10.031599998474121,10.006799697875977,10.017939567565918,10.017939567565918,0
2023-01-06 19:00:00+00:00,10.018699645996094,10.022000312805176,9.995599746704102,10.004150390625,10.004150390625,0
2023-01-06 20:00:00+00:00,10.002799987792969,10.012149810791016,9.996199607849121,10.005399703979492,10.005399703979492,0
2023-01-06 21:00:00+00:00,10.005999565124512,10.01846981048584,9.993650436401367,10.001250267028809,10.001250267028809,0
2023-01-09 00:00:00+00:00,9.952500343322754,9.997909545898438,9.948800086975098,9.989239692687988,9.989239692687988,0
2023-01-09 01:00:00+00:00,9.990119934082031,9.999699592590332,9.978360176086426,9.986169815063477,9.986169815063477,0
2023-01-09 02:00:00+00:00,9.984959602355957,9.988499641418457,9.975899696350098,9.977959632873535,9.977959632873535,0
2023-01-09 03:00:00+00:00,9.977970123291016,9.98882007598877,9.971830368041992,9.985389709472656,9.985389709472656,0
2023-01-09 04:00:00+00:00,9.985919952392578,9.987079620361328,9.966400146484375,9.970990180969238,9.970990180969238,0
2023-01-09 05:00:00+00:00,9.970990180969238,9.977729797363281,9.961150169372559,9.97461986541748,9.97461986541748,0
2023-01-09 06:00:00+00:00,9.974390029907227,9.97562026977539,9.956100463867188,9.958860397338867,9.958860397338867,0
2023-01-09 07:00:00+00:00,9.960209846496582,9.98289966583252,9.923399925231934,9.976110458374023,9.976110458374023,0
2023-01-09 08:00:00+00:00,9.975749969482422,9.976200103759766,9.915800094604492,9.928779602050781,9.928779602050781,0
2023-01-09 09:00:00+00:00,9.928770065307617,9.940460205078125,9.90999984741211,9.933799743652344,9.933799743652344,0
2023-01-09 10:00:00+00:00,9.933699607849121,9.947099685668945,9.930170059204102,9.936960220336914,9.936960220336914,0
2023-01-09 11:00:00+00:00,9.936960220336914,9.943710327148438,9.91100025177002,9.91765022277832,9.91765022277832,0
2023-01-09 12:00:00+00:00,9.917630195617676,9.93064022064209,9.898699760437012,9.916919708251953,9.916919708251953,0
2023-01-09 13:00:00+00:00,9.916919708251953,9.933279991149902,9.87559986114502,9.88368034362793,9.88368034362793,0
2023-01-09 14:00:00+00:00,9.883689880371094,9.905200004577637,9.818550109863281,9.836899757385254,9.836899757385254,0
2023-01-09 15:00:00+00:00,9.838150024414062,9.879500389099121,9.830900192260742,9.869359970092773,9.869359970092773,0
2023-01-09 16:00:00+00:00,9.870400428771973,9.879599571228027,9.855600357055664,9.860360145568848,9.860360145568848,0
2023-01-09 17:00:00+00:00,9.860320091247559,9.890190124511719,9.858269691467285,9.877690315246582,9.877690315246582,0
2023-01-09 18:00:00+00:00,9.878049850463867,9.89838981628418,9.869099617004395,9.892999649047852,9.892999649047852,0
2023-01-09 19:00:00+00:00,9.892800331115723,9.896470069885254,9.874699592590332,9.887249946594238,9.887249946594238,0
2023-01-09 20:00:00+00:00,9.88661003112793,9.912090301513672,9.88029956817627,9.911529541015625,9.911529541015625,0
2023-01-09 21:00:00+00:00,9.910630226135254,9.918899536132812,9.898550033569336,9.909299850463867,9.909299850463867,0
2023-01-09 22:00:00+00:00,9.909500122070312,9.910200119018555,9.906100273132324,9.906700134277344,9.906700134277344,0
2023-01-09 23:00:00+00:00,9.906399726867676,9.909600257873535,9.901599884033203,9.906100273132324,9.906100273132324,0
2023-01-10 00:00:00+00:00,9.90719985961914,9.934929847717285,9.89972972869873,9.917830467224121,9.917830467224121,0
2023-01-10 01:00:00+00:00,9.91781997680664,9.92300033569336,9.901849746704102,9.911299705505371,9.911299705505371,0
2023-01-10 02:00:00+00:00,9.90802001953125,9.932499885559082,9.898329734802246,9.916760444641113,9.916760444641113,0
2023-01-10 03:00:00+00:00,9.91493034362793,9.924699783325195,9.910909652709961,9.912699699401855,9.912699699401855,0
2023-01-10 04:00:00+00:00,9.912690162658691,9.921899795532227,9.911199569702148,9.919090270996094,9.919090270996094,0
2023-01-10 05:00:00+00:00,9.919090270996094,9.92240047454834,9.896499633789062,9.902560234069824,9.902560234069824,0
2023-01-10 06:00:00+00:00,9.90231990814209,9.9264497756958,9.899499893188477,9.910039901733398,9.910039901733398,0
2023-01-10 07:00:00+00:00,9.918700218200684,9.92609977722168,9.898699760437012,9.912520408630371,9.912520408630371,0
2023-01-10 08:00:00+00:00,9.912389755249023,9.932999610900879,9.894399642944336,9.925399780273438,9.925399780273438,0
2023-01-10 09:00:00+00:00,9.924839973449707,9.944169998168945,9.91450023651123,9.931269645690918,9.931269645690918,0
2023-01-10 10:00:00+00:00,9.931269645690918,9.95365047454834,9.92240047454834,9.927630424499512,9.927630424499512,0
2023-01-10 11:00:00+00:00,9.927550315856934,9.953969955444336,9.905699729919434,9.949700355529785,9.949700355529785,0
2023-01-10 12:00:00+00:00,9.951800346374512,9.978799819946289,9.933369636535645,9.962200164794922,9.962200164794922,0
2023-01-10 13:00:00+00:00,9.962459564208984,9.984939575195312,9.950300216674805,9.975299835205078,9.975299835205078,0
2023-01-10 14:00:00+00:00,9.97445011138916,9.976699829101562,9.923100471496582,9.959930419921875,9.959930419921875,0
2023-01-10 15:00:00+00:00,9.960470199584961,10.008359909057617,9.943699836730957,9.995940208435059,9.995940208435059,0
2023-01-10 16:00:00+00:00,9.99573040008545,9.999340057373047,9.964599609375,9.989190101623535,9.989190101623535,0
2023-01-10 17:00:00+00:00,9.989060401916504,10.002900123596191,9.970000267028809,9.989999771118164,9.989999771118164,0
2023-01-10 18:00:00+00:00,9.991189956665039,9.998530387878418,9.975299835205078,9.98351001739502,9.98351001739502,0
2023-01-10 19:00:00+00:00,9.983489990234375,9.993599891662598,9.971199989318848,9.983409881591797,9.983409881591797,0
2023-01-10 20:00:00+00:00,9.983559608459473,9.996000289916992,9.975500106811523,9.98386001586914,9.98386001586914,0
2023-01-10 21:00:00+00:00,9.983499526977539,9.991700172424316,9.975500106811523,9.985600471496582,9.985600471496582,0
2023-01-10 22:00:00+00:00,9.980500221252441,9.985799789428711,9.979299545288086,9.983099937438965,9.983099937438965,0
2023-01-10 23:00:00+00:00,9.982799530029297,9.98550033569336,9.969289779663086,9.974550247192383,9.974550247192383,0
2023-01-11 00:00:00+00:00,9.974129676818848,9.984399795532227,9.967949867248535,9.972559928894043,9.972559928894043,0
2023-01-11 01:00:00+00:00,9.972390174865723,9.997599601745605,9.96934986114502,9.990610122680664,9.990610122680664,0
2023-01-11 02:00:00+00:00,9.989150047302246,9.997699737548828,9.978650093078613,9.991649627685547,9.991649627685547,0
2023-01-11 03:00:00+00:00,9.992019653320312,9.996199607849121,9.979849815368652,9.982159614562988,9.982159614562988,0
2023-01-11 04:00:00+00:00,9.98330020904541,9.99020004272461,9.978560447692871,9.980690002441406,9.980690002441406,0
2023-01-11 05:00:00+00:00,9.980690002441406,9.985799789428711,9.956159591674805,9.970120429992676,9.970120429992676,0
2023-01-11 06:00:00+00:00,9.9693603515625,9.973569869995117,9.95740032196045,9.973569869995117,9.973569869995117,0
2023-01-11 07:00:00+00:00,9.972430229187012,9.987810134887695,9.961600303649902,9.973320007324219,9.973320007324219,0
2023-01-11 08:00:00+00:00,9.97428035736084,10.015190124511719,9.968299865722656,10.005610466003418,10.005610466003418,0
2023-01-11 09:00:00+00:00,10.00570011138916,10.018360137939453,9.968199729919434,9.979999542236328,9.979999542236328,0
2023-01-11 10:00:00+00:00,9.979960441589355,9.992199897766113,9.974200248718262,9.980620384216309,9.980620384216309,0
2023-01-11 11:00:00+00:00,9.980850219726562,10.003499984741211,9.97070026397705,9.998550415039062,9.998550415039062,0
2023-01-11 12:00:00+00:00,9.999159812927246,10.027199745178223,9.994600296020508,10.002790451049805,10.002790451049805,0
2023-01-11 13:00:00+00:00,10.002180099487305,10.007320404052734,9.968999862670898,9.974599838256836,9.974599838256836,0
2023-01-11 14:00:00+00:00,9.9756498336792,9.98488998413086,9.951499938964844,9.965860366821289,9.965860366821289,0
2023-01-11 15:00:00+00:00,9.965959548950195,10.008270263671875,9.962960243225098,10.003939628601074,10.003939628601074,0
2023-01-11 16:00:00+00:00,10.002260208129883,10.01138973236084,9.985250473022461,10.002900123596191,10.002900123596191,0
2023-01-11 17:00:00+00:00,10.00331974029541,10.010899543762207,9.989569664001465,9.9975004196167,9.9975004196167,0
2023-01-11 18:00:00+00:00,9.998889923095703,10.004119873046875,9.97068977355957,9.986300468444824,9.986300468444824,0
2023-01-11 19:00:00+00:00,9.986909866333008,9.996620178222656,9.97070026397705,9.978790283203125,9.978790283203125,0
2023-01-11 20:00:00+00:00,9.978750228881836,9.992799758911133,9.974599838256836,9.990360260009766,9.990360260009766,0
2023-01-11 21:00:00+00:00,9.990360260009766,9.99489974975586,9.979310035705566,9.984000205993652,9.984000205993652,0
2023-01-11 22:00:00+00:00,9.984399795532227,9.987700462341309,9.983099937438965,9.985400199890137,9.985400199890137,0
2023-01-11 23:00:00+00:00,9.99120044708252,9.991499900817871,9.973930358886719,9.98484992980957,9.98484992980957,0
2023-01-12 00:00:00+00:00,9.984219551086426,9.98960018157959,9.973400115966797,9.98801040649414,9.98801040649414,0
2023-01-12 01:00:00+00:00,9.98781967163086,9.991000175476074,9.974430084228516,9.976900100708008,9.976900100708008,0
2023-01-12 02:00:00+00:00,9.977620124816895,9.984049797058105,9.973899841308594,9.983189582824707,9.983189582824707,0
2023-01-12 03:00:00+00:00,9.982709884643555,9.99487018585205,9.979000091552734,9.988030433654785,9.988030433654785,0
2023-01-12 04:00:00+00:00,9.988849639892578,9.991809844970703,9.97227954864502,9.980979919433594,9.980979919433594,0
2023-01-12 05:00:00+00:00,9.980990409851074,9.994400024414062,9.97284984588623,9.99098014831543,9.99098014831543,0
2023-01-12 06:00:00+00:00,9.990659713745117,10.006400108337402,9.979599952697754,10.001689910888672,10.001689910888672,0
2023-01-12 07:00:00+00:00,10.000720024108887,10.01121997833252,9.991800308227539,10.005450248718262,10.005450248718262,0
2023-01-12 08:00:00+00:00,10.006449699401855,10.032719612121582,9.99839973449707,10.024959564208984,10.024959564208984,0
2023-01-12 09:00:00+00:00,10.024760246276855,10.028200149536133,9.988200187683105,10.000009536743164,10.000009536743164,0
2023-01-12 10:00:00+00:00,10.000049591064453,10.013930320739746,9.980500221252441,9.9864501953125,9.9864501953125,0
2023-01-12 11:00:00+00:00,9.985580444335938,9.993709564208984,9.963500022888184,9.969109535217285,9.969109535217285,0
2023-01-12 12:00:00+00:00,9.96895980834961,9.98447036743164,9.954500198364258,9.964949607849121,9.964949607849121,0
2023-01-12 13:00:00+00:00,9.964509963989258,10.010499954223633,9.86555004119873,9.880390167236328,9.880390167236328,0
2023-01-12 14:00:00+00:00,9.878310203552246,9.9927396774292,9.874750137329102,9.971429824829102,9.971429824829102,0
2023-01-12 15:00:00+00:00,9.971420288085938,9.980239868164062,9.913860321044922,9.930500030517578,9.930500030517578,0
2023-01-12 16:00:00+00:00,9.92986011505127,9.942319869995117,9.913299560546875,9.923600196838379,9.923600196838379,0
2023-01-12 17:00:00+00:00,9.924139976501465,9.927689552307129,9.895500183105469,9.89663028717041,9.89663028717041,0
2023-01-12 18:00:00+00:00,9.896559715270996,9.899999618530273,9.86870002746582,9.889060020446777,9.889060020446777,0
2023-01-12 19:00:00+00:00,9.890089988708496,9.906129837036133,9.884329795837402,9.892029762268066,9.892029762268066,0
2023-01-12 20:00:00+00:00,9.892049789428711,9.906900405883789,9.889049530029297,9.890480041503906,9.890480041503906,0
2023-01-12 21:00:00+00:00,9.891300201416016,9.900989532470703,9.8816499710083,9.890800476074219,9.890800476074219,0
2023-01-12 22:00:00+00:00,9.894000053405762,9.89490032196045,9.892200469970703,9.894200325012207,9.894200325012207,0
2023-01-12 23:00:00+00:00,9.895000457763672,9.896300315856934,9.874710083007812,9.881879806518555,9.881879806518555,0
2023-01-13 00:00:00+00:00,9.880439758300781,9.900919914245605,9.867030143737793,9.895330429077148,9.895330429077148,0
2023-01-13 01:00:00+00:00,9.89402961730957,9.906700134277344,9.878199577331543,9.893699645996094,9.893699645996094,0
2023-01-13 02:00:00+00:00,9.893420219421387,9.927729606628418,9.887029647827148,9.90038013458252,9.90038013458252,0
2023-01-13 03:00:00+00:00,9.897740364074707,9.916219711303711,9.892430305480957,9.907329559326172,9.907329559326172,0
2023-01-13 04:00:00+00:00,9.90602970123291,9.91670036315918,9.888299942016602,9.910650253295898,9.910650253295898,0
2023-01-13 05:00:00+00:00,9.910650253295898,9.927499771118164,9.903949737548828,9.919079780578613,9.919079780578613,0
2023-01-13 06:00:00+00:00,9.918660163879395,9.922800064086914,9.89126968383789,9.898090362548828,9.898090362548828,0
2023-01-13 07:00:00+00:00,9.899589538574219,9.909119606018066,9.886059761047363,9.886059761047363,9.886059761047363,0
2023-01-13 08:00:00+00:00,9.88798999786377,9.903400421142578,9.857999801635742,9.865349769592285,9.865349769592285,0
2023-01-13 09:00:00+00:00,9.865579605102539,9.876310348510742,9.847599983215332,9.864859580993652,9.864859580993652,0
2023-01-13 10:00:00+00:00,9.863860130310059,9.868080139160156,9.842499732971191,9.858699798583984,9.858699798583984,0
2023-01-13 11:00:00+00:00,9.859550476074219,9.900489807128906,9.857199668884277,9.894599914550781,9.894599914550781,0
2023-01-13 12:00:00+00:00,9.894550323486328,9.904729843139648,9.876299858093262,9.893349647521973,9.893349647521973,0
2023-01-13 13:00:00+00:00,9.893239974975586,9.93280029296875,9.880999565124512,9.925129890441895,9.925129890441895,0
2023-01-13 14:00:00+00:00,9.925000190734863,9.950499534606934,9.889300346374512,9.899609565734863,9.899609565734863,0
2023-01-13 15:00:00+00:00,9.892939567565918,9.904899597167969,9.859299659729004,9.87714958190918,9.87714958190918,0
2023-01-13 16:00:00+00:00,9.877120018005371,9.909299850463867,9.86929988861084,9.887399673461914,9.887399673461914,0
2023-01-13 17:00:00+00:00,9.888019561767578,9.889699935913086,9.85669994354248,9.865530014038086,9.865530014038086,0
2023-01-13 18:00:00+00:00,9.866100311279297,9.877949714660645,9.852499961853027,9.85768985748291,9.85768985748291,0
2023-01-13 19:00:00+00:00,9.85768985748291,9.862119674682617,9.850500106811523,9.856760025024414,9.856760025024414,0
2023-01-13 20:00:00+00:00,9.85824966430664,9.860380172729492,9.84469985961914,9.855170249938965,9.855170249938965,0
2023-01-13 21:00:00+00:00,9.855170249938965,9.869250297546387,9.847089767456055,9.85534954071045,9.85534954071045,0
2023-01-16 00:00:00+00:00,9.855910301208496,9.879599571228027,9.834239959716797,9.837200164794922,9.837200164794922,0
2023-01-16 01:00:00+00:00,9.837200164794922,9.843799591064453,9.812080383300781,9.81581974029541,9.81581974029541,0
2023-01-16 02:00:00+00:00,9.815779685974121,9.816329956054688,9.800600051879883,9.809020042419434,9.809020042419434,0
2023-01-16 03:00:00+00:00,9.808279991149902,9.820980072021484,9.807390213012695,9.817549705505371,9.817549705505371,0
2023-01-16 04:00:00+00:00,9.817569732666016,9.828049659729004,9.814399719238281,9.8260498046875,9.8260498046875,0
2023-01-16 05:00:00+00:00,9.826809883117676,9.831310272216797,9.816829681396484,9.827850341796875,9.827850341796875,0
2023-01-16 06:00:00+00:00,9.832070350646973,9.853500366210938,9.825189590454102,9.846139907836914,9.846139907836914,0
2023-01-16 07:00:00+00:00,9.846139907836914,9.873270034790039,9.844160079956055,9.87129020690918,9.87129020690918,0
2023-01-16 08:00:00+00:00,9.870550155639648,9.925100326538086,9.867409706115723,9.92389965057373,9.92389965057373,0
2023-01-16 09:00:00+00:00,9.924249649047852,9.937649726867676,9.88290023803711,9.896650314331055,9.896650314331055,0
2023-01-16 10:00:00+00:00,9.89585018157959,9.900150299072266,9.876250267028809,9.885210037231445,9.885210037231445,0
2023-01-16 11:00:00+00:00,9.885210037231445,9.898690223693848,9.872249603271484,9.887649536132812,9.887649536132812,0
2023-01-16 12:00:00+00:00,9.88877010345459,9.898209571838379,9.879030227661133,9.881750106811523,9.881750106811523,0
2023-01-16 13:00:00+00:00,9.881750106811523,9.913000106811523,9.878350257873535,9.90427017211914,9.90427017211914,0
2023-01-16 14:00:00+00:00,9.903559684753418,9.914600372314453,9.896949768066406,9.90995979309082,9.90995979309082,0
2023-01-16 15:00:00+00:00,9.909950256347656,9.91061019897461,9.897350311279297,9.904919624328613,9.904919624328613,0
2023-01-16 16:00:00+00:00,9.904150009155273,9.90820026397705,9.897649765014648,9.900360107421875,9.900360107421875,0
2023-01-16 17:00:00+00:00,9.90038013458252,9.921480178833008,9.89894962310791,9.912460327148438,9.912460327148438,0
2023-01-16 18:00:00+00:00,9.912150382995605,9.913809776306152,9.900850296020508,9.912150382995605,9.912150382995605,0
2023-01-16 19:00:00+00:00,9.912150382995605,9.91493034362793,9.900529861450195,9.90404987335205,9.90404987335205,0
2023-01-16 20:00:00+00:00,9.905969619750977,9.919260025024414,9.89268970489502,9.899200439453125,9.899200439453125,0
2023-01-16 21:00:00+00:00,9.898249626159668,9.912919998168945,9.896430015563965,9.901029586791992,9.901029586791992,0
2023-01-16 22:00:00+00:00,9.901339530944824,9.905500411987305,9.894949913024902,9.901100158691406,9.901100158691406,0
2023-01-16 23:00:00+00:00,9.894700050354004,9.926830291748047,9.879960060119629,9.880860328674316,9.880860328674316,0
2023-01-17 00:00:00+00:00,9.896510124206543,9.909819602966309,9.87598991394043,9.90155029296875,9.90155029296875,0
2023-01-17 01:00:00+00:00,9.901689529418945,9.918800354003906,9.890569686889648,9.911540031433105,9.911540031433105,0
2023-01-17 02:00:00+00:00,9.911510467529297,9.925299644470215,9.886300086975098,9.916419982910156,9.916419982910156,0
2023-01-17 03:00:00+00:00,9.917160034179688,9.919320106506348,9.891429901123047,9.900629997253418,9.900629997253418,0
2023-01-17 04:00:00+00:00,9.900629997253418,9.90625,9.895210266113281,9.899709701538086,9.899709701538086,0
2023-01-17 05:00:00+00:00,9.899970054626465,9.905159950256348,9.890339851379395,9.897109985351562,9.897109985351562,0
2023-01-17 06:00:00+00:00,9.896490097045898,9.918669700622559,9.889030456542969,9.915539741516113,9.915539741516113,0
2023-01-17 07:00:00+00:00,9.915209770202637,9.92825984954834,9.897749900817871,9.9068603515625,9.9068603515625,0
2023-01-17 08:00:00+00:00,9.9068603515625,9.913390159606934,9.886429786682129,9.897439956665039,9.897439956665039,0
2023-01-17 09:00:00+00:00,9.897500038146973,9.933520317077637,9.886150360107422,9.915029525756836,9.915029525756836,0
2023-01-17 10:00:00+00:00,9.905909538269043,9.952409744262695,9.900659561157227,9.940679550170898,9.940679550170898,0
2023-01-17 11:00:00+00:00,9.940690040588379,9.952520370483398,9.91195011138916,9.915160179138184,9.915160179138184,0
2023-01-17 12:00:00+00:00,9.91565990447998,9.931570053100586,9.876859664916992,9.882650375366211,9.882650375366211,0
2023-01-17 13:00:00+00:00,9.883150100708008,9.913880348205566,9.876359939575195,9.898759841918945,9.898759841918945,0
2023-01-17 14:00:00+00:00,9.897899627685547,9.898659706115723,9.856949806213379,9.862750053405762,9.862750053405762,0
2023-01-17 15:00:00+00:00,9.863490104675293,9.882599830627441,9.836230278015137,9.860719680786133,9.860719680786133,0
2023-01-17 16:00:00+00:00,9.859950065612793,9.876230239868164,9.850150108337402,9.868849754333496,9.868849754333496,0
2023-01-17 17:00:00+00:00,9.869750022888184,9.898130416870117,9.863670349121094,9.881349563598633,9.881349563598633,0
2023-01-17 18:00:00+00:00,9.880430221557617,9.885820388793945,9.876110076904297,9.878569602966309,9.878569602966309,0
2023-01-17 19:00:00+00:00,9.8787202835083,9.881190299987793,9.857020378112793,9.870820045471191,9.870820045471191,0
2023-01-17 20:00:00+00:00,9.870059967041016,9.874540328979492,9.859439849853516,9.865340232849121,9.865340232849121,0
2023-01-17 21:00:00+00:00,9.864350318908691,9.871789932250977,9.849650382995605,9.85906982421875,9.85906982421875,0
2023-01-17 22:00:00+00:00,9.86005973815918,9.86005973815918,9.858269691467285,9.858409881591797,9.858409881591797,0
2023-01-17 23:00:00+00:00,9.857620239257812,9.88070011138916,9.855369567871094,9.879500389099121,9.879500389099121,0
2023-01-18 00:00:00+00:00,9.879500389099121,9.87969970703125,9.861300468444824,9.872650146484375,9.872650146484375,0
2023-01-18 01:00:00+00:00,9.872099876403809,9.877180099487305,9.859700202941895,9.86238956451416,9.86238956451416,0
2023-01-18 02:00:00+00:00,9.861470222473145,9.898150444030762,9.851699829101562,9.866479873657227,9.866479873657227,0
2023-01-18 03:00:00+00:00,9.86283016204834,9.877860069274902,9.851690292358398,9.871000289916992,9.871000289916992,0
2023-01-18 04:00:00+00:00,9.870989799499512,9.8816499710083,9.846050262451172,9.851790428161621,9.851790428161621,0
2023-01-18 05:00:00+00:00,9.851289749145508,9.858389854431152,9.836569786071777,9.842280387878418,9.842280387878418,0
2023-01-18 06:00:00+00:00,9.841629981994629,9.847009658813477,9.825510025024414,9.834850311279297,9.834850311279297,0
2023-01-18 07:00:00+00:00,9.834850311279297,9.866880416870117,9.830989837646484,9.862520217895508,9.862520217895508,0
2023-01-18 08:00:00+00:00,9.862719535827637,9.863710403442383,9.836629867553711,9.839030265808105,9.839030265808105,0
2023-01-18 09:00:00+00:00,9.839759826660156,9.854920387268066,9.810959815979004,9.811019897460938,9.811019897460938,0
2023-01-18 10:00:00+00:00,9.812700271606445,9.843910217285156,9.809599876403809,9.839909553527832,9.839909553527832,0
2023-01-18 11:00:00+00:00,9.839949607849121,9.850259780883789,9.827230453491211,9.844099998474121,9.844099998474121,0
2023-01-18 12:00:00+00:00,9.844269752502441,9.854599952697754,9.830100059509277,9.840080261230469,9.840080261230469,0
2023-01-18 13:00:00+00:00,9.83866024017334,9.847000122070312,9.794949531555176,9.811530113220215,9.811530113220215,0
2023-01-18 14:00:00+00:00,9.812370300292969,9.821920394897461,9.771650314331055,9.799799919128418,9.799799919128418,0
2023-01-18 15:00:00+00:00,9.798890113830566,9.85338020324707,9.785579681396484,9.83627986907959,9.83627986907959,0
2023-01-18 16:00:00+00:00,9.835559844970703,9.891469955444336,9.823929786682129,9.873270034790039,9.873270034790039,0
2023-01-18 17:00:00+00:00,9.872659683227539,9.9264497756958,9.870349884033203,9.91135025024414,9.91135025024414,0
2023-01-18 18:00:00+00:00,9.911709785461426,9.928680419921875,9.90684986114502,9.921440124511719,9.921440124511719,0
2023-01-18 19:00:00+00:00,9.921030044555664,9.936860084533691,9.920350074768066,9.924050331115723,9.924050331115723,0
2023-01-18 20:00:00+00:00,9.924050331115723,9.931489944458008,9.913290023803711,9.923959732055664,9.923959732055664,0
2023-01-18 21:00:00+00:00,9.923669815063477,9.92490005493164,9.901430130004883,9.907999992370605,9.907999992370605,0
2023-01-18 23:00:00+00:00,9.8927001953125,9.920530319213867,9.8927001953125,9.912360191345215,9.912360191345215,0
2023-01-19 00:00:00+00:00,9.91195011138916,9.954549789428711,9.902429580688477,9.948390007019043,9.948390007019043,0
2023-01-19 01:00:00+00:00,9.948650360107422,9.9618501663208,9.933500289916992,9.948419570922852,9.948419570922852,0
2023-01-19 02:00:00+00:00,9.948200225830078,9.95695972442627,9.939949989318848,9.940950393676758,9.940950393676758,0
2023-01-19 03:00:00+00:00,9.940540313720703,9.941949844360352,9.922539710998535,9.937939643859863,9.937939643859863,0
2023-01-19 04:00:00+00:00,9.937219619750977,9.945699691772461,9.934300422668457,9.938240051269531,9.938240051269531,0
2023-01-19 05:00:00+00:00,9.938340187072754,9.944250106811523,9.931469917297363,9.942150115966797,9.942150115966797,0
2023-01-19 06:00:00+00:00,9.941720008850098,9.94419002532959,9.921799659729004,9.940420150756836,9.940420150756836,0
2023-01-19 07:00:00+00:00,9.939780235290527,9.965729713439941,9.917830467224121,9.92257022857666,9.92257022857666,0
2023-01-19 08:00:00+00:00,9.923150062561035,9.938610076904297,9.910730361938477,9.92354965209961,9.92354965209961,0
2023-01-19 09:00:00+00:00,9.940030097961426,9.944120407104492,9.894049644470215,9.911250114440918,9.911250114440918,0
2023-01-19 10:00:00+00:00,9.911149978637695,9.932720184326172,9.908889770507812,9.91784954071045,9.91784954071045,0
2023-01-19 11:00:00+00:00,9.918000221252441,9.951899528503418,9.914870262145996,9.932109832763672,9.932109832763672,0
2023-01-19 12:00:00+00:00,9.932100296020508,9.958700180053711,9.926939964294434,9.945830345153809,9.945830345153809,0
2023-01-19 13:00:00+00:00,9.946240425109863,9.952699661254883,9.900790214538574,9.907529830932617,9.907529830932617,0
2023-01-19 14:00:00+00:00,9.907540321350098,9.920430183410645,9.878239631652832,9.902629852294922,9.902629852294922,0
2023-01-19 15:00:00+00:00,9.903400421142578,9.937580108642578,9.888420104980469,9.932929992675781,9.932929992675781,0
2023-01-19 16:00:00+00:00,9.932390213012695,9.936869621276855,9.911970138549805,9.92593002319336,9.92593002319336,0
2023-01-19 17:00:00+00:00,9.925939559936523,9.926719665527344,9.894060134887695,9.911399841308594,9.911399841308594,0
2023-01-19 18:00:00+00:00,9.911399841308594,9.9202299118042,9.882929801940918,9.898449897766113,9.898449897766113,0
2023-01-19 19:00:00+00:00,9.898449897766113,9.907360076904297,9.882550239562988,9.89115047454834,9.89115047454834,0
2023-01-19 20:00:00+00:00,9.891249656677246,9.90172004699707,9.879389762878418,9.899740219116211,9.899740219116211,0
2023-01-19 21:00:00+00:00,9.899760246276855,9.90170955657959,9.887430191040039,9.891449928283691,9.891449928283691,0
2023-01-19 23:00:00+00:00,9.887319564819336,9.90429973602295,9.8818998336792,9.898690223693848,9.898690223693848,0
2023-01-20 00:00:00+00:00,9.900389671325684,9.910149574279785,9.88187026977539,9.891650199890137,9.891650199890137,0
2023-01-20 01:00:00+00:00,9.89175033569336,9.8996000289917,9.87520980834961,9.887459754943848,9.887459754943848,0
2023-01-20 02:00:00+00:00,9.888090133666992,9.893400192260742,9.876449584960938,9.89225959777832,9.89225959777832,0
2023-01-20 03:00:00+00:00,9.891730308532715,9.899250030517578,9.889650344848633,9.896949768066406,9.896949768066406,0
2023-01-20 04:00:00+00:00,9.896849632263184,9.904129981994629,9.886799812316895,9.899049758911133,9.899049758911133,0
2023-01-20 05:00:00+00:00,9.898520469665527,9.906889915466309,9.888830184936523,9.8927001953125,9.8927001953125,0
2023-01-20 06:00:00+00:00,9.892399787902832,9.908479690551758,9.888919830322266,9.906840324401855,9.906840324401855,0
2023-01-20 07:00:00+00:00,9.906780242919922,9.908849716186523,9.882390022277832,9.893070220947266,9.893070220947266,0
2023-01-20 08:00:00+00:00,9.892550468444824,9.896490097045898,9.868370056152344,9.895549774169922,9.895549774169922,0
2023-01-20 09:00:00+00:00,9.895990371704102,9.913169860839844,9.87045955657959,9.886520385742188,9.886520385742188,0
2023-01-20 10:00:00+00:00,9.886249542236328,9.89264965057373,9.862910270690918,9.875049591064453,9.875049591064453,0
2023-01-20 11:00:00+00:00,9.87366008758545,9.899959564208984,9.868359565734863,9.898050308227539,9.898050308227539,0
2023-01-20 12:00:00+00:00,9.89795970916748,9.904319763183594,9.88290023803711,9.893630027770996,9.893630027770996,0
2023-01-20 13:00:00+00:00,9.894669532775879,9.929109573364258,9.879859924316406,9.913390159606934,9.913390159606934,0
2023-01-20 14:00:00+00:00,9.913880348205566,9.940159797668457,9.897649765014648,9.914190292358398,9.914190292358398,0
2023-01-20 15:00:00+00:00,9.913610458374023,9.918359756469727,9.868220329284668,9.89525032043457,9.89525032043457,0
2023-01-20 16:00:00+00:00,9.894720077514648,9.898719787597656,9.874150276184082,9.891090393066406,9.891090393066406,0
2023-01-20 17:00:00+00:00,9.8916597366333,9.893839836120605,9.875100135803223,9.877579689025879,9.877579689025879,0
2023-01-20 18:00:00+00:00,9.87759017944336,9.896769523620605,9.854649543762207,9.86709976196289,9.86709976196289,0
2023-01-20 19:00:00+00:00,9.866250038146973,9.872429847717285,9.85657024383545,9.86577033996582,9.86577033996582,0
2023-01-20 20:00:00+00:00,9.865779876708984,9.870630264282227,9.856389999389648,9.865730285644531,9.865730285644531,0
2023-01-20 21:00:00+00:00,9.864749908447266,9.873040199279785,9.85536003112793,9.864729881286621,9.864729881286621,0
2023-01-20 22:00:00+00:00,9.862250328063965,9.862250328063965,9.862250328063965,9.862250328063965,9.862250328063965,0
2023-01-23 00:00:00+00:00,9.843420028686523,9.854080200195312,9.823829650878906,9.829460144042969,9.829460144042969,0
2023-01-23 01:00:00+00:00,9.830289840698242,9.838899612426758,9.808300018310547,9.818610191345215,9.818610191345215,0
2023-01-23 02:00:00+00:00,9.818650245666504,9.830499649047852,9.808950424194336,9.824170112609863,9.824170112609863,0
2023-01-23 03:00:00+00:00,9.823490142822266,9.827799797058105,9.811650276184082,9.82073974609375,9.82073974609375,0
2023-01-23 04:00:00+00:00,9.82073974609375,9.838500022888184,9.817230224609375,9.830820083618164,9.830820083618164,0
2023-01-23 05:00:00+00:00,9.827730178833008,9.83650016784668,9.823249816894531,9.8326997756958,9.8326997756958,0
2023-01-23 06:00:00+00:00,9.831830024719238,9.837209701538086,9.816229820251465,9.830869674682617,9.830869674682617,0
2023-01-23 07:00:00+00:00,9.830860137939453,9.859060287475586,9.809410095214844,9.836580276489258,9.836580276489258,0
2023-01-23 08:00:00+00:00,9.836549758911133,9.840169906616211,9.786020278930664,9.794190406799316,9.794190406799316,0
2023-01-23 09:00:00+00:00,9.79500961303711,9.811440467834473,9.776229858398438,9.787179946899414,9.787179946899414,0
2023-01-23 10:00:00+00:00,9.787190437316895,9.824000358581543,9.786250114440918,9.817569732666016,9.817569732666016,0
2023-01-23 11:00:00+00:00,9.815750122070312,9.839679718017578,9.811829566955566,9.83568000793457,9.83568000793457,0
2023-01-23 12:00:00+00:00,9.834930419921875,9.844200134277344,9.814959526062012,9.837969779968262,9.837969779968262,0
2023-01-23 13:00:00+00:00,9.837550163269043,9.87366008758545,9.815850257873535,9.857720375061035,9.857720375061035,0
2023-01-23 14:00:00+00:00,9.856820106506348,9.873880386352539,9.825639724731445,9.834980010986328,9.834980010986328,0
2023-01-23 15:00:00+00:00,9.836950302124023,9.863579750061035,9.784850120544434,9.800350189208984,9.800350189208984,0
2023-01-23 16:00:00+00:00,9.801190376281738,9.8231201171875,9.787500381469727,9.815290451049805,9.815290451049805,0
2023-01-23 17:00:00+00:00,9.816080093383789,9.829360008239746,9.812430381774902,9.813249588012695,9.813249588012695,0
2023-01-23 18:00:00+00:00,9.813249588012695,9.818470001220703,9.804160118103027,9.81408977508545,9.81408977508545,0
2023-01-23 19:00:00+00:00,9.81408977508545,9.853569984436035,9.811860084533691,9.832030296325684,9.832030296325684,0
2023-01-23 20:00:00+00:00,9.832289695739746,9.8333101272583,9.813030242919922,9.816289901733398,9.816289901733398,0
2023-01-23 21:00:00+00:00,9.816490173339844,9.820610046386719,9.804189682006836,9.804980278015137,9.804980278015137,0
2023-01-23 22:00:00+00:00,9.804439544677734,9.81132984161377,9.796870231628418,9.809599876403809,9.809599876403809,0
2023-01-23 23:00:00+00:00,9.808830261230469,9.821889877319336,9.804149627685547,9.815400123596191,9.815400123596191,0
2023-01-24 00:00:00+00:00,9.815030097961426,9.818460464477539,9.805049896240234,9.808679580688477,9.808679580688477,0
2023-01-24 01:00:00+00:00,9.808679580688477,9.811590194702148,9.79442024230957,9.798789978027344,9.798789978027344,0
2023-01-24 02:00:00+00:00,9.797809600830078,9.802639961242676,9.7946195602417,9.79893970489502,9.79893970489502,0
2023-01-24 03:00:00+00:00,9.798970222473145,9.80558967590332,9.79557991027832,9.804499626159668,9.804499626159668,0
2023-01-24 04:00:00+00:00,9.801619529724121,9.812849998474121,9.801230430603027,9.805000305175781,9.805000305175781,0
2023-01-24 05:00:00+00:00,9.804960250854492,9.806170463562012,9.795829772949219,9.804010391235352,9.804010391235352,0
2023-01-24 06:00:00+00:00,9.80265998840332,9.80508041381836,9.783550262451172,9.788060188293457,9.788060188293457,0
2023-01-24 07:00:00+00:00,9.788140296936035,9.802379608154297,9.78026008605957,9.793190002441406,9.793190002441406,0
2023-01-24 08:00:00+00:00,9.793840408325195,9.824660301208496,9.778960227966309,9.805789947509766,9.805789947509766,0
2023-01-24 09:00:00+00:00,9.806949615478516,9.850959777832031,9.794790267944336,9.837650299072266,9.837650299072266,0
2023-01-24 10:00:00+00:00,9.837909698486328,9.860910415649414,9.833769798278809,9.844889640808105,9.844889640808105,0
2023-01-24 11:00:00+00:00,9.846209526062012,9.85552978515625,9.830530166625977,9.84451961517334,9.84451961517334,0
2023-01-24 12:00:00+00:00,9.84611988067627,9.864080429077148,9.837949752807617,9.86277961730957,9.86277961730957,0
2023-01-24 13:00:00+00:00,9.861860275268555,9.884650230407715,9.854630470275879,9.874300003051758,9.874300003051758,0
2023-01-24 14:00:00+00:00,9.875140190124512,9.90349006652832,9.864609718322754,9.902210235595703,9.902210235595703,0
2023-01-24 15:00:00+00:00,9.902799606323242,9.925640106201172,9.855199813842773,9.86532974243164,9.86532974243164,0
2023-01-24 16:00:00+00:00,9.865289688110352,9.877650260925293,9.851090431213379,9.868760108947754,9.868760108947754,0
2023-01-24 17:00:00+00:00,9.867759704589844,9.879690170288086,9.85006046295166,9.856639862060547,9.856639862060547,0
2023-01-24 18:00:00+00:00,9.85750961303711,9.866979598999023,9.852959632873535,9.862030029296875,9.862030029296875,0
2023-01-24 19:00:00+00:00,9.86355972290039,9.875519752502441,9.85597038269043,9.85770034790039,9.85770034790039,0
2023-01-24 20:00:00+00:00,9.85597038269043,9.870559692382812,9.85496997833252,9.863129615783691,9.863129615783691,0
2023-01-24 21:00:00+00:00,9.863630294799805,9.866620063781738,9.845210075378418,9.8568696975708,9.8568696975708,0
2023-01-24 22:00:00+00:00,9.8568696975708,9.8568696975708,9.850000381469727,9.850520133972168,9.850520133972168,0
2023-01-24 23:00:00+00:00,9.852720260620117,9.873629570007324,9.852529525756836,9.859189987182617,9.859189987182617,0
2023-01-25 00:00:00+00:00,9.860910415649414,9.873200416564941,9.855629920959473,9.864689826965332,9.864689826965332,0
2023-01-25 01:00:00+00:00,9.864689826965332,9.86658000946045,9.838789939880371,9.842049598693848,9.842049598693848,0
2023-01-25 02:00:00+00:00,9.840920448303223,9.849579811096191,9.834630012512207,9.845009803771973,9.845009803771973,0
2023-01-25 03:00:00+00:00,9.844400405883789,9.847430229187012,9.83240032196045,9.83810043334961,9.83810043334961,0
2023-01-25 04:00:00+00:00,9.836759567260742,9.845769882202148,9.83053970336914,9.83843994140625,9.83843994140625,0
2023-01-25 05:00:00+00:00,9.840149879455566,9.847399711608887,9.835249900817871,9.840950012207031,9.840950012207031,0
2023-01-25 06:00:00+00:00,9.838729858398438,9.84490966796875,9.824350357055664,9.834989547729492,9.834989547729492,0
2023-01-25 07:00:00+00:00,9.834980010986328,9.855690002441406,9.82824993133545,9.850419998168945,9.850419998168945,0
2023-01-25 08:00:00+00:00,9.850419998168945,9.88241958618164,9.839289665222168,9.875709533691406,9.875709533691406,0
2023-01-25 09:00:00+00:00,9.875359535217285,9.891819953918457,9.856060028076172,9.882800102233887,9.882800102233887,0
2023-01-25 10:00:00+00:00,9.882800102233887,9.906149864196777,9.878600120544434,9.896149635314941,9.896149635314941,0
2023-01-25 11:00:00+00:00,9.896209716796875,9.903539657592773,9.87716007232666,9.895230293273926,9.895230293273926,0
2023-01-25 12:00:00+00:00,9.89465045928955,9.923589706420898,9.886560440063477,9.905349731445312,9.905349731445312,0
2023-01-25 13:00:00+00:00,9.905360221862793,9.95199966430664,9.902029991149902,9.942549705505371,9.942549705505371,0
2023-01-25 14:00:00+00:00,9.94260025024414,9.948610305786133,9.902859687805176,9.92611026763916,9.92611026763916,0
2023-01-25 15:00:00+00:00,9.927789688110352,9.955519676208496,9.896300315856934,9.92986011505127,9.92986011505127,0
2023-01-25 16:00:00+00:00,9.929869651794434,9.957679748535156,9.917460441589355,9.921759605407715,9.921759605407715,0
2023-01-25 17:00:00+00:00,9.921310424804688,9.931570053100586,9.914660453796387,9.924389839172363,9.924389839172363,0
2023-01-25 18:00:00+00:00,9.924039840698242,9.929619789123535,9.891389846801758,9.903679847717285,9.903679847717285,0
2023-01-25 19:00:00+00:00,9.902859687805176,9.911789894104004,9.894980430603027,9.901590347290039,9.901590347290039,0
2023-01-25 20:00:00+00:00,9.902190208435059,9.909500122070312,9.893750190734863,9.895999908447266,9.895999908447266,0
2023-01-25 21:00:00+00:00,9.896010398864746,9.90530014038086,9.891650199890137,9.896539688110352,9.896539688110352,0
2023-01-25 22:00:00+00:00,9.896069526672363,9.896069526672363,9.896069526672363,9.896069526672363,9.896069526672363,0
2023-01-25 23:00:00+00:00,9.902770042419434,9.909720420837402,9.88064956665039,9.8893404006958,9.8893404006958,0
2023-01-26 00:00:00+00:00,9.891349792480469,9.895170211791992,9.878049850463867,9.891599655151367,9.891599655151367,0
2023-01-26 01:00:00+00:00,9.891249656677246,9.912369728088379,9.889570236206055,9.897509574890137,9.897509574890137,0
2023-01-26 02:00:00+00:00,9.89721965789795,9.905590057373047,9.893600463867188,9.899550437927246,9.899550437927246,0
2023-01-26 03:00:00+00:00,9.899550437927246,9.91012954711914,9.88556957244873,9.905529975891113,9.905529975891113,0
2023-01-26 04:00:00+00:00,9.90468978881836,9.90723991394043,9.887450218200684,9.894980430603027,9.894980430603027,0
2023-01-26 05:00:00+00:00,9.89484977722168,9.902029991149902,9.888250350952148,9.893449783325195,9.893449783325195,0
2023-01-26 06:00:00+00:00,9.893460273742676,9.89426040649414,9.88010025024414,9.888030052185059,9.888030052185059,0
2023-01-26 07:00:00+00:00,9.88899040222168,9.908060073852539,9.870109558105469,9.875929832458496,9.875929832458496,0
2023-01-26 08:00:00+00:00,9.874959945678711,9.888699531555176,9.853249549865723,9.884249687194824,9.884249687194824,0
2023-01-26 09:00:00+00:00,9.884260177612305,9.89760971069336,9.873479843139648,9.87777042388916,9.87777042388916,0
2023-01-26 10:00:00+00:00,9.87714958190918,9.883910179138184,9.858790397644043,9.866660118103027,9.866660118103027,0
2023-01-26 11:00:00+00:00,9.86655044555664,9.884810447692871,9.866100311279297,9.879460334777832,9.879460334777832,0
2023-01-26 12:00:00+00:00,9.87874984741211,9.895600318908691,9.863719940185547,9.87837028503418,9.87837028503418,0
2023-01-26 13:00:00+00:00,9.878199577331543,9.901260375976562,9.859789848327637,9.866379737854004,9.866379737854004,0
2023-01-26 14:00:00+00:00,9.865050315856934,9.886690139770508,9.839320182800293,9.872739791870117,9.872739791870117,0
2023-01-26 15:00:00+00:00,9.870389938354492,9.911849975585938,9.86046028137207,9.905659675598145,9.905659675598145,0
2023-01-26 16:00:00+00:00,9.905759811401367,9.920260429382324,9.894570350646973,9.900259971618652,9.900259971618652,0
2023-01-26 17:00:00+00:00,9.900250434875488,9.901989936828613,9.885359764099121,9.894539833068848,9.894539833068848,0
2023-01-26 18:00:00+00:00,9.89540958404541,9.899410247802734,9.872099876403809,9.878419876098633,9.878419876098633,0
2023-01-26 19:00:00+00:00,9.877949714660645,9.881449699401855,9.861949920654297,9.869250297546387,9.869250297546387,0
2023-01-26 20:00:00+00:00,9.86935043334961,9.873259544372559,9.862130165100098,9.864100456237793,9.864100456237793,0
2023-01-26 21:00:00+00:00,9.864959716796875,9.870019912719727,9.857230186462402,9.865030288696289,9.865030288696289,0
2023-01-26 22:00:00+00:00,9.863829612731934,9.863829612731934,9.860730171203613,9.860730171203613,9.860730171203613,0
2023-01-26 23:00:00+00:00,9.86592960357666,9.869779586791992,9.856229782104492,9.860219955444336,9.860219955444336,0
2023-01-27 00:00:00+00:00,9.861390113830566,9.862680435180664,9.853699684143066,9.85785961151123,9.85785961151123,0
2023-01-27 01:00:00+00:00,9.857049942016602,9.873100280761719,9.854849815368652,9.869979858398438,9.869979858398438,0
2023-01-27 02:00:00+00:00,9.870010375976562,9.88068962097168,9.865799903869629,9.880410194396973,9.880410194396973,0
2023-01-27 03:00:00+00:00,9.880229949951172,9.887530326843262,9.873700141906738,9.88444995880127,9.88444995880127,0
2023-01-27 04:00:00+00:00,9.884530067443848,9.89486026763916,9.881400108337402,9.893179893493652,9.893179893493652,0
2023-01-27 05:00:00+00:00,9.892330169677734,9.897379875183105,9.88325023651123,9.885820388793945,9.885820388793945,0
2023-01-27 06:00:00+00:00,9.883890151977539,9.901829719543457,9.882579803466797,9.901359558105469,9.901359558105469,0
2023-01-27 07:00:00+00:00,9.898150444030762,9.904000282287598,9.887809753417969,9.899880409240723,9.899880409240723,0
2023-01-27 08:00:00+00:00,9.898690223693848,9.910110473632812,9.866350173950195,9.866999626159668,9.866999626159668,0
2023-01-27 09:00:00+00:00,9.866950035095215,9.873129844665527,9.855950355529785,9.85746955871582,9.85746955871582,0
2023-01-27 10:00:00+00:00,9.856849670410156,9.87462043762207,9.856849670410156,9.869139671325684,9.869139671325684,0
2023-01-27 11:00:00+00:00,9.869150161743164,9.894519805908203,9.867449760437012,9.884400367736816,9.884400367736816,0
2023-01-27 12:00:00+00:00,9.883689880371094,9.897589683532715,9.872750282287598,9.89661979675293,9.89661979675293,0
2023-01-27 13:00:00+00:00,9.895859718322754,9.912750244140625,9.87695026397705,9.895660400390625,9.895660400390625,0
2023-01-27 14:00:00+00:00,9.8954496383667,9.913660049438477,9.866950035095215,9.882479667663574,9.882479667663574,0
2023-01-27 15:00:00+00:00,9.879590034484863,9.906279563903809,9.851920127868652,9.891510009765625,9.891510009765625,0
2023-01-27 16:00:00+00:00,9.8919095993042,9.903420448303223,9.877099990844727,9.891260147094727,9.891260147094727,0
2023-01-27 17:00:00+00:00,9.891160011291504,9.89844036102295,9.871859550476074,9.875060081481934,9.875060081481934,0
2023-01-27 18:00:00+00:00,9.875690460205078,9.89406967163086,9.873629570007324,9.8818998336792,9.8818998336792,0
2023-01-27 19:00:00+00:00,9.880829811096191,9.884469985961914,9.87185001373291,9.876409530639648,9.876409530639648,0
2023-01-27 20:00:00+00:00,9.875160217285156,9.885530471801758,9.87086009979248,9.883210182189941,9.883210182189941,0
2023-01-27 21:00:00+00:00,9.883259773254395,9.883589744567871,9.865650177001953,9.880769729614258,9.880769729614258,0
2023-01-30 00:00:00+00:00,9.861459732055664,9.867389678955078,9.846850395202637,9.855290412902832,9.855290412902832,0
2023-01-30 01:00:00+00:00,9.856069564819336,9.877099990844727,9.848429679870605,9.860739707946777,9.860739707946777,0
2023-01-30 02:00:00+00:00,9.860739707946777,9.879179954528809,9.856189727783203,9.868220329284668,9.868220329284668,0
2023-01-30 03:00:00+00:00,9.871159553527832,9.889869689941406,9.863960266113281,9.876429557800293,9.876429557800293,0
2023-01-30 04:00:00+00:00,9.879220008850098,9.89109992980957,9.859350204467773,9.883879661560059,9.883879661560059,0
2023-01-30 05:00:00+00:00,9.883689880371094,9.906310081481934,9.876649856567383,9.90114974975586,9.90114974975586,0
2023-01-30 06:00:00+00:00,9.901049613952637,9.907649993896484,9.894370079040527,9.90233039855957,9.90233039855957,0
2023-01-30 07:00:00+00:00,9.90233039855957,9.92018985748291,9.888589859008789,9.913419723510742,9.913419723510742,0
2023-01-30 08:00:00+00:00,9.913189888000488,9.913299560546875,9.867859840393066,9.880610466003418,9.880610466003418,0
2023-01-30 09:00:00+00:00,9.879960060119629,9.885040283203125,9.862380027770996,9.871000289916992,9.871000289916992,0
2023-01-30 10:00:00+00:00,9.87090015411377,9.875189781188965,9.859180450439453,9.868680000305176,9.868680000305176,0
2023-01-30 11:00:00+00:00,9.868599891662598,9.902999877929688,9.865150451660156,9.897749900817871,9.897749900817871,0
2023-01-30 12:00:00+00:00,9.897589683532715,9.903980255126953,9.88446044921875,9.898460388183594,9.898460388183594,0
2023-01-30 13:00:00+00:00,9.898799896240234,9.931699752807617,9.884050369262695,9.929360389709473,9.929360389709473,0
2023-01-30 14:00:00+00:00,9.929539680480957,9.938349723815918,9.900270462036133,9.91666030883789,9.91666030883789,0
2023-01-30 15:00:00+00:00,9.91666030883789,9.941370010375977,9.903450012207031,9.932060241699219,9.932060241699219,0
2023-01-30 16:00:00+00:00,9.931380271911621,9.95991039276123,9.920160293579102,9.94906997680664,9.94906997680664,0
2023-01-30 17:00:00+00:00,9.94867992401123,9.956259727478027,9.942560195922852,9.955419540405273,9.955419540405273,0
2023-01-30 18:00:00+00:00,9.955260276794434,9.9658203125,9.95164966583252,9.957850456237793,9.957850456237793,0
2023-01-30 19:00:00+00:00,9.957850456237793,9.986729621887207,9.955160140991211,9.974909782409668,9.974909782409668,0
2023-01-30 20:00:00+00:00,9.974900245666504,9.979290008544922,9.9662504196167,9.976360321044922,9.976360321044922,0
2023-01-30 21:00:00+00:00,9.977560043334961,9.97776985168457,9.962030410766602,9.963299751281738,9.963299751281738,0
2023-01-30 22:00:00+00:00,9.968170166015625,9.969889640808105,9.962260246276855,9.967169761657715,9.967169761657715,0
2023-01-30 23:00:00+00:00,9.975190162658691,9.983699798583984,9.971010208129883,9.975330352783203,9.975330352783203,0
2023-01-31 00:00:00+00:00,9.974499702453613,9.979330062866211,9.96720027923584,9.971879959106445,9.971879959106445,0
2023-01-31 01:00:00+00:00,9.97113037109375,9.979240417480469,9.961000442504883,9.966910362243652,9.966910362243652,0
2023-01-31 02:00:00+00:00,9.966699600219727,9.979729652404785,9.963299751281738,9.978400230407715,9.978400230407715,0
2023-01-31 03:00:00+00:00,9.978509902954102,9.987600326538086,9.965680122375488,9.986310005187988,9.986310005187988,0
2023-01-31 04:00:00+00:00,9.986310005187988,9.992119789123535,9.98235034942627,9.98604965209961,9.98604965209961,0
2023-01-31 05:00:00+00:00,9.985950469970703,9.994489669799805,9.983409881591797,9.991220474243164,9.991220474243164,0
2023-01-31 06:00:00+00:00,9.991510391235352,9.99429988861084,9.985150337219238,9.988969802856445,9.988969802856445,0
2023-01-31 07:00:00+00:00,9.989669799804688,9.99843978881836,9.972729682922363,9.982709884643555,9.982709884643555,0
2023-01-31 08:00:00+00:00,9.981829643249512,10.037059783935547,9.974459648132324,10.03203010559082,10.03203010559082,0
2023-01-31 09:00:00+00:00,10.03141975402832,10.063850402832031,10.026949882507324,10.047550201416016,10.047550201416016,0
2023-01-31 10:00:00+00:00,10.047889709472656,10.079959869384766,10.045299530029297,10.076849937438965,10.076849937438965,0
2023-01-31 11:00:00+00:00,10.076950073242188,10.079569816589355,10.048029899597168,10.051219940185547,10.051219940185547,0
2023-01-31 12:00:00+00:00,10.05208969116211,10.079050064086914,10.04302978515625,10.077699661254883,10.077699661254883,0
2023-01-31 13:00:00+00:00,10.077699661254883,10.078229904174805,10.030529975891113,10.051389694213867,10.051389694213867,0
2023-01-31 14:00:00+00:00,10.050809860229492,10.0735502243042,10.039010047912598,10.047050476074219,10.047050476074219,0
2023-01-31 15:00:00+00:00,10.04601001739502,10.050950050354004,9.982649803161621,9.986559867858887,9.986559867858887,0
2023-01-31 16:00:00+00:00,9.98604965209961,10.007369995117188,9.971630096435547,10.00214958190918,10.00214958190918,0
2023-01-31 17:00:00+00:00,10.003179550170898,10.012430191040039,9.996450424194336,10.000060081481934,10.000060081481934,0
2023-01-31 18:00:00+00:00,9.999030113220215,10.003179550170898,9.986310005187988,9.994179725646973,9.994179725646973,0
2023-01-31 19:00:00+00:00,9.99530029296875,10.000679969787598,9.984700202941895,9.99374008178711,9.99374008178711,0
2023-01-31 20:00:00+00:00,9.992850303649902,9.995840072631836,9.977149963378906,9.977919578552246,9.977919578552246,0
2023-01-31 21:00:00+00:00,9.97797966003418,9.986969947814941,9.971630096435547,9.979940414428711,9.979940414428711,0
2023-01-31 22:00:00+00:00,9.978560447692871,9.983139991760254,9.974769592285156,9.978790283203125,9.978790283203125,0
2023-01-31 23:00:00+00:00,9.978639602661133,9.982950210571289,9.97284984588623,9.979379653930664,9.979379653930664,0
2023-02-01 00:00:00+00:00,9.980019569396973,9.984390258789062,9.97482967376709,9.977219581604004,9.977219581604004,0
2023-02-01 01:00:00+00:00,9.976949691772461,9.986129760742188,9.972749710083008,9.985179901123047,9.985179901123047,0
2023-02-01 02:00:00+00:00,9.9854097366333,9.992609977722168,9.982749938964844,9.990110397338867,9.990110397338867,0
2023-02-01 03:00:00+00:00,9.990400314331055,9.991800308227539,9.976119995117188,9.98015022277832,9.98015022277832,0
2023-02-01 04:00:00+00:00,9.98015022277832,9.982529640197754,9.968059539794922,9.971480369567871,9.971480369567871,0
2023-02-01 05:00:00+00:00,9.972220420837402,9.976730346679688,9.965140342712402,9.969380378723145,9.969380378723145,0
2023-02-01 06:00:00+00:00,9.969380378723145,9.973810195922852,9.954489707946777,9.972020149230957,9.972020149230957,0
2023-02-01 07:00:00+00:00,9.972100257873535,9.98563003540039,9.959630012512207,9.972979545593262,9.972979545593262,0
2023-02-01 08:00:00+00:00,9.97385025024414,9.977789878845215,9.93904972076416,9.943160057067871,9.943160057067871,0
2023-02-01 09:00:00+00:00,9.941630363464355,9.96300983428955,9.939430236816406,9.959050178527832,9.959050178527832,0
2023-02-01 10:00:00+00:00,9.959369659423828,9.964639663696289,9.941780090332031,9.941949844360352,9.941949844360352,0
2023-02-01 11:00:00+00:00,9.941829681396484,9.948140144348145,9.933380126953125,9.935649871826172,9.935649871826172,0
2023-02-01 12:00:00+00:00,9.936820030212402,9.956000328063965,9.925359725952148,9.951629638671875,9.951629638671875,0
2023-02-01 13:00:00+00:00,9.952879905700684,9.971110343933105,9.94202995300293,9.969869613647461,9.969869613647461,0
2023-02-01 14:00:00+00:00,9.969269752502441,9.972559928894043,9.959609985351562,9.965689659118652,9.965689659118652,0
2023-02-01 15:00:00+00:00,9.962329864501953,10.00175952911377,9.958430290222168,9.98250961303711,9.98250961303711,0
2023-02-01 16:00:00+00:00,9.98196029663086,9.996439933776855,9.969209671020508,9.99590015411377,9.99590015411377,0
2023-02-01 17:00:00+00:00,9.996109962463379,10.015580177307129,9.978190422058105,10.004610061645508,10.004610061645508,0
2023-02-01 18:00:00+00:00,10.004159927368164,10.016059875488281,9.98855972290039,9.99724006652832,9.99724006652832,0
2023-02-01 19:00:00+00:00,9.988180160522461,10.031259536743164,9.88971996307373,9.92510986328125,9.92510986328125,0
2023-02-01 20:00:00+00:00,9.925339698791504,9.933070182800293,9.890350341796875,9.91392993927002,9.91392993927002,0
2023-02-01 21:00:00+00:00,9.913769721984863,9.921589851379395,9.8954496383667,9.904370307922363,9.904370307922363,0
2023-02-01 22:00:00+00:00,9.904239654541016,9.912799835205078,9.899129867553711,9.8997802734375,9.8997802734375,0
2023-02-01 23:00:00+00:00,9.896389961242676,9.897850036621094,9.859199523925781,9.879090309143066,9.879090309143066,0
2023-02-02 00:00:00+00:00,9.880220413208008,9.885129928588867,9.860400199890137,9.874460220336914,9.874460220336914,0
2023-02-02 01:00:00+00:00,9.874449729919434,9.890959739685059,9.870149612426758,9.884739875793457,9.884739875793457,0
2023-02-02 02:00:00+00:00,9.883170127868652,9.88640022277832,9.876449584960938,9.880049705505371,9.880049705505371,0
2023-02-02 03:00:00+00:00,9.880290031433105,9.888790130615234,9.878000259399414,9.882820129394531,9.882820129394531,0
2023-02-02 04:00:00+00:00,9.882829666137695,9.888259887695312,9.86520004272461,9.878649711608887,9.878649711608887,0
2023-02-02 05:00:00+00:00,9.87874984741211,9.881919860839844,9.874199867248535,9.880080223083496,9.880080223083496,0
2023-02-02 06:00:00+00:00,9.880080223083496,9.904820442199707,9.876150131225586,9.904609680175781,9.904609680175781,0
2023-02-02 07:00:00+00:00,9.903059959411621,9.907119750976562,9.881850242614746,9.903240203857422,9.903240203857422,0
2023-02-02 08:00:00+00:00,9.90248966217041,9.917499542236328,9.883950233459473,9.906109809875488,9.906109809875488,0
2023-02-02 09:00:00+00:00,9.906109809875488,9.935669898986816,9.89834976196289,9.92553997039795,9.92553997039795,0
2023-02-02 10:00:00+00:00,9.925049781799316,9.975540161132812,9.92374038696289,9.964659690856934,9.964659690856934,0
2023-02-02 11:00:00+00:00,9.96597957611084,9.97311019897461,9.952659606933594,9.95697021484375,9.95697021484375,0
2023-02-02 12:00:00+00:00,9.95695972442627,9.988069534301758,9.951009750366211,9.972700119018555,9.972700119018555,0
2023-02-02 13:00:00+00:00,9.972700119018555,9.981209754943848,9.947629928588867,9.98075008392334,9.98075008392334,0
2023-02-02 14:00:00+00:00,9.979260444641113,10.043709754943848,9.949000358581543,10.03042984008789,10.03042984008789,0
2023-02-02 15:00:00+00:00,10.035240173339844,10.08115005493164,10.000100135803223,10.002750396728516,10.002750396728516,0
2023-02-02 16:00:00+00:00,10.003410339355469,10.033690452575684,9.989749908447266,10.022390365600586,10.022390365600586,0
2023-02-02 17:00:00+00:00,10.02217960357666,10.04397964477539,10.008560180664062,10.029769897460938,10.029769897460938,0
2023-02-02 18:00:00+00:00,10.02964973449707,10.038029670715332,10.02025032043457,10.025520324707031,10.025520324707031,0
2023-02-02 19:00:00+00:00,10.0246000289917,10.05051040649414,10.017939567565918,10.044090270996094,10.044090270996094,0
2023-02-02 20:00:00+00:00,10.044079780578613,10.052000045776367,10.032819747924805,10.03969955444336,10.03969955444336,0
2023-02-02 21:00:00+00:00,10.038869857788086,10.048970222473145,10.034480094909668,10.044249534606934,10.044249534606934,0
2023-02-02 22:00:00+00:00,10.044719696044922,10.046770095825195,10.03065013885498,10.036660194396973,10.036660194396973,0
2023-02-02 23:00:00+00:00,10.032939910888672,10.043299674987793,10.031700134277344,10.03915023803711,10.03915023803711,0
2023-02-03 00:00:00+00:00,10.042460441589355,10.053319931030273,10.039449691772461,10.048979759216309,10.048979759216309,0
2023-02-03 01:00:00+00:00,10.046850204467773,10.053970336914062,10.041399955749512,10.050149917602539,10.050149917602539,0
2023-02-03 02:00:00+00:00,10.050200462341309,10.067890167236328,10.045299530029297,10.060219764709473,10.060219764709473,0
2023-02-03 03:00:00+00:00,10.062129974365234,10.062649726867676,10.05055046081543,10.057439804077148,10.057439804077148,0
2023-02-03 04:00:00+00:00,10.05836009979248,10.064970016479492,10.049750328063965,10.056039810180664,10.056039810180664,0
2023-02-03 05:00:00+00:00,10.056039810180664,10.060359954833984,10.047679901123047,10.057430267333984,10.057430267333984,0
2023-02-03 06:00:00+00:00,10.056349754333496,10.060750007629395,10.04362964630127,10.047120094299316,10.047120094299316,0
2023-02-03 07:00:00+00:00,10.046449661254883,10.077230453491211,10.04004955291748,10.048859596252441,10.048859596252441,0
2023-02-03 08:00:00+00:00,10.04773998260498,10.079879760742188,10.047249794006348,10.065119743347168,10.065119743347168,0
2023-02-03 09:00:00+00:00,10.064599990844727,10.083049774169922,10.023309707641602,10.026619911193848,10.026619911193848,0
2023-02-03 10:00:00+00:00,10.027739524841309,10.038490295410156,10.014229774475098,10.017250061035156,10.017250061035156,0
2023-02-03 11:00:00+00:00,10.017410278320312,10.04069995880127,10.015060424804688,10.036800384521484,10.036800384521484,0
2023-02-03 12:00:00+00:00,10.03654956817627,10.061229705810547,10.032549858093262,10.040719985961914,10.040719985961914,0
2023-02-03 13:00:00+00:00,10.040800094604492,10.165019989013672,10.029549598693848,10.14465045928955,10.14465045928955,0
2023-02-03 14:00:00+00:00,10.144659996032715,10.161080360412598,10.118880271911621,10.132840156555176,10.132840156555176,0
2023-02-03 15:00:00+00:00,10.133649826049805,10.199049949645996,10.100950241088867,10.121430397033691,10.121430397033691,0
2023-02-03 16:00:00+00:00,10.121319770812988,10.189740180969238,10.119119644165039,10.187600135803223,10.187600135803223,0
2023-02-03 17:00:00+00:00,10.188699722290039,10.201180458068848,10.174599647521973,10.197620391845703,10.197620391845703,0
2023-02-03 18:00:00+00:00,10.196660041809082,10.225250244140625,10.196649551391602,10.206769943237305,10.206769943237305,0
2023-02-03 19:00:00+00:00,10.206159591674805,10.217029571533203,10.2008695602417,10.210519790649414,10.210519790649414,0
2023-02-03 20:00:00+00:00,10.209879875183105,10.22113037109375,10.208370208740234,10.217820167541504,10.217820167541504,0
2023-02-03 21:00:00+00:00,10.21741008758545,10.21930980682373,10.208290100097656,10.216130256652832,10.216130256652832,0
2023-02-06 00:00:00+00:00,10.220769882202148,10.236000061035156,10.214170455932617,10.224820137023926,10.224820137023926,0
2023-02-06 01:00:00+00:00,10.224479675292969,10.2333402633667,10.214599609375,10.22301959991455,10.22301959991455,0
2023-02-06 02:00:00+00:00,10.223010063171387,10.227890014648438,10.210650444030762,10.220029830932617,10.220029830932617,0
2023-02-06 03:00:00+00:00,10.217300415039062,10.223349571228027,10.210200309753418,10.221220016479492,10.221220016479492,0
2023-02-06 04:00:00+00:00,10.221220016479492,10.222840309143066,10.208700180053711,10.213069915771484,10.213069915771484,0
2023-02-06 05:00:00+00:00,10.212409973144531,10.219249725341797,10.20300006866455,10.20602035522461,10.20602035522461,0
2023-02-06 06:00:00+00:00,10.205880165100098,10.217120170593262,10.200599670410156,10.211959838867188,10.211959838867188,0
2023-02-06 07:00:00+00:00,10.210550308227539,10.22838020324707,10.20221996307373,10.228320121765137,10.228320121765137,0
2023-02-06 08:00:00+00:00,10.227689743041992,10.269780158996582,10.221529960632324,10.254050254821777,10.254050254821777,0
2023-02-06 09:00:00+00:00,10.253170013427734,10.28318977355957,10.244139671325684,10.276430130004883,10.276430130004883,0
2023-02-06 10:00:00+00:00,10.276439666748047,10.302249908447266,10.27083969116211,10.27439022064209,10.27439022064209,0
2023-02-06 11:00:00+00:00,10.27396011352539,10.289050102233887,10.268170356750488,10.27040958404541,10.27040958404541,0
2023-02-06 12:00:00+00:00,10.270150184631348,10.272709846496582,10.230859756469727,10.251179695129395,10.251179695129395,0
2023-02-06 13:00:00+00:00,10.250869750976562,10.282440185546875,10.240870475769043,10.27534008026123,10.27534008026123,0
2023-02-06 14:00:00+00:00,10.27532958984375,10.319660186767578,10.271769523620605,10.309550285339355,10.309550285339355,0
2023-02-06 15:00:00+00:00,10.309550285339355,10.349800109863281,10.304759979248047,10.34253978729248,10.34253978729248,0
2023-02-06 16:00:00+00:00,10.343549728393555,10.358539581298828,10.324179649353027,10.350259780883789,10.350259780883789,0
2023-02-06 17:00:00+00:00,10.351090431213379,10.367449760437012,10.348380088806152,10.359350204467773,10.359350204467773,0
2023-02-06 18:00:00+00:00,10.358960151672363,10.362569808959961,10.341259956359863,10.345219612121582,10.345219612121582,0
2023-02-06 19:00:00+00:00,10.34552001953125,10.350540161132812,10.326040267944336,10.34119987487793,10.34119987487793,0
2023-02-06 20:00:00+00:00,10.341190338134766,10.349100112915039,10.3329496383667,10.334569931030273,10.334569931030273,0
2023-02-06 21:00:00+00:00,10.335419654846191,10.341859817504883,10.32843017578125,10.335570335388184,10.335570335388184,0
2023-02-06 22:00:00+00:00,10.336540222167969,10.336540222167969,10.325929641723633,10.329449653625488,10.329449653625488,0
2023-02-06 23:00:00+00:00,10.326720237731934,10.340100288391113,10.325200080871582,10.331379890441895,10.331379890441895,0
2023-02-07 00:00:00+00:00,10.329469680786133,10.33273983001709,10.320099830627441,10.322360038757324,10.322360038757324,0
2023-02-07 01:00:00+00:00,10.321149826049805,10.325260162353516,10.309100151062012,10.314140319824219,10.314140319824219,0
2023-02-07 02:00:00+00:00,10.313349723815918,10.318940162658691,10.304980278015137,10.306750297546387,10.306750297546387,0
2023-02-07 03:00:00+00:00,10.306650161743164,10.319930076599121,10.301239967346191,10.308030128479004,10.308030128479004,0
2023-02-07 04:00:00+00:00,10.306550025939941,10.32190990447998,10.30504035949707,10.316619873046875,10.316619873046875,0
2023-02-07 05:00:00+00:00,10.316659927368164,10.319290161132812,10.303959846496582,10.306599617004395,10.306599617004395,0
2023-02-07 06:00:00+00:00,10.303420066833496,10.311619758605957,10.300020217895508,10.302189826965332,10.302189826965332,0
2023-02-07 07:00:00+00:00,10.302020072937012,10.327269554138184,10.285079956054688,10.325050354003906,10.325050354003906,0
2023-02-07 08:00:00+00:00,10.325810432434082,10.343299865722656,10.311980247497559,10.324609756469727,10.324609756469727,0
2023-02-07 09:00:00+00:00,10.322640419006348,10.346630096435547,10.3100004196167,10.345479965209961,10.345479965209961,0
2023-02-07 10:00:00+00:00,10.344470024108887,10.376569747924805,10.33825969696045,10.371829986572266,10.371829986572266,0
2023-02-07 11:00:00+00:00,10.371259689331055,10.404800415039062,10.363459587097168,10.402350425720215,10.402350425720215,0
2023-02-07 12:00:00+00:00,10.402440071105957,10.405790328979492,10.382220268249512,10.38992977142334,10.38992977142334,0
2023-02-07 13:00:00+00:00,10.389920234680176,10.432600021362305,10.386560440063477,10.419560432434082,10.419560432434082,0
2023-02-07 14:00:00+00:00,10.41923999786377,10.428939819335938,10.409819602966309,10.416239738464355,10.416239738464355,0
2023-02-07 15:00:00+00:00,10.416150093078613,10.422039985656738,10.379199981689453,10.380999565124512,10.380999565124512,0
2023-02-07 16:00:00+00:00,10.380539894104004,10.393460273742676,10.35081958770752,10.377909660339355,10.377909660339355,0
2023-02-07 17:00:00+00:00,10.377440452575684,10.403420448303223,10.275230407714844,10.285670280456543,10.285670280456543,0
2023-02-07 18:00:00+00:00,10.285670280456543,10.400710105895996,10.277139663696289,10.373370170593262,10.373370170593262,0
2023-02-07 19:00:00+00:00,10.37304973602295,10.373760223388672,10.32213020324707,10.337470054626465,10.337470054626465,0
2023-02-07 20:00:00+00:00,10.33745002746582,10.352109909057617,10.319140434265137,10.324529647827148,10.324529647827148,0
2023-02-07 21:00:00+00:00,10.324440002441406,10.328160285949707,10.303409576416016,10.310330390930176,10.310330390930176,0
2023-02-07 22:00:00+00:00,10.309370040893555,10.315139770507812,10.305100440979004,10.311739921569824,10.311739921569824,0
2023-02-07 23:00:00+00:00,10.311070442199707,10.32151985168457,10.30663013458252,10.311820030212402,10.311820030212402,0
2023-02-08 00:00:00+00:00,10.312999725341797,10.319129943847656,10.307140350341797,10.312789916992188,10.312789916992188,0
2023-02-08 01:00:00+00:00,10.311880111694336,10.325019836425781,10.302840232849121,10.317970275878906,10.317970275878906,0
2023-02-08 02:00:00+00:00,10.317970275878906,10.323659896850586,10.30935001373291,10.311820030212402,10.311820030212402,0
2023-02-08 03:00:00+00:00,10.311079978942871,10.316849708557129,10.30762004852295,10.310279846191406,10.310279846191406,0
2023-02-08 04:00:00+00:00,10.310770034790039,10.31350040435791,10.30700969696045,10.307629585266113,10.307629585266113,0
2023-02-08 05:00:00+00:00,10.308819770812988,10.31641960144043,10.30679988861084,10.309149742126465,10.309149742126465,0
2023-02-08 06:00:00+00:00,10.309149742126465,10.312470436096191,10.299240112304688,10.309989929199219,10.309989929199219,0
2023-02-08 07:00:00+00:00,10.312470436096191,10.319109916687012,10.240779876708984,10.241430282592773,10.241430282592773,0
2023-02-08 08:00:00+00:00,10.241669654846191,10.276419639587402,10.236749649047852,10.245189666748047,10.245189666748047,0
2023-02-08 09:00:00+00:00,10.245089530944824,10.251049995422363,10.227609634399414,10.229249954223633,10.229249954223633,0
2023-02-08 10:00:00+00:00,10.230039596557617,10.250329971313477,10.229339599609375,10.238189697265625,10.238189697265625,0
2023-02-08 11:00:00+00:00,10.238120079040527,10.259149551391602,10.232879638671875,10.25687026977539,10.25687026977539,0
2023-02-08 12:00:00+00:00,10.256890296936035,10.271849632263184,10.236080169677734,10.2710599899292,10.2710599899292,0
2023-02-08 13:00:00+00:00,10.271719932556152,10.285320281982422,10.263629913330078,10.268930435180664,10.268930435180664,0
2023-02-08 14:00:00+00:00,10.267539978027344,10.299200057983398,10.251150131225586,10.285099983215332,10.285099983215332,0
2023-02-08 15:00:00+00:00,10.28378963470459,10.334409713745117,10.279629707336426,10.310480117797852,10.310480117797852,0
2023-02-08 16:00:00+00:00,10.30994987487793,10.33076000213623,10.292630195617676,10.300600051879883,10.300600051879883,0
2023-02-08 17:00:00+00:00,10.300600051879883,10.305780410766602,10.284379959106445,10.300149917602539,10.300149917602539,0
2023-02-08 18:00:00+00:00,10.299440383911133,10.310649871826172,10.278200149536133,10.295040130615234,10.295040130615234,0
2023-02-08 19:00:00+00:00,10.295299530029297,10.312910079956055,10.28635025024414,10.310759544372559,10.310759544372559,0
2023-02-08 20:00:00+00:00,10.31095027923584,10.32373046875,10.304630279541016,10.312150001525879,10.312150001525879,0
2023-02-08 21:00:00+00:00,10.31227970123291,10.320659637451172,10.301819801330566,10.316269874572754,10.316269874572754,0
2023-02-08 22:00:00+00:00,10.307100296020508,10.307100296020508,10.301369667053223,10.301369667053223,10.301369667053223,0
2023-02-08 23:00:00+00:00,10.304100036621094,10.317330360412598,10.30208969116211,10.307760238647461,10.307760238647461,0
2023-02-09 00:00:00+00:00,10.306819915771484,10.312399864196777,10.305439949035645,10.310150146484375,10.310150146484375,0
2023-02-09 01:00:00+00:00,10.3123197555542,10.318449974060059,10.292099952697754,10.294659614562988,10.294659614562988,0
2023-02-09 02:00:00+00:00,10.293140411376953,10.300589561462402,10.28600025177002,10.290780067443848,10.290780067443848,0
2023-02-09 03:00:00+00:00,10.290769577026367,10.294870376586914,10.281200408935547,10.289340019226074,10.289340019226074,0
2023-02-09 04:00:00+00:00,10.289349555969238,10.291540145874023,10.285300254821777,10.28594970703125,10.28594970703125,0
2023-02-09 05:00:00+00:00,10.285940170288086,10.287429809570312,10.26984977722168,10.274760246276855,10.274760246276855,0
2023-02-09 06:00:00+00:00,10.274760246276855,10.277950286865234,10.260749816894531,10.26298999786377,10.26298999786377,0
2023-02-09 07:00:00+00:00,10.260950088500977,10.281559944152832,10.25352954864502,10.260089874267578,10.260089874267578,0
2023-02-09 08:00:00+00:00,10.259360313415527,10.260419845581055,10.199020385742188,10.20044994354248,10.20044994354248,0
2023-02-09 09:00:00+00:00,10.200349807739258,10.203530311584473,10.155380249023438,10.15956974029541,10.15956974029541,0
2023-02-09 10:00:00+00:00,10.158539772033691,10.170780181884766,10.112159729003906,10.112159729003906,10.112159729003906,0
2023-02-09 11:00:00+00:00,10.112669944763184,10.161120414733887,10.110440254211426,10.142169952392578,10.142169952392578,0
2023-02-09 12:00:00+00:00,10.142539978027344,10.161510467529297,10.123889923095703,10.124859809875488,10.124859809875488,0
2023-02-09 13:00:00+00:00,10.125040054321289,10.135089874267578,10.090459823608398,10.093549728393555,10.093549728393555,0
2023-02-09 14:00:00+00:00,10.094149589538574,10.135600090026855,10.093689918518066,10.130789756774902,10.130789756774902,0
2023-02-09 15:00:00+00:00,10.133049964904785,10.139479637145996,10.104940414428711,10.118490219116211,10.118490219116211,0
2023-02-09 16:00:00+00:00,10.117059707641602,10.154500007629395,10.113920211791992,10.14013957977295,10.14013957977295,0
2023-02-09 17:00:00+00:00,10.140230178833008,10.167840003967285,10.132149696350098,10.155579566955566,10.155579566955566,0
2023-02-09 18:00:00+00:00,10.153840065002441,10.16588020324707,10.152159690856934,10.164620399475098,10.164620399475098,0
2023-02-09 19:00:00+00:00,10.1637601852417,10.17626953125,10.155559539794922,10.16819953918457,10.16819953918457,0
2023-02-09 20:00:00+00:00,10.16808032989502,10.181209564208984,10.166350364685059,10.179780006408691,10.179780006408691,0
2023-02-09 21:00:00+00:00,10.179109573364258,10.185779571533203,10.165969848632812,10.166580200195312,10.166580200195312,0
2023-02-09 22:00:00+00:00,10.171660423278809,10.175530433654785,10.167799949645996,10.171420097351074,10.171420097351074,0
2023-02-09 23:00:00+00:00,10.15192985534668,10.178790092468262,10.149490356445312,10.175299644470215,10.175299644470215,0
2023-02-10 00:00:00+00:00,10.176529884338379,10.187379837036133,10.173660278320312,10.177940368652344,10.177940368652344,0
2023-02-10 01:00:00+00:00,10.177949905395508,10.19342041015625,10.171540260314941,10.187939643859863,10.187939643859863,0
2023-02-10 02:00:00+00:00,10.188090324401855,10.201199531555176,10.186429977416992,10.199629783630371,10.199629783630371,0
2023-02-10 03:00:00+00:00,10.199319839477539,10.213199615478516,10.194899559020996,10.209830284118652,10.209830284118652,0
2023-02-10 04:00:00+00:00,10.209939956665039,10.214030265808105,10.2041597366333,10.213139533996582,10.213139533996582,0
2023-02-10 05:00:00+00:00,10.21343994140625,10.216560363769531,10.200300216674805,10.204050064086914,10.204050064086914,0
2023-02-10 06:00:00+00:00,10.204050064086914,10.206379890441895,10.195730209350586,10.203020095825195,10.203020095825195,0
2023-02-10 07:00:00+00:00,10.199649810791016,10.204319953918457,10.140270233154297,10.152870178222656,10.152870178222656,0
2023-02-10 08:00:00+00:00,10.151679992675781,10.175829887390137,10.112649917602539,10.123299598693848,10.123299598693848,0
2023-02-10 09:00:00+00:00,10.123299598693848,10.161399841308594,10.10254955291748,10.160360336303711,10.160360336303711,0
2023-02-10 10:00:00+00:00,10.159350395202637,10.19651985168457,10.156570434570312,10.174759864807129,10.174759864807129,0
2023-02-10 11:00:00+00:00,10.175069808959961,10.187250137329102,10.163640022277832,10.164340019226074,10.164340019226074,0
2023-02-10 12:00:00+00:00,10.164380073547363,10.181249618530273,10.154979705810547,10.169150352478027,10.169150352478027,0
2023-02-10 13:00:00+00:00,10.168350219726562,10.176600456237793,10.143340110778809,10.147839546203613,10.147839546203613,0
2023-02-10 14:00:00+00:00,10.149060249328613,10.160499572753906,10.123149871826172,10.131959915161133,10.131959915161133,0
2023-02-10 15:00:00+00:00,10.136300086975098,10.15112018585205,10.095939636230469,10.129480361938477,10.129480361938477,0
2023-02-10 16:00:00+00:00,10.129610061645508,10.164779663085938,10.12594985961914,10.161520004272461,10.161520004272461,0
2023-02-10 17:00:00+00:00,10.161529541015625,10.17432975769043,10.157340049743652,10.169429779052734,10.169429779052734,0
2023-02-10 18:00:00+00:00,10.168190002441406,10.16996955871582,10.1537504196167,10.166159629821777,10.166159629821777,0
2023-02-10 19:00:00+00:00,10.166430473327637,10.170280456542969,10.157099723815918,10.161279678344727,10.161279678344727,0
2023-02-10 20:00:00+00:00,10.16176986694336,10.162260055541992,10.129420280456543,10.141550064086914,10.141550064086914,0
2023-02-10 21:00:00+00:00,10.141779899597168,10.150360107421875,10.133179664611816,10.144479751586914,10.144479751586914,0
2023-02-13 00:00:00+00:00,10.135869979858398,10.166230201721191,10.135809898376465,10.159070014953613,10.159070014953613,0
2023-02-13 01:00:00+00:00,10.158980369567871,10.183560371398926,10.13949966430664,10.166780471801758,10.166780471801758,0
2023-02-13 02:00:00+00:00,10.168499946594238,10.178500175476074,10.163860321044922,10.16942024230957,10.16942024230957,0
2023-02-13 03:00:00+00:00,10.1693696975708,10.173040390014648,10.156310081481934,10.17136001586914,10.17136001586914,0
2023-02-13 04:00:00+00:00,10.17317008972168,10.175700187683105,10.161149978637695,10.169219970703125,10.169219970703125,0
2023-02-13 05:00:00+00:00,10.169219970703125,10.182299613952637,10.165820121765137,10.175189971923828,10.175189971923828,0
2023-02-13 06:00:00+00:00,10.175909996032715,10.178400039672852,10.155920028686523,10.162300109863281,10.162300109863281,0
2023-02-13 07:00:00+00:00,10.163209915161133,10.164999961853027,10.138150215148926,10.144579887390137,10.144579887390137,0
2023-02-13 08:00:00+00:00,10.145609855651855,10.168109893798828,10.137269973754883,10.154199600219727,10.154199600219727,0
2023-02-13 09:00:00+00:00,10.154370307922363,10.178400039672852,10.138139724731445,10.16664981842041,10.16664981842041,0
2023-02-13 10:00:00+00:00,10.165949821472168,10.169480323791504,10.151439666748047,10.15524959564209,10.15524959564209,0
2023-02-13 11:00:00+00:00,10.1537504196167,10.160490036010742,10.132940292358398,10.143150329589844,10.143150329589844,0
2023-02-13 12:00:00+00:00,10.143349647521973,10.15431022644043,10.11340045928955,10.11653995513916,10.11653995513916,0
2023-02-13 13:00:00+00:00,10.115779876708984,10.148719787597656,10.106240272521973,10.140789985656738,10.140789985656738,0
2023-02-13 14:00:00+00:00,10.141429901123047,10.14795970916748,10.11637020111084,10.119389533996582,10.119389533996582,0
2023-02-13 15:00:00+00:00,10.119389533996582,10.130780220031738,10.086819648742676,10.101900100708008,10.101900100708008,0
2023-02-13 16:00:00+00:00,10.101909637451172,10.118980407714844,10.090189933776855,10.106049537658691,10.106049537658691,0
2023-02-13 17:00:00+00:00,10.106049537658691,10.108440399169922,10.09823989868164,10.10321044921875,10.10321044921875,0
2023-02-13 18:00:00+00:00,10.103219985961914,10.111749649047852,10.09060001373291,10.096949577331543,10.096949577331543,0
2023-02-13 19:00:00+00:00,10.096839904785156,10.113880157470703,10.095580101013184,10.104519844055176,10.104519844055176,0
2023-02-13 20:00:00+00:00,10.104399681091309,10.109539985656738,10.095149993896484,10.095720291137695,10.095720291137695,0
2023-02-13 21:00:00+00:00,10.096639633178711,10.098150253295898,10.086999893188477,10.092570304870605,10.092570304870605,0
2023-02-13 22:00:00+00:00,10.08788013458252,10.102529525756836,10.082759857177734,10.087200164794922,10.087200164794922,0
2023-02-13 23:00:00+00:00,10.08845043182373,10.093700408935547,10.082039833068848,10.08430004119873,10.08430004119873,0
2023-02-14 00:00:00+00:00,10.084870338439941,10.088199615478516,10.071100234985352,10.07919979095459,10.07919979095459,0
2023-02-14 01:00:00+00:00,10.07964038848877,10.105609893798828,10.077349662780762,10.104640007019043,10.104640007019043,0
2023-02-14 02:00:00+00:00,10.104640007019043,10.114029884338379,10.095549583435059,10.097180366516113,10.097180366516113,0
2023-02-14 03:00:00+00:00,10.09589958190918,10.100640296936035,10.087180137634277,10.090840339660645,10.090840339660645,0
2023-02-14 04:00:00+00:00,10.090689659118652,10.096269607543945,10.082550048828125,10.090649604797363,10.090649604797363,0
2023-02-14 05:00:00+00:00,10.089739799499512,10.096619606018066,10.086649894714355,10.091239929199219,10.091239929199219,0
2023-02-14 06:00:00+00:00,10.091480255126953,10.09650993347168,10.0833101272583,10.08633041381836,10.08633041381836,0
2023-02-14 07:00:00+00:00,10.086629867553711,10.111889839172363,10.07726001739502,10.098649978637695,10.098649978637695,0
2023-02-14 08:00:00+00:00,10.099309921264648,10.104610443115234,10.074179649353027,10.077560424804688,10.077560424804688,0
2023-02-14 09:00:00+00:00,10.078439712524414,10.08428955078125,10.061090469360352,10.074580192565918,10.074580192565918,0
2023-02-14 10:00:00+00:00,10.074589729309082,10.101969718933105,10.070389747619629,10.089460372924805,10.089460372924805,0
2023-02-14 11:00:00+00:00,10.090649604797363,10.09943962097168,10.078660011291504,10.097350120544434,10.097350120544434,0
2023-02-14 12:00:00+00:00,10.098600387573242,10.118000030517578,10.091480255126953,10.103560447692871,10.103560447692871,0
2023-02-14 13:00:00+00:00,10.105119705200195,10.140680313110352,10.042670249938965,10.11201000213623,10.11201000213623,0
2023-02-14 14:00:00+00:00,10.112600326538086,10.212960243225098,10.097370147705078,10.132010459899902,10.132010459899902,0
2023-02-14 15:00:00+00:00,10.131239891052246,10.165249824523926,10.081089973449707,10.150580406188965,10.150580406188965,0
2023-02-14 16:00:00+00:00,10.150959968566895,10.173080444335938,10.126680374145508,10.159130096435547,10.159130096435547,0
2023-02-14 17:00:00+00:00,10.158510208129883,10.159549713134766,10.13776969909668,10.139010429382324,10.139010429382324,0
2023-02-14 18:00:00+00:00,10.140049934387207,10.14115047454834,10.107439994812012,10.137649536132812,10.137649536132812,0
2023-02-14 19:00:00+00:00,10.137660026550293,10.152939796447754,10.128049850463867,10.128910064697266,10.128910064697266,0
2023-02-14 20:00:00+00:00,10.128350257873535,10.137920379638672,10.1274995803833,10.13230037689209,10.13230037689209,0
2023-02-14 21:00:00+00:00,10.131389617919922,10.133440017700195,10.121310234069824,10.123649597167969,10.123649597167969,0
2023-02-14 22:00:00+00:00,10.107190132141113,10.114660263061523,10.105039596557617,10.114660263061523,10.114660263061523,0
2023-02-14 23:00:00+00:00,10.119560241699219,10.137299537658691,10.116800308227539,10.1345796585083,10.1345796585083,0
2023-02-15 00:00:00+00:00,10.135740280151367,10.146430015563965,10.129240036010742,10.136520385742188,10.136520385742188,0
2023-02-15 01:00:00+00:00,10.138239860534668,10.14171028137207,10.128239631652832,10.137829780578613,10.137829780578613,0
2023-02-15 02:00:00+00:00,10.138449668884277,10.173009872436523,10.135499954223633,10.168399810791016,10.168399810791016,0
2023-02-15 03:00:00+00:00,10.168270111083984,10.183039665222168,10.158610343933105,10.182239532470703,10.182239532470703,0
2023-02-15 04:00:00+00:00,10.181839942932129,10.18552017211914,10.172200202941895,10.179840087890625,10.179840087890625,0
2023-02-15 05:00:00+00:00,10.179949760437012,10.186699867248535,10.174500465393066,10.183850288391113,10.183850288391113,0
2023-02-15 06:00:00+00:00,10.183440208435059,10.208510398864746,10.173569679260254,10.188220024108887,10.188220024108887,0
2023-02-15 07:00:00+00:00,10.188050270080566,10.236700057983398,10.185150146484375,10.22070026397705,10.22070026397705,0
2023-02-15 08:00:00+00:00,10.216360092163086,10.224550247192383,10.167799949645996,10.181440353393555,10.181440353393555,0
2023-02-15 09:00:00+00:00,10.18124008178711,10.196940422058105,10.163140296936035,10.170769691467285,10.170769691467285,0
2023-02-15 10:00:00+00:00,10.171170234680176,10.179120063781738,10.154950141906738,10.176600456237793,10.176600456237793,0
2023-02-15 11:00:00+00:00,10.176600456237793,10.182089805603027,10.157440185546875,10.180899620056152,10.180899620056152,0
2023-02-15 12:00:00+00:00,10.180899620056152,10.197830200195312,10.165349960327148,10.196990013122559,10.196990013122559,0
2023-02-15 13:00:00+00:00,10.195799827575684,10.234020233154297,10.185839653015137,10.222649574279785,10.222649574279785,0
2023-02-15 14:00:00+00:00,10.221480369567871,10.24512004852295,10.20497989654541,10.244729995727539,10.244729995727539,0
2023-02-15 15:00:00+00:00,10.243729591369629,10.24567985534668,10.211179733276367,10.22383975982666,10.22383975982666,0
2023-02-15 16:00:00+00:00,10.22449016571045,10.244050025939941,10.21072006225586,10.217690467834473,10.217690467834473,0
2023-02-15 17:00:00+00:00,10.21737003326416,10.244890213012695,10.21615982055664,10.235980033874512,10.235980033874512,0
2023-02-15 18:00:00+00:00,10.235980033874512,10.243410110473633,10.216259956359863,10.221229553222656,10.221229553222656,0
2023-02-15 19:00:00+00:00,10.221199989318848,10.223310470581055,10.2091703414917,10.219849586486816,10.219849586486816,0
2023-02-15 20:00:00+00:00,10.218259811401367,10.219799995422363,10.201640129089355,10.202420234680176,10.202420234680176,0
2023-02-15 21:00:00+00:00,10.20365047454834,10.210169792175293,10.196599960327148,10.20736026763916,10.20736026763916,0
2023-02-15 22:00:00+00:00,10.201499938964844,10.20199966430664,10.193710327148438,10.197759628295898,10.197759628295898,0
2023-02-15 23:00:00+00:00,10.202930450439453,10.212739944458008,10.199620246887207,10.206680297851562,10.206680297851562,0
2023-02-16 00:00:00+00:00,10.20680046081543,10.236599922180176,10.184860229492188,10.21323013305664,10.21323013305664,0
2023-02-16 01:00:00+00:00,10.21321964263916,10.216899871826172,10.17609977722168,10.179739952087402,10.179739952087402,0
2023-02-16 02:00:00+00:00,10.18004035949707,10.185040473937988,10.164839744567871,10.167169570922852,10.167169570922852,0
2023-02-16 03:00:00+00:00,10.167169570922852,10.178509712219238,10.166150093078613,10.176580429077148,10.176580429077148,0
2023-02-16 04:00:00+00:00,10.17615032196045,10.179240226745605,10.172900199890137,10.179240226745605,10.179240226745605,0
2023-02-16 05:00:00+00:00,10.179240226745605,10.188360214233398,10.173299789428711,10.179149627685547,10.179149627685547,0
2023-02-16 06:00:00+00:00,10.179169654846191,10.201199531555176,10.1739501953125,10.197879791259766,10.197879791259766,0
2023-02-16 07:00:00+00:00,10.199020385742188,10.209190368652344,10.188469886779785,10.192620277404785,10.192620277404785,0
2023-02-16 08:00:00+00:00,10.191679954528809,10.194999694824219,10.146430015563965,10.173139572143555,10.173139572143555,0
2023-02-16 09:00:00+00:00,10.173150062561035,10.205829620361328,10.161439895629883,10.197710037231445,10.197710037231445,0
2023-02-16 10:00:00+00:00,10.19694995880127,10.215319633483887,10.192239761352539,10.212989807128906,10.212989807128906,0
2023-02-16 11:00:00+00:00,10.212149620056152,10.21465015411377,10.199629783630371,10.204489707946777,10.204489707946777,0
2023-02-16 12:00:00+00:00,10.203229904174805,10.241900444030762,10.198240280151367,10.240690231323242,10.240690231323242,0
2023-02-16 13:00:00+00:00,10.24094009399414,10.28810977935791,10.2224702835083,10.271519660949707,10.271519660949707,0
2023-02-16 14:00:00+00:00,10.27157974243164,10.297109603881836,10.252750396728516,10.28872013092041,10.28872013092041,0
2023-02-16 15:00:00+00:00,10.28905963897705,10.31039047241211,10.249239921569824,10.252039909362793,10.252039909362793,0
2023-02-16 16:00:00+00:00,10.252229690551758,10.261059761047363,10.21854019165039,10.235939979553223,10.235939979553223,0
2023-02-16 17:00:00+00:00,10.236499786376953,10.245180130004883,10.222350120544434,10.227239608764648,10.227239608764648,0
2023-02-16 18:00:00+00:00,10.228989601135254,10.243379592895508,10.221139907836914,10.228910446166992,10.228910446166992,0
2023-02-16 19:00:00+00:00,10.228480339050293,10.229240417480469,10.201040267944336,10.22482967376709,10.22482967376709,0
2023-02-16 20:00:00+00:00,10.224650382995605,10.259819984436035,10.22383975982666,10.253899574279785,10.253899574279785,0
2023-02-16 21:00:00+00:00,10.254050254821777,10.264089584350586,10.239049911499023,10.249970436096191,10.249970436096191,0
2023-02-16 22:00:00+00:00,10.247819900512695,10.265660285949707,10.238860130310059,10.251350402832031,10.251350402832031,0
2023-02-16 23:00:00+00:00,10.251070022583008,10.263779640197754,10.245100021362305,10.260709762573242,10.260709762573242,0
2023-02-17 00:00:00+00:00,10.260950088500977,10.279319763183594,10.258999824523926,10.26278018951416,10.26278018951416,0
2023-02-17 01:00:00+00:00,10.261679649353027,10.286049842834473,10.254639625549316,10.283349990844727,10.283349990844727,0
2023-02-17 02:00:00+00:00,10.283260345458984,10.290430068969727,10.27394962310791,10.28573989868164,10.28573989868164,0
2023-02-17 03:00:00+00:00,10.285730361938477,10.29028034210205,10.279080390930176,10.286250114440918,10.286250114440918,0
2023-02-17 04:00:00+00:00,10.285280227661133,10.30282974243164,10.279640197753906,10.293680191040039,10.293680191040039,0
2023-02-17 05:00:00+00:00,10.293410301208496,10.304340362548828,10.282830238342285,10.299880027770996,10.299880027770996,0
2023-02-17 06:00:00+00:00,10.299880027770996,10.308349609375,10.293299674987793,10.296819686889648,10.296819686889648,0
2023-02-17 07:00:00+00:00,10.296830177307129,10.312649726867676,10.285499572753906,10.300399780273438,10.300399780273438,0
2023-02-17 08:00:00+00:00,10.30012035369873,10.338029861450195,10.29835033416748,10.328559875488281,10.328559875488281,0
2023-02-17 09:00:00+00:00,10.328149795532227,10.3443603515625,10.297439575195312,10.331549644470215,10.331549644470215,0
2023-02-17 10:00:00+00:00,10.331119537353516,10.347829818725586,10.329919815063477,10.337249755859375,10.337249755859375,0
2023-02-17 11:00:00+00:00,10.337249755859375,10.367219924926758,10.335260391235352,10.363180160522461,10.363180160522461,0
2023-02-17 12:00:00+00:00,10.363180160522461,10.370829582214355,10.344840049743652,10.361180305480957,10.361180305480957,0
2023-02-17 13:00:00+00:00,10.361249923706055,10.374899864196777,10.325160026550293,10.329850196838379,10.329850196838379,0
2023-02-17 14:00:00+00:00,10.329819679260254,10.354379653930664,10.313469886779785,10.348139762878418,10.348139762878418,0
2023-02-17 15:00:00+00:00,10.349080085754395,10.349080085754395,10.278889656066895,10.317549705505371,10.317549705505371,0
2023-02-17 16:00:00+00:00,10.317549705505371,10.327890396118164,10.29990005493164,10.302530288696289,10.302530288696289,0
2023-02-17 17:00:00+00:00,10.302519798278809,10.306360244750977,10.275059700012207,10.304719924926758,10.304719924926758,0
2023-02-17 18:00:00+00:00,10.304719924926758,10.316069602966309,10.294349670410156,10.300410270690918,10.300410270690918,0
2023-02-17 19:00:00+00:00,10.299150466918945,10.301139831542969,10.275039672851562,10.279000282287598,10.279000282287598,0
2023-02-17 20:00:00+00:00,10.279150009155273,10.282859802246094,10.26867961883545,10.280779838562012,10.280779838562012,0
2023-02-17 21:00:00+00:00,10.279789924621582,10.281660079956055,10.270600318908691,10.277770042419434,10.277770042419434,0
2023-02-20 00:00:00+00:00,10.284879684448242,10.306249618530273,10.27970027923584,10.294260025024414,10.294260025024414,0
2023-02-20 01:00:00+00:00,10.293910026550293,10.302140235900879,10.282139778137207,10.291199684143066,10.291199684143066,0
2023-02-20 02:00:00+00:00,10.290240287780762,10.29319953918457,10.275300025939941,10.28069019317627,10.28069019317627,0
2023-02-20 03:00:00+00:00,10.280699729919434,10.28594970703125,10.27649974822998,10.278360366821289,10.278360366821289,0
2023-02-20 04:00:00+00:00,10.277700424194336,10.280460357666016,10.268400192260742,10.273630142211914,10.273630142211914,0
2023-02-20 05:00:00+00:00,10.273550033569336,10.275839805603027,10.255840301513672,10.259010314941406,10.259010314941406,0
2023-02-20 06:00:00+00:00,10.25883960723877,10.273039817810059,10.24666976928711,10.261170387268066,10.261170387268066,0
2023-02-20 07:00:00+00:00,10.261670112609863,10.26636028289795,10.242259979248047,10.247150421142578,10.247150421142578,0
2023-02-20 08:00:00+00:00,10.247739791870117,10.275810241699219,10.245840072631836,10.258959770202637,10.258959770202637,0
2023-02-20 09:00:00+00:00,10.259550094604492,10.27985954284668,10.251279830932617,10.279840469360352,10.279840469360352,0
2023-02-20 10:00:00+00:00,10.278149604797363,10.283559799194336,10.253479957580566,10.254670143127441,10.254670143127441,0
2023-02-20 11:00:00+00:00,10.253549575805664,10.259940147399902,10.236769676208496,10.246829986572266,10.246829986572266,0
2023-02-20 12:00:00+00:00,10.24608039855957,10.278079986572266,10.245429992675781,10.274239540100098,10.274239540100098,0
2023-02-20 13:00:00+00:00,10.275910377502441,10.278369903564453,10.24094009399414,10.242239952087402,10.242239952087402,0
2023-02-20 14:00:00+00:00,10.242030143737793,10.24524974822998,10.218830108642578,10.236669540405273,10.236669540405273,0
2023-02-20 15:00:00+00:00,10.237079620361328,10.257169723510742,10.232999801635742,10.239029884338379,10.239029884338379,0
2023-02-20 16:00:00+00:00,10.238789558410645,10.244620323181152,10.220399856567383,10.227140426635742,10.227140426635742,0
2023-02-20 17:00:00+00:00,10.227239608764648,10.238530158996582,10.223719596862793,10.228260040283203,10.228260040283203,0
2023-02-20 18:00:00+00:00,10.226929664611816,10.248430252075195,10.219420433044434,10.233630180358887,10.233630180358887,0
2023-02-20 19:00:00+00:00,10.23447036743164,10.244339942932129,10.219209671020508,10.22957992553711,10.22957992553711,0
2023-02-20 20:00:00+00:00,10.225500106811523,10.230899810791016,10.215239524841309,10.22439956665039,10.22439956665039,0
2023-02-20 21:00:00+00:00,10.223759651184082,10.228059768676758,10.20928955078125,10.226759910583496,10.226759910583496,0
2023-02-20 22:00:00+00:00,10.223939895629883,10.223939895629883,10.219639778137207,10.222860336303711,10.222860336303711,0
2023-02-20 23:00:00+00:00,10.24236011505127,10.249799728393555,10.212030410766602,10.236029624938965,10.236029624938965,0
2023-02-21 00:00:00+00:00,10.23840045928955,10.241729736328125,10.220230102539062,10.237019538879395,10.237019538879395,0
2023-02-21 01:00:00+00:00,10.236749649047852,10.251680374145508,10.231389999389648,10.244020462036133,10.244020462036133,0
2023-02-21 02:00:00+00:00,10.242770195007324,10.25195026397705,10.23684024810791,10.251529693603516,10.251529693603516,0
2023-02-21 03:00:00+00:00,10.251520156860352,10.260379791259766,10.243760108947754,10.256489753723145,10.256489753723145,0
2023-02-21 04:00:00+00:00,10.256500244140625,10.261859893798828,10.247719764709473,10.256850242614746,10.256850242614746,0
2023-02-21 05:00:00+00:00,10.25687026977539,10.261529922485352,10.243160247802734,10.25216007232666,10.25216007232666,0
2023-02-21 06:00:00+00:00,10.251850128173828,10.265609741210938,10.245880126953125,10.26410961151123,10.26410961151123,0
2023-02-21 07:00:00+00:00,10.26410961151123,10.278109550476074,10.259329795837402,10.267279624938965,10.267279624938965,0
2023-02-21 08:00:00+00:00,10.268170356750488,10.290960311889648,10.243419647216797,10.284890174865723,10.284890174865723,0
2023-02-21 09:00:00+00:00,10.284239768981934,10.308819770812988,10.240409851074219,10.26371955871582,10.26371955871582,0
2023-02-21 10:00:00+00:00,10.262009620666504,10.308600425720215,10.25238037109375,10.304670333862305,10.304670333862305,0
2023-02-21 11:00:00+00:00,10.303959846496582,10.30685043334961,10.265250205993652,10.269749641418457,10.269749641418457,0
2023-02-21 12:00:00+00:00,10.269350051879883,10.287790298461914,10.258580207824707,10.267149925231934,10.267149925231934,0
2023-02-21 13:00:00+00:00,10.267350196838379,10.295829772949219,10.257349967956543,10.295649528503418,10.295649528503418,0
2023-02-21 14:00:00+00:00,10.296019554138184,10.313969612121582,10.265830039978027,10.308549880981445,10.308549880981445,0
2023-02-21 15:00:00+00:00,10.307550430297852,10.315230369567871,10.242259979248047,10.2539701461792,10.2539701461792,0
2023-02-21 16:00:00+00:00,10.253870010375977,10.287249565124512,10.253060340881348,10.284740447998047,10.284740447998047,0
2023-02-21 17:00:00+00:00,10.2849702835083,10.29911994934082,10.28283977508545,10.28380012512207,10.28380012512207,0
2023-02-21 18:00:00+00:00,10.28378963470459,10.32271957397461,10.279939651489258,10.305190086364746,10.305190086364746,0
2023-02-21 19:00:00+00:00,10.305339813232422,10.320449829101562,10.297550201416016,10.30426025390625,10.30426025390625,0
2023-02-21 20:00:00+00:00,10.30426025390625,10.313420295715332,10.296799659729004,10.307939529418945,10.307939529418945,0
2023-02-21 21:00:00+00:00,10.307939529418945,10.316269874572754,10.29856014251709,10.29856014251709,10.29856014251709,0
2023-02-21 22:00:00+00:00,10.29854965209961,10.30055046081543,10.28633975982666,10.28678035736084,10.28678035736084,0
2023-02-21 23:00:00+00:00,10.288920402526855,10.30675983428955,10.287699699401855,10.294289588928223,10.294289588928223,0
2023-02-22 00:00:00+00:00,10.293490409851074,10.306770324707031,10.281200408935547,10.295780181884766,10.295780181884766,0
2023-02-22 01:00:00+00:00,10.295780181884766,10.307040214538574,10.287229537963867,10.30348014831543,10.30348014831543,0
2023-02-22 02:00:00+00:00,10.302519798278809,10.308059692382812,10.285929679870605,10.291230201721191,10.291230201721191,0
2023-02-22 03:00:00+00:00,10.29146957397461,10.300100326538086,10.282609939575195,10.293840408325195,10.293840408325195,0
2023-02-22 04:00:00+00:00,10.293840408325195,10.304770469665527,10.292659759521484,10.29617977142334,10.29617977142334,0
2023-02-22 05:00:00+00:00,10.296480178833008,10.308799743652344,10.2914400100708,10.303580284118652,10.303580284118652,0
2023-02-22 06:00:00+00:00,10.30405044555664,10.307000160217285,10.295140266418457,10.298439979553223,10.298439979553223,0
2023-02-22 07:00:00+00:00,10.298930168151855,10.316300392150879,10.275679588317871,10.294280052185059,10.294280052185059,0
2023-02-22 08:00:00+00:00,10.294289588928223,10.336930274963379,10.287739753723145,10.316699981689453,10.316699981689453,0
2023-02-22 09:00:00+00:00,10.316309928894043,10.341039657592773,10.30780029296875,10.326820373535156,10.326820373535156,0
2023-02-22 10:00:00+00:00,10.325960159301758,10.332480430603027,10.313409805297852,10.329019546508789,10.329019546508789,0
2023-02-22 11:00:00+00:00,10.329019546508789,10.33584976196289,10.305459976196289,10.330140113830566,10.330140113830566,0
2023-02-22 12:00:00+00:00,10.330389976501465,10.331729888916016,10.294039726257324,10.299389839172363,10.299389839172363,0
2023-02-22 13:00:00+00:00,10.29794979095459,10.31527042388916,10.289019584655762,10.298970222473145,10.298970222473145,0
2023-02-22 14:00:00+00:00,10.298450469970703,10.315119743347168,10.278450012207031,10.293970108032227,10.293970108032227,0
2023-02-22 15:00:00+00:00,10.29397964477539,10.332659721374512,10.288740158081055,10.325440406799316,10.325440406799316,0
2023-02-22 16:00:00+00:00,10.324689865112305,10.335659980773926,10.315099716186523,10.325149536132812,10.325149536132812,0
2023-02-22 17:00:00+00:00,10.324649810791016,10.335200309753418,10.31054973602295,10.321089744567871,10.321089744567871,0
2023-02-22 18:00:00+00:00,10.320059776306152,10.332900047302246,10.311079978942871,10.323140144348145,10.323140144348145,0
2023-02-22 19:00:00+00:00,10.323129653930664,10.369930267333984,10.31287956237793,10.367790222167969,10.367790222167969,0
2023-02-22 20:00:00+00:00,10.368169784545898,10.374500274658203,10.353899955749512,10.355469703674316,10.355469703674316,0
2023-02-22 21:00:00+00:00,10.356639862060547,10.36400032043457,10.343799591064453,10.34397029876709,10.34397029876709,0
2023-02-22 22:00:00+00:00,10.344369888305664,10.345769882202148,10.342459678649902,10.342659950256348,10.342659950256348,0
2023-02-22 23:00:00+00:00,10.341540336608887,10.353190422058105,10.339579582214355,10.350029945373535,10.350029945373535,0
2023-02-23 00:00:00+00:00,10.349029541015625,10.352640151977539,10.337949752807617,10.340200424194336,10.340200424194336,0
2023-02-23 01:00:00+00:00,10.339949607849121,10.341719627380371,10.31995964050293,10.322649955749512,10.322649955749512,0
2023-02-23 02:00:00+00:00,10.324660301208496,10.33234977722168,10.314579963684082,10.319419860839844,10.319419860839844,0
2023-02-23 03:00:00+00:00,10.319629669189453,10.32157039642334,10.314040184020996,10.317959785461426,10.317959785461426,0
2023-02-23 04:00:00+00:00,10.318120002746582,10.324430465698242,10.315079689025879,10.316720008850098,10.316720008850098,0
2023-02-23 05:00:00+00:00,10.316720008850098,10.322199821472168,10.307029724121094,10.311570167541504,10.311570167541504,0
2023-02-23 06:00:00+00:00,10.311440467834473,10.317230224609375,10.305330276489258,10.311260223388672,10.311260223388672,0
2023-02-23 07:00:00+00:00,10.311260223388672,10.341050148010254,10.311260223388672,10.335749626159668,10.335749626159668,0
2023-02-23 08:00:00+00:00,10.335960388183594,10.357500076293945,10.330650329589844,10.356100082397461,10.356100082397461,0
2023-02-23 09:00:00+00:00,10.35692024230957,10.382729530334473,10.35278034210205,10.354040145874023,10.354040145874023,0
2023-02-23 10:00:00+00:00,10.35414981842041,10.359410285949707,10.333040237426758,10.33495044708252,10.33495044708252,0
2023-02-23 11:00:00+00:00,10.335040092468262,10.35768985748291,10.322549819946289,10.323240280151367,10.323240280151367,0
2023-02-23 12:00:00+00:00,10.323349952697754,10.339730262756348,10.308239936828613,10.311960220336914,10.311960220336914,0
2023-02-23 13:00:00+00:00,10.311650276184082,10.338210105895996,10.307880401611328,10.321660041809082,10.321660041809082,0
2023-02-23 14:00:00+00:00,10.320599555969238,10.32958984375,10.261750221252441,10.274840354919434,10.274840354919434,0
2023-02-23 15:00:00+00:00,10.274849891662598,10.323060035705566,10.271140098571777,10.301750183105469,10.301750183105469,0
2023-02-23 16:00:00+00:00,10.300620079040527,10.340609550476074,10.299599647521973,10.335880279541016,10.335880279541016,0
2023-02-23 17:00:00+00:00,10.336000442504883,10.339420318603516,10.328550338745117,10.331950187683105,10.331950187683105,0
2023-02-23 18:00:00+00:00,10.332189559936523,10.340149879455566,10.3233003616333,10.327839851379395,10.327839851379395,0
2023-02-23 19:00:00+00:00,10.327839851379395,10.332059860229492,10.301639556884766,10.316439628601074,10.316439628601074,0
2023-02-23 20:00:00+00:00,10.316439628601074,10.316439628601074,10.298749923706055,10.300620079040527,10.300620079040527,0
2023-02-23 21:00:00+00:00,10.298640251159668,10.308019638061523,10.294879913330078,10.294879913330078,10.294879913330078,0
2023-02-23 22:00:00+00:00,10.294870376586914,10.306249618530273,10.2908296585083,10.293999671936035,10.293999671936035,0
2023-02-23 23:00:00+00:00,10.30088996887207,10.303099632263184,10.290519714355469,10.30093002319336,10.30093002319336,0
2023-02-24 00:00:00+00:00,10.302379608154297,10.309530258178711,10.292030334472656,10.292030334472656,10.292030334472656,0
2023-02-24 01:00:00+00:00,10.29458999633789,10.306150436401367,10.282770156860352,10.295940399169922,10.295940399169922,0
2023-02-24 02:00:00+00:00,10.295940399169922,10.304900169372559,10.290590286254883,10.301440238952637,10.301440238952637,0
2023-02-24 03:00:00+00:00,10.302229881286621,10.302229881286621,10.29203987121582,10.2991304397583,10.2991304397583,0
2023-02-24 04:00:00+00:00,10.298199653625488,10.30525016784668,10.29699993133545,10.2989501953125,10.2989501953125,0
2023-02-24 05:00:00+00:00,10.298839569091797,10.303400039672852,10.29580020904541,10.301210403442383,10.301210403442383,0
2023-02-24 06:00:00+00:00,10.301210403442383,10.3056001663208,10.296299934387207,10.30109977722168,10.30109977722168,0
2023-02-24 07:00:00+00:00,10.301520347595215,10.323209762573242,10.300640106201172,10.319000244140625,10.319000244140625,0
2023-02-24 08:00:00+00:00,10.316240310668945,10.332099914550781,10.309860229492188,10.328700065612793,10.328700065612793,0
2023-02-24 09:00:00+00:00,10.327580451965332,10.335260391235352,10.307040214538574,10.310480117797852,10.310480117797852,0
2023-02-24 10:00:00+00:00,10.31035041809082,10.323450088500977,10.294960021972656,10.300239562988281,10.300239562988281,0
2023-02-24 11:00:00+00:00,10.300350189208984,10.342300415039062,10.300350189208984,10.334810256958008,10.334810256958008,0
2023-02-24 12:00:00+00:00,10.33545970916748,10.348270416259766,10.322640419006348,10.342240333557129,10.342240333557129,0
2023-02-24 13:00:00+00:00,10.342430114746094,10.397489547729492,10.333820343017578,10.367790222167969,10.367790222167969,0
2023-02-24 14:00:00+00:00,10.367690086364746,10.397560119628906,10.36497974395752,10.381850242614746,10.381850242614746,0
2023-02-24 15:00:00+00:00,10.382240295410156,10.415209770202637,10.352290153503418,10.412019729614258,10.412019729614258,0
2023-02-24 16:00:00+00:00,10.411720275878906,10.416299819946289,10.373680114746094,10.385600090026855,10.385600090026855,0
2023-02-24 17:00:00+00:00,10.385600090026855,10.402020454406738,10.377750396728516,10.393950462341309,10.393950462341309,0
2023-02-24 18:00:00+00:00,10.393699645996094,10.407329559326172,10.386460304260254,10.399410247802734,10.399410247802734,0
2023-02-24 19:00:00+00:00,10.398690223693848,10.400620460510254,10.377099990844727,10.384039878845215,10.384039878845215,0
2023-02-24 20:00:00+00:00,10.385459899902344,10.393030166625977,10.375040054321289,10.387310028076172,10.387310028076172,0
2023-02-24 21:00:00+00:00,10.387240409851074,10.393610000610352,10.379549980163574,10.388680458068848,10.388680458068848,0
2023-02-27 00:00:00+00:00,10.378700256347656,10.389530181884766,10.373900413513184,10.37697982788086,10.37697982788086,0
2023-02-27 01:00:00+00:00,10.37637996673584,10.382599830627441,10.369759559631348,10.370670318603516,10.370670318603516,0
2023-02-27 02:00:00+00:00,10.372320175170898,10.381699562072754,10.369720458984375,10.380900382995605,10.380900382995605,0
2023-02-27 03:00:00+00:00,10.38070011138916,10.400420188903809,10.37600040435791,10.393050193786621,10.393050193786621,0
2023-02-27 04:00:00+00:00,10.39480972290039,10.39780044555664,10.386719703674316,10.39093017578125,10.39093017578125,0
2023-02-27 05:00:00+00:00,10.390939712524414,10.416640281677246,10.386899948120117,10.416099548339844,10.416099548339844,0
2023-02-27 06:00:00+00:00,10.415809631347656,10.430399894714355,10.395719528198242,10.410630226135254,10.410630226135254,0
2023-02-27 07:00:00+00:00,10.410140037536621,10.4173002243042,10.37030029296875,10.380149841308594,10.380149841308594,0
2023-02-27 08:00:00+00:00,10.380120277404785,10.38053035736084,10.34988021850586,10.362839698791504,10.362839698791504,0
2023-02-27 09:00:00+00:00,10.362919807434082,10.38368034362793,10.356800079345703,10.367779731750488,10.367779731750488,0
2023-02-27 10:00:00+00:00,10.368330001831055,10.388250350952148,10.365400314331055,10.370349884033203,10.370349884033203,0
2023-02-27 11:00:00+00:00,10.36989974975586,10.390899658203125,10.36620044708252,10.384400367736816,10.384400367736816,0
2023-02-27 12:00:00+00:00,10.385680198669434,10.38860034942627,10.371950149536133,10.382149696350098,10.382149696350098,0
2023-02-27 13:00:00+00:00,10.382550239562988,10.389769554138184,10.341699600219727,10.344599723815918,10.344599723815918,0
2023-02-27 14:00:00+00:00,10.34529972076416,10.361559867858887,10.337349891662598,10.34926986694336,10.34926986694336,0
2023-02-27 15:00:00+00:00,10.348979949951172,10.354700088500977,10.311949729919434,10.350449562072754,10.350449562072754,0
2023-02-27 16:00:00+00:00,10.350460052490234,10.377229690551758,10.343799591064453,10.353119850158691,10.353119850158691,0
2023-02-27 17:00:00+00:00,10.353119850158691,10.36089038848877,10.33944034576416,10.341440200805664,10.341440200805664,0
2023-02-27 18:00:00+00:00,10.341480255126953,10.351900100708008,10.337200164794922,10.343449592590332,10.343449592590332,0
2023-02-27 19:00:00+00:00,10.343179702758789,10.34453010559082,10.3341703414917,10.343879699707031,10.343879699707031,0
2023-02-27 20:00:00+00:00,10.343000411987305,10.34939956665039,10.340439796447754,10.342040061950684,10.342040061950684,0
2023-02-27 21:00:00+00:00,10.342840194702148,10.344619750976562,10.330599784851074,10.333419799804688,10.333419799804688,0
2023-02-27 22:00:00+00:00,10.33672046661377,10.340169906616211,10.324919700622559,10.330360412597656,10.330360412597656,0
2023-02-27 23:00:00+00:00,10.330360412597656,10.336799621582031,10.325699806213379,10.333080291748047,10.333080291748047,0
2023-02-28 00:00:00+00:00,10.332630157470703,10.3371000289917,10.323060035705566,10.330559730529785,10.330559730529785,0
2023-02-28 01:00:00+00:00,10.331040382385254,10.354399681091309,10.328780174255371,10.353650093078613,10.353650093078613,0
2023-02-28 02:00:00+00:00,10.354180335998535,10.356900215148926,10.342020034790039,10.346420288085938,10.346420288085938,0
2023-02-28 03:00:00+00:00,10.345840454101562,10.353090286254883,10.343099594116211,10.348950386047363,10.348950386047363,0
2023-02-28 04:00:00+00:00,10.348299980163574,10.358599662780762,10.346480369567871,10.356439590454102,10.356439590454102,0
2023-02-28 05:00:00+00:00,10.357179641723633,10.372599601745605,10.355600357055664,10.368760108947754,10.368760108947754,0
2023-02-28 06:00:00+00:00,10.368789672851562,10.371049880981445,10.348979949951172,10.3548002243042,10.3548002243042,0
2023-02-28 07:00:00+00:00,10.351320266723633,10.379380226135254,10.350150108337402,10.364930152893066,10.364930152893066,0
2023-02-28 08:00:00+00:00,10.36493968963623,10.366000175476074,10.314040184020996,10.32470989227295,10.32470989227295,0
2023-02-28 09:00:00+00:00,10.325900077819824,10.357769966125488,10.306949615478516,10.353150367736816,10.353150367736816,0
2023-02-28 10:00:00+00:00,10.353240013122559,10.354100227355957,10.326899528503418,10.328069686889648,10.328069686889648,0
2023-02-28 11:00:00+00:00,10.328280448913574,10.338479995727539,10.32256031036377,10.335989952087402,10.335989952087402,0
2023-02-28 12:00:00+00:00,10.335439682006836,10.344900131225586,10.325300216674805,10.330840110778809,10.330840110778809,0
2023-02-28 13:00:00+00:00,10.331080436706543,10.339240074157715,10.309240341186523,10.309550285339355,10.309550285339355,0
2023-02-28 14:00:00+00:00,10.310440063476562,10.350210189819336,10.305899620056152,10.321760177612305,10.321760177612305,0
2023-02-28 15:00:00+00:00,10.321760177612305,10.358819961547852,10.309720039367676,10.345669746398926,10.345669746398926,0
2023-02-28 16:00:00+00:00,10.344249725341797,10.34691047668457,10.3231201171875,10.341970443725586,10.341970443725586,0
2023-02-28 17:00:00+00:00,10.342900276184082,10.345979690551758,10.323800086975098,10.331069946289062,10.331069946289062,0
2023-02-28 18:00:00+00:00,10.330550193786621,10.351550102233887,10.329649925231934,10.34689998626709,10.34689998626709,0
2023-02-28 19:00:00+00:00,10.34689998626709,10.370559692382812,10.342499732971191,10.36946964263916,10.36946964263916,0
2023-02-28 20:00:00+00:00,10.36892032623291,10.38379955291748,10.366660118103027,10.381380081176758,10.381380081176758,0
2023-02-28 21:00:00+00:00,10.381380081176758,10.389800071716309,10.376830101013184,10.382570266723633,10.382570266723633,0
2023-02-28 22:00:00+00:00,10.382570266723633,10.385919570922852,10.371109962463379,10.375740051269531,10.375740051269531,0
2023-02-28 23:00:00+00:00,10.37572956085205,10.386899948120117,10.370400428771973,10.38444995880127,10.38444995880127,0
2023-03-01 00:00:00+00:00,10.383190155029297,10.398489952087402,10.379949569702148,10.392419815063477,10.392419815063477,0
2023-03-01 01:00:00+00:00,10.393950462341309,10.395600318908691,10.346839904785156,10.354109764099121,10.354109764099121,0
2023-03-01 02:00:00+00:00,10.354109764099121,10.359880447387695,10.349599838256836,10.352950096130371,10.352950096130371,0
2023-03-01 03:00:00+00:00,10.352950096130371,10.355950355529785,10.331199645996094,10.334819793701172,10.334819793701172,0
2023-03-01 04:00:00+00:00,10.334819793701172,10.34119987487793,10.332240104675293,10.337599754333496,10.337599754333496,0
2023-03-01 05:00:00+00:00,10.335980415344238,10.338399887084961,10.318400382995605,10.32388973236084,10.32388973236084,0
2023-03-01 06:00:00+00:00,10.323690414428711,10.32958984375,10.298760414123535,10.306309700012207,10.306309700012207,0
2023-03-01 07:00:00+00:00,10.306320190429688,10.332500457763672,10.30031967163086,10.315730094909668,10.315730094909668,0
2023-03-01 08:00:00+00:00,10.316049575805664,10.331009864807129,10.29419994354248,10.31132984161377,10.31132984161377,0
2023-03-01 09:00:00+00:00,10.310649871826172,10.330769538879395,10.305899620056152,10.325819969177246,10.325819969177246,0
2023-03-01 10:00:00+00:00,10.325249671936035,10.345450401306152,10.310159683227539,10.331640243530273,10.331640243530273,0
2023-03-01 11:00:00+00:00,10.33098030090332,10.353179931640625,10.323200225830078,10.326849937438965,10.326849937438965,0
2023-03-01 12:00:00+00:00,10.32703971862793,10.334639549255371,10.311400413513184,10.313819885253906,10.313819885253906,0
2023-03-01 13:00:00+00:00,10.314229965209961,10.370940208435059,10.309399604797363,10.365480422973633,10.365480422973633,0
2023-03-01 14:00:00+00:00,10.364660263061523,10.39330005645752,10.355299949645996,10.376640319824219,10.376640319824219,0
2023-03-01 15:00:00+00:00,10.375340461730957,10.449950218200684,10.357629776000977,10.394499778747559,10.394499778747559,0
2023-03-01 16:00:00+00:00,10.39404010772705,10.419830322265625,10.378459930419922,10.38230037689209,10.38230037689209,0
2023-03-01 17:00:00+00:00,10.381580352783203,10.393349647521973,10.378299713134766,10.385069847106934,10.385069847106934,0
2023-03-01 18:00:00+00:00,10.386249542236328,10.405019760131836,10.382399559020996,10.401419639587402,10.401419639587402,0
2023-03-01 19:00:00+00:00,10.401419639587402,10.408499717712402,10.390800476074219,10.397000312805176,10.397000312805176,0
2023-03-01 20:00:00+00:00,10.397000312805176,10.398619651794434,10.37891960144043,10.38047981262207,10.38047981262207,0
2023-03-01 21:00:00+00:00,10.38010025024414,10.383099555969238,10.369460105895996,10.379899978637695,10.379899978637695,0
2023-03-01 22:00:00+00:00,10.379400253295898,10.381400108337402,10.377900123596191,10.378999710083008,10.378999710083008,0
2023-03-01 23:00:00+00:00,10.378399848937988,10.385350227355957,10.37183952331543,10.378000259399414,10.378000259399414,0
2023-03-02 00:00:00+00:00,10.377619743347168,10.388699531555176,10.371700286865234,10.38424015045166,10.38424015045166,0
2023-03-02 01:00:00+00:00,10.3858003616333,10.423299789428711,10.383500099182129,10.401220321655273,10.401220321655273,0
2023-03-02 02:00:00+00:00,10.401599884033203,10.406299591064453,10.389100074768066,10.397430419921875,10.397430419921875,0
2023-03-02 03:00:00+00:00,10.397430419921875,10.410140037536621,10.39330005645752,10.408760070800781,10.408760070800781,0
2023-03-02 04:00:00+00:00,10.40764045715332,10.408949851989746,10.396499633789062,10.403820037841797,10.403820037841797,0
2023-03-02 05:00:00+00:00,10.40386962890625,10.419329643249512,10.401100158691406,10.414979934692383,10.414979934692383,0
2023-03-02 06:00:00+00:00,10.414979934692383,10.42488956451416,10.41189956665039,10.419010162353516,10.419010162353516,0
2023-03-02 07:00:00+00:00,10.418840408325195,10.458490371704102,10.411100387573242,10.434379577636719,10.434379577636719,0
2023-03-02 08:00:00+00:00,10.434840202331543,10.448399543762207,10.406000137329102,10.41256046295166,10.41256046295166,0
2023-03-02 09:00:00+00:00,10.413249969482422,10.437239646911621,10.40369987487793,10.424639701843262,10.424639701843262,0
2023-03-02 10:00:00+00:00,10.425259590148926,10.455389976501465,10.417200088500977,10.452949523925781,10.452949523925781,0
2023-03-02 11:00:00+00:00,10.453920364379883,10.455129623413086,10.428600311279297,10.434439659118652,10.434439659118652,0
2023-03-02 12:00:00+00:00,10.43435001373291,10.458459854125977,10.42455005645752,10.450200080871582,10.450200080871582,0
2023-03-02 13:00:00+00:00,10.450550079345703,10.494159698486328,10.438400268554688,10.482850074768066,10.482850074768066,0
2023-03-02 14:00:00+00:00,10.482680320739746,10.48445987701416,10.44575023651123,10.453479766845703,10.453479766845703,0
2023-03-02 15:00:00+00:00,10.454090118408203,10.47581958770752,10.429100036621094,10.434000015258789,10.434000015258789,0
2023-03-02 16:00:00+00:00,10.43280029296875,10.454819679260254,10.425000190734863,10.451950073242188,10.451950073242188,0
2023-03-02 17:00:00+00:00,10.450830459594727,10.468090057373047,10.448240280151367,10.463950157165527,10.463950157165527,0
2023-03-02 18:00:00+00:00,10.463809967041016,10.47307014465332,10.44303035736084,10.446980476379395,10.446980476379395,0
2023-03-02 19:00:00+00:00,10.446980476379395,10.449000358581543,10.432000160217285,10.446700096130371,10.446700096130371,0
2023-03-02 20:00:00+00:00,10.44629955291748,10.453120231628418,10.431300163269043,10.441780090332031,10.441780090332031,0
2023-03-02 21:00:00+00:00,10.441749572753906,10.44810962677002,10.433039665222168,10.445199966430664,10.445199966430664,0
2023-03-02 22:00:00+00:00,10.445500373840332,10.446499824523926,10.44279956817627,10.444299697875977,10.444299697875977,0
2023-03-02 23:00:00+00:00,10.444499969482422,10.44591999053955,10.434459686279297,10.442720413208008,10.442720413208008,0
2023-03-03 00:00:00+00:00,10.443389892578125,10.451930046081543,10.430350303649902,10.433730125427246,10.433730125427246,0
2023-03-03 01:00:00+00:00,10.433079719543457,10.439339637756348,10.417400360107422,10.431139945983887,10.431139945983887,0
2023-03-03 02:00:00+00:00,10.431139945983887,10.443750381469727,10.42240047454834,10.44048023223877,10.44048023223877,0
2023-03-03 03:00:00+00:00,10.44143009185791,10.445199966430664,10.432100296020508,10.4364595413208,10.4364595413208,0
2023-03-03 04:00:00+00:00,10.436349868774414,10.438300132751465,10.428999900817871,10.431639671325684,10.431639671325684,0
2023-03-03 05:00:00+00:00,10.43163013458252,10.435440063476562,10.427149772644043,10.435159683227539,10.435159683227539,0
2023-03-03 06:00:00+00:00,10.434869766235352,10.435830116271973,10.418020248413086,10.419949531555176,10.419949531555176,0
2023-03-03 07:00:00+00:00,10.420689582824707,10.435500144958496,10.41843032836914,10.434579849243164,10.434579849243164,0
2023-03-03 08:00:00+00:00,10.435999870300293,10.435999870300293,10.39657974243164,10.398940086364746,10.398940086364746,0
2023-03-03 09:00:00+00:00,10.401530265808105,10.424699783325195,10.394599914550781,10.422100067138672,10.422100067138672,0
2023-03-03 10:00:00+00:00,10.421239852905273,10.4337797164917,10.406200408935547,10.411140441894531,10.411140441894531,0
2023-03-03 11:00:00+00:00,10.411499977111816,10.428919792175293,10.406900405883789,10.41823959350586,10.41823959350586,0
2023-03-03 12:00:00+00:00,10.418749809265137,10.432430267333984,10.41349983215332,10.416500091552734,10.416500091552734,0
2023-03-03 13:00:00+00:00,10.415550231933594,10.425470352172852,10.395600318908691,10.4137601852417,10.4137601852417,0
2023-03-03 14:00:00+00:00,10.413490295410156,10.447620391845703,10.41154956817627,10.42803955078125,10.42803955078125,0
2023-03-03 15:00:00+00:00,10.429340362548828,10.462730407714844,10.413749694824219,10.440799713134766,10.440799713134766,0
2023-03-03 16:00:00+00:00,10.441619873046875,10.446940422058105,10.416299819946289,10.418749809265137,10.418749809265137,0
2023-03-03 17:00:00+00:00,10.418970108032227,10.425809860229492,10.400919914245605,10.404109954833984,10.404109954833984,0
2023-03-03 18:00:00+00:00,10.402950286865234,10.406160354614258,10.3951997756958,10.40188980102539,10.40188980102539,0
2023-03-03 19:00:00+00:00,10.40153980255127,10.405059814453125,10.38599967956543,10.387330055236816,10.387330055236816,0
2023-03-03 20:00:00+00:00,10.388360023498535,10.392900466918945,10.380260467529297,10.387479782104492,10.387479782104492,0
2023-03-03 21:00:00+00:00,10.387479782104492,10.390800476074219,10.375490188598633,10.37695026397705,10.37695026397705,0
2023-03-06 00:00:00+00:00,10.38722038269043,10.401490211486816,10.37852954864502,10.398799896240234,10.398799896240234,0
2023-03-06 01:00:00+00:00,10.398909568786621,10.407090187072754,10.387579917907715,10.39745044708252,10.39745044708252,0
2023-03-06 02:00:00+00:00,10.395440101623535,10.406900405883789,10.375040054321289,10.382820129394531,10.382820129394531,0
2023-03-06 03:00:00+00:00,10.382820129394531,10.38640022277832,10.372599601745605,10.376420021057129,10.376420021057129,0
2023-03-06 04:00:00+00:00,10.376839637756348,10.395440101623535,10.375100135803223,10.395440101623535,10.395440101623535,0
2023-03-06 05:00:00+00:00,10.395549774169922,10.398520469665527,10.381629943847656,10.383270263671875,10.383270263671875,0
2023-03-06 06:00:00+00:00,10.38323974609375,10.405579566955566,10.381050109863281,10.399160385131836,10.399160385131836,0
2023-03-06 07:00:00+00:00,10.399160385131836,10.401470184326172,10.364540100097656,10.385749816894531,10.385749816894531,0
2023-03-06 08:00:00+00:00,10.385890007019043,10.417980194091797,10.385890007019043,10.407090187072754,10.407090187072754,0
2023-03-06 09:00:00+00:00,10.40742015838623,10.438980102539062,10.405240058898926,10.437430381774902,10.437430381774902,0
2023-03-06 10:00:00+00:00,10.437430381774902,10.463709831237793,10.427200317382812,10.451950073242188,10.451950073242188,0
2023-03-06 11:00:00+00:00,10.451700210571289,10.473420143127441,10.451499938964844,10.465080261230469,10.465080261230469,0
2023-03-06 12:00:00+00:00,10.465250015258789,10.472229957580566,10.445440292358398,10.448040008544922,10.448040008544922,0
2023-03-06 13:00:00+00:00,10.447990417480469,10.450830459594727,10.427669525146484,10.437649726867676,10.437649726867676,0
2023-03-06 14:00:00+00:00,10.437430381774902,10.449569702148438,10.42278003692627,10.426259994506836,10.426259994506836,0
2023-03-06 15:00:00+00:00,10.425990104675293,10.434840202331543,10.409660339355469,10.429149627685547,10.429149627685547,0
2023-03-06 16:00:00+00:00,10.429759979248047,10.43416976928711,10.408439636230469,10.410880088806152,10.410880088806152,0
2023-03-06 17:00:00+00:00,10.411970138549805,10.417920112609863,10.392080307006836,10.415120124816895,10.415120124816895,0
2023-03-06 18:00:00+00:00,10.415419578552246,10.438209533691406,10.413579940795898,10.432220458984375,10.432220458984375,0
2023-03-06 19:00:00+00:00,10.432109832763672,10.436699867248535,10.424240112304688,10.43008041381836,10.43008041381836,0
2023-03-06 20:00:00+00:00,10.429949760437012,10.433199882507324,10.423569679260254,10.424750328063965,10.424750328063965,0
2023-03-06 21:00:00+00:00,10.424240112304688,10.427000045776367,10.405850410461426,10.405890464782715,10.405890464782715,0
2023-03-06 22:00:00+00:00,10.400270462036133,10.402520179748535,10.397310256958008,10.401089668273926,10.401089668273926,0
2023-03-06 23:00:00+00:00,10.401579856872559,10.415599822998047,10.401189804077148,10.409890174865723,10.409890174865723,0
2023-03-07 00:00:00+00:00,10.409159660339355,10.425700187683105,10.406379699707031,10.423810005187988,10.423810005187988,0
2023-03-07 01:00:00+00:00,10.42311954498291,10.42747974395752,10.394829750061035,10.394829750061035,10.394829750061035,0
2023-03-07 02:00:00+00:00,10.394840240478516,10.404919624328613,10.383330345153809,10.396479606628418,10.396479606628418,0
2023-03-07 03:00:00+00:00,10.396880149841309,10.410619735717773,10.391400337219238,10.397319793701172,10.397319793701172,0
2023-03-07 04:00:00+00:00,10.397330284118652,10.410429954528809,10.391070365905762,10.40077018737793,10.40077018737793,0
2023-03-07 05:00:00+00:00,10.400099754333496,10.416009902954102,10.395660400390625,10.412639617919922,10.412639617919922,0
2023-03-07 06:00:00+00:00,10.413969993591309,10.41923999786377,10.404939651489258,10.41819953918457,10.41819953918457,0
2023-03-07 07:00:00+00:00,10.415679931640625,10.426750183105469,10.395779609680176,10.421319961547852,10.421319961547852,0
2023-03-07 08:00:00+00:00,10.421830177307129,10.448769569396973,10.411359786987305,10.43655014038086,10.43655014038086,0
2023-03-07 09:00:00+00:00,10.436849594116211,10.470379829406738,10.436650276184082,10.468899726867676,10.468899726867676,0
2023-03-07 10:00:00+00:00,10.468999862670898,10.482999801635742,10.462949752807617,10.475640296936035,10.475640296936035,0
2023-03-07 11:00:00+00:00,10.476840019226074,10.500149726867676,10.466059684753418,10.497150421142578,10.497150421142578,0
2023-03-07 12:00:00+00:00,10.497590065002441,10.503870010375977,10.480119705200195,10.482049942016602,10.482049942016602,0
2023-03-07 13:00:00+00:00,10.481989860534668,10.514269828796387,10.477800369262695,10.507610321044922,10.507610321044922,0
2023-03-07 14:00:00+00:00,10.506150245666504,10.535429954528809,10.499549865722656,10.514849662780762,10.514849662780762,0
2023-03-07 15:00:00+00:00,10.514599800109863,10.652870178222656,10.514060020446777,10.643950462341309,10.643950462341309,0
2023-03-07 16:00:00+00:00,10.643950462341309,10.682129859924316,10.624839782714844,10.669039726257324,10.669039726257324,0
2023-03-07 17:00:00+00:00,10.668740272521973,10.670849800109863,10.632519721984863,10.664130210876465,10.664130210876465,0
2023-03-07 18:00:00+00:00,10.663619995117188,10.689180374145508,10.654390335083008,10.67903995513916,10.67903995513916,0
2023-03-07 19:00:00+00:00,10.679140090942383,10.691800117492676,10.672439575195312,10.686019897460938,10.686019897460938,0
2023-03-07 20:00:00+00:00,10.686019897460938,10.686800003051758,10.67117977142334,10.683839797973633,10.683839797973633,0
2023-03-07 21:00:00+00:00,10.683930397033691,10.689419746398926,10.67078971862793,10.682849884033203,10.682849884033203,0
2023-03-07 22:00:00+00:00,10.682570457458496,10.68257999420166,10.677539825439453,10.682270050048828,10.682270050048828,0
2023-03-07 23:00:00+00:00,10.673150062561035,10.691760063171387,10.671339988708496,10.690839767456055,10.690839767456055,0
2023-03-08 00:00:00+00:00,10.6910400390625,10.703960418701172,10.688380241394043,10.694780349731445,10.694780349731445,0
2023-03-08 01:00:00+00:00,10.695150375366211,10.697440147399902,10.672900199890137,10.693140029907227,10.693140029907227,0
2023-03-08 02:00:00+00:00,10.69297981262207,10.712409973144531,10.686400413513184,10.711199760437012,10.711199760437012,0
2023-03-08 03:00:00+00:00,10.711199760437012,10.721229553222656,10.707799911499023,10.716879844665527,10.716879844665527,0
2023-03-08 04:00:00+00:00,10.717940330505371,10.717940330505371,10.70009994506836,10.702110290527344,10.702110290527344,0
2023-03-08 05:00:00+00:00,10.702409744262695,10.705120086669922,10.690099716186523,10.702159881591797,10.702159881591797,0
2023-03-08 06:00:00+00:00,10.70143985748291,10.704859733581543,10.682979583740234,10.684809684753418,10.684809684753418,0
2023-03-08 07:00:00+00:00,10.684630393981934,10.716839790344238,10.682700157165527,10.703049659729004,10.703049659729004,0
2023-03-08 08:00:00+00:00,10.697190284729004,10.718230247497559,10.684940338134766,10.687979698181152,10.687979698181152,0
2023-03-08 09:00:00+00:00,10.688010215759277,10.701160430908203,10.659239768981934,10.692680358886719,10.692680358886719,0
2023-03-08 10:00:00+00:00,10.69219970703125,10.69717025756836,10.648940086364746,10.665010452270508,10.665010452270508,0
2023-03-08 11:00:00+00:00,10.66454029083252,10.670809745788574,10.653590202331543,10.666919708251953,10.666919708251953,0
2023-03-08 12:00:00+00:00,10.666799545288086,10.670140266418457,10.646639823913574,10.651920318603516,10.651920318603516,0
2023-03-08 13:00:00+00:00,10.65192985534668,10.652359962463379,10.617520332336426,10.639100074768066,10.639100074768066,0
2023-03-08 14:00:00+00:00,10.638540267944336,10.651479721069336,10.620579719543457,10.626720428466797,10.626720428466797,0
2023-03-08 15:00:00+00:00,10.626569747924805,10.665069580078125,10.591569900512695,10.622309684753418,10.622309684753418,0
2023-03-08 16:00:00+00:00,10.622249603271484,10.659819602966309,10.608940124511719,10.657279968261719,10.657279968261719,0
2023-03-08 17:00:00+00:00,10.656740188598633,10.674759864807129,10.65054988861084,10.670220375061035,10.670220375061035,0
2023-03-08 18:00:00+00:00,10.670160293579102,10.684359550476074,10.661849975585938,10.680540084838867,10.680540084838867,0
2023-03-08 19:00:00+00:00,10.680839538574219,10.681489944458008,10.668140411376953,10.672209739685059,10.672209739685059,0
2023-03-08 20:00:00+00:00,10.672220230102539,10.68280029296875,10.665619850158691,10.669300079345703,10.669300079345703,0
2023-03-08 21:00:00+00:00,10.669349670410156,10.67943000793457,10.668140411376953,10.669219970703125,10.669219970703125,0
2023-03-08 22:00:00+00:00,10.650190353393555,10.654150009155273,10.650190353393555,10.653849601745605,10.653849601745605,0
2023-03-08 23:00:00+00:00,10.666709899902344,10.677960395812988,10.663180351257324,10.676719665527344,10.676719665527344,0
2023-03-09 00:00:00+00:00,10.674039840698242,10.683070182800293,10.664420127868652,10.672599792480469,10.672599792480469,0
2023-03-09 01:00:00+00:00,10.672599792480469,10.69176959991455,10.663129806518555,10.673370361328125,10.673370361328125,0
2023-03-09 02:00:00+00:00,10.673370361328125,10.690400123596191,10.670700073242188,10.681819915771484,10.681819915771484,0
2023-03-09 03:00:00+00:00,10.682140350341797,10.685569763183594,10.67240047454834,10.677180290222168,10.677180290222168,0
2023-03-09 04:00:00+00:00,10.677180290222168,10.68257999420166,10.660360336303711,10.662919998168945,10.662919998168945,0
2023-03-09 05:00:00+00:00,10.663410186767578,10.665849685668945,10.647899627685547,10.657670021057129,10.657670021057129,0
2023-03-09 06:00:00+00:00,10.65824031829834,10.670700073242188,10.650320053100586,10.655960083007812,10.655960083007812,0
2023-03-09 07:00:00+00:00,10.655960083007812,10.668580055236816,10.652979850769043,10.664299964904785,10.664299964904785,0
2023-03-09 08:00:00+00:00,10.664290428161621,10.675080299377441,10.636580467224121,10.653969764709473,10.653969764709473,0
2023-03-09 09:00:00+00:00,10.653900146484375,10.67747974395752,10.649250030517578,10.67529010772705,10.67529010772705,0
2023-03-09 10:00:00+00:00,10.673970222473145,10.682809829711914,10.656550407409668,10.656949996948242,10.656949996948242,0
2023-03-09 11:00:00+00:00,10.657819747924805,10.657819747924805,10.637450218200684,10.646439552307129,10.646439552307129,0
2023-03-09 12:00:00+00:00,10.646439552307129,10.676560401916504,10.645350456237793,10.664799690246582,10.664799690246582,0
2023-03-09 13:00:00+00:00,10.664799690246582,10.680450439453125,10.625849723815918,10.627599716186523,10.627599716186523,0
2023-03-09 14:00:00+00:00,10.626859664916992,10.637089729309082,10.602849960327148,10.621769905090332,10.621769905090332,0
2023-03-09 15:00:00+00:00,10.62090015411377,10.641169548034668,10.611149787902832,10.634149551391602,10.634149551391602,0
2023-03-09 16:00:00+00:00,10.63385009765625,10.646809577941895,10.620829582214355,10.632949829101562,10.632949829101562,0
2023-03-09 17:00:00+00:00,10.63284969329834,10.647299766540527,10.630339622497559,10.638429641723633,10.638429641723633,0
2023-03-09 18:00:00+00:00,10.637920379638672,10.650710105895996,10.627050399780273,10.637999534606934,10.637999534606934,0
2023-03-09 19:00:00+00:00,10.637639999389648,10.65785026550293,10.634750366210938,10.657440185546875,10.657440185546875,0
2023-03-09 20:00:00+00:00,10.657919883728027,10.67473030090332,10.650139808654785,10.660579681396484,10.660579681396484,0
2023-03-09 21:00:00+00:00,10.661700248718262,10.6673002243042,10.649909973144531,10.659460067749023,10.659460067749023,0
2023-03-09 22:00:00+00:00,10.659170150756836,10.659460067749023,10.643980026245117,10.651140213012695,10.651140213012695,0
2023-03-09 23:00:00+00:00,10.652379989624023,10.66825008392334,10.652379989624023,10.661479949951172,10.661479949951172,0
2023-03-10 00:00:00+00:00,10.660440444946289,10.662819862365723,10.648360252380371,10.65291976928711,10.65291976928711,0
2023-03-10 01:00:00+00:00,10.652640342712402,10.663700103759766,10.65093994140625,10.655179977416992,10.655179977416992,0
2023-03-10 02:00:00+00:00,10.652640342712402,10.690759658813477,10.652039527893066,10.675029754638672,10.675029754638672,0
2023-03-10 03:00:00+00:00,10.673139572143555,10.68185043334961,10.652819633483887,10.66804027557373,10.66804027557373,0
2023-03-10 04:00:00+00:00,10.668149948120117,10.673100471496582,10.659669876098633,10.665969848632812,10.665969848632812,0
2023-03-10 05:00:00+00:00,10.665969848632812,10.684720039367676,10.662300109863281,10.68198013305664,10.68198013305664,0
2023-03-10 06:00:00+00:00,10.681989669799805,10.691710472106934,10.673500061035156,10.673569679260254,10.673569679260254,0
2023-03-10 07:00:00+00:00,10.67158031463623,10.697569847106934,10.659139633178711,10.669050216674805,10.669050216674805,0
2023-03-10 08:00:00+00:00,10.669449806213379,10.749990463256836,10.667519569396973,10.719039916992188,10.719039916992188,0
2023-03-10 09:00:00+00:00,10.718040466308594,10.727020263671875,10.677080154418945,10.695719718933105,10.695719718933105,0
2023-03-10 10:00:00+00:00,10.695449829101562,10.69909954071045,10.669949531555176,10.684539794921875,10.684539794921875,0
2023-03-10 11:00:00+00:00,10.684260368347168,10.688420295715332,10.652050018310547,10.663960456848145,10.663960456848145,0
2023-03-10 12:00:00+00:00,10.66254997253418,10.674360275268555,10.624039649963379,10.637789726257324,10.637789726257324,0
2023-03-10 13:00:00+00:00,10.638930320739746,10.670999526977539,10.556440353393555,10.600489616394043,10.600489616394043,0
2023-03-10 14:00:00+00:00,10.600500106811523,10.626139640808105,10.573840141296387,10.595749855041504,10.595749855041504,0
2023-03-10 15:00:00+00:00,10.596839904785156,10.604729652404785,10.557129859924316,10.566300392150879,10.566300392150879,0
2023-03-10 16:00:00+00:00,10.567049980163574,10.609129905700684,10.565759658813477,10.605250358581543,10.605250358581543,0
2023-03-10 17:00:00+00:00,10.605050086975098,10.614439964294434,10.58092975616455,10.588029861450195,10.588029861450195,0
2023-03-10 18:00:00+00:00,10.587639808654785,10.645429611206055,10.584549903869629,10.63722038269043,10.63722038269043,0
2023-03-10 19:00:00+00:00,10.636269569396973,10.639089584350586,10.605950355529785,10.62125015258789,10.62125015258789,0
2023-03-10 20:00:00+00:00,10.621399879455566,10.633090019226074,10.616439819335938,10.629929542541504,10.629929542541504,0
2023-03-10 21:00:00+00:00,10.630069732666016,10.63661003112793,10.614689826965332,10.622639656066895,10.622639656066895,0
2023-03-13 00:00:00+00:00,10.578300476074219,10.584199905395508,10.540499687194824,10.559720039367676,10.559720039367676,0
2023-03-13 01:00:00+00:00,10.559709548950195,10.584839820861816,10.548399925231934,10.57997989654541,10.57997989654541,0
2023-03-13 02:00:00+00:00,10.580050468444824,10.582900047302246,10.497750282287598,10.50426959991455,10.50426959991455,0
2023-03-13 03:00:00+00:00,10.507699966430664,10.517600059509277,10.493399620056152,10.514829635620117,10.514829635620117,0
2023-03-13 04:00:00+00:00,10.515899658203125,10.518770217895508,10.502699851989746,10.511190414428711,10.511190414428711,0
2023-03-13 05:00:00+00:00,10.513930320739746,10.517629623413086,10.501709938049316,10.515179634094238,10.515179634094238,0
2023-03-13 06:00:00+00:00,10.511759757995605,10.535699844360352,10.5060396194458,10.519760131835938,10.519760131835938,0
2023-03-13 07:00:00+00:00,10.519760131835938,10.547089576721191,10.495719909667969,10.52377986907959,10.52377986907959,0
2023-03-13 08:00:00+00:00,10.524399757385254,10.552949905395508,10.514260292053223,10.538559913635254,10.538559913635254,0
2023-03-13 09:00:00+00:00,10.538649559020996,10.640219688415527,10.537699699401855,10.62909984588623,10.62909984588623,0
2023-03-13 10:00:00+00:00,10.6281099319458,10.674989700317383,10.619000434875488,10.650440216064453,10.650440216064453,0
2023-03-13 11:00:00+00:00,10.649800300598145,10.66504955291748,10.630000114440918,10.647649765014648,10.647649765014648,0
2023-03-13 12:00:00+00:00,10.647649765014648,10.69672966003418,10.632800102233887,10.648900032043457,10.648900032043457,0
2023-03-13 13:00:00+00:00,10.649359703063965,10.6870698928833,10.614700317382812,10.62852954864502,10.62852954864502,0
2023-03-13 14:00:00+00:00,10.62852954864502,10.64264965057373,10.556699752807617,10.56350040435791,10.56350040435791,0
2023-03-13 15:00:00+00:00,10.56404972076416,10.56818962097168,10.513799667358398,10.520119667053223,10.520119667053223,0
2023-03-13 16:00:00+00:00,10.520119667053223,10.56663990020752,10.517000198364258,10.553389549255371,10.553389549255371,0
2023-03-13 17:00:00+00:00,10.553389549255371,10.562979698181152,10.534170150756836,10.54755973815918,10.54755973815918,0
2023-03-13 18:00:00+00:00,10.547760009765625,10.559069633483887,10.538860321044922,10.545060157775879,10.545060157775879,0
2023-03-13 19:00:00+00:00,10.545780181884766,10.571849822998047,10.544839859008789,10.560359954833984,10.560359954833984,0
2023-03-13 20:00:00+00:00,10.560379981994629,10.561530113220215,10.543259620666504,10.545949935913086,10.545949935913086,0
2023-03-13 21:00:00+00:00,10.546669960021973,10.54990005493164,10.537220001220703,10.547100067138672,10.547100067138672,0
2023-03-13 22:00:00+00:00,10.549699783325195,10.552900314331055,10.543869972229004,10.549579620361328,10.549579620361328,0
2023-03-13 23:00:00+00:00,10.54967975616455,10.559100151062012,10.54207992553711,10.556220054626465,10.556220054626465,0
2023-03-14 00:00:00+00:00,10.555789947509766,10.575650215148926,10.55459976196289,10.57194995880127,10.57194995880127,0
2023-03-14 01:00:00+00:00,10.572199821472168,10.58446979522705,10.559510231018066,10.573249816894531,10.573249816894531,0
2023-03-14 02:00:00+00:00,10.574819564819336,10.596879959106445,10.56875991821289,10.587980270385742,10.587980270385742,0
2023-03-14 03:00:00+00:00,10.587969779968262,10.599900245666504,10.572429656982422,10.586339950561523,10.586339950561523,0
2023-03-14 04:00:00+00:00,10.583259582519531,10.60122013092041,10.575719833374023,10.586469650268555,10.586469650268555,0
2023-03-14 05:00:00+00:00,10.586480140686035,10.596799850463867,10.578100204467773,10.58489990234375,10.58489990234375,0
2023-03-14 06:00:00+00:00,10.581999778747559,10.599189758300781,10.572810173034668,10.594289779663086,10.594289779663086,0
2023-03-14 07:00:00+00:00,10.594099998474121,10.620200157165527,10.578940391540527,10.608929634094238,10.608929634094238,0
2023-03-14 08:00:00+00:00,10.60863971710205,10.620369911193848,10.589119911193848,10.60219955444336,10.60219955444336,0
2023-03-14 09:00:00+00:00,10.601730346679688,10.640399932861328,10.600799560546875,10.616530418395996,10.616530418395996,0
2023-03-14 10:00:00+00:00,10.615900039672852,10.645059585571289,10.615300178527832,10.617650032043457,10.617650032043457,0
2023-03-14 11:00:00+00:00,10.617639541625977,10.629579544067383,10.593700408935547,10.600390434265137,10.600390434265137,0
2023-03-14 12:00:00+00:00,10.600130081176758,10.632450103759766,10.52910041809082,10.560429573059082,10.560429573059082,0
2023-03-14 13:00:00+00:00,10.560529708862305,10.580140113830566,10.541500091552734,10.559329986572266,10.559329986572266,0
2023-03-14 14:00:00+00:00,10.55897045135498,10.561479568481445,10.521699905395508,10.541060447692871,10.541060447692871,0
2023-03-14 15:00:00+00:00,10.541709899902344,10.552740097045898,10.508999824523926,10.55167007446289,10.55167007446289,0
2023-03-14 16:00:00+00:00,10.552630424499512,10.56425952911377,10.532340049743652,10.537500381469727,10.537500381469727,0
2023-03-14 17:00:00+00:00,10.538260459899902,10.548999786376953,10.527950286865234,10.542750358581543,10.542750358581543,0
2023-03-14 18:00:00+00:00,10.542980194091797,10.552249908447266,10.530599594116211,10.541069984436035,10.541069984436035,0
2023-03-14 19:00:00+00:00,10.541560173034668,10.558799743652344,10.53302001953125,10.534520149230957,10.534520149230957,0
2023-03-14 20:00:00+00:00,10.534379959106445,10.551079750061035,10.532380104064941,10.548299789428711,10.548299789428711,0
2023-03-14 21:00:00+00:00,10.548700332641602,10.549500465393066,10.543100357055664,10.548600196838379,10.548600196838379,0
2023-03-14 22:00:00+00:00,10.549300193786621,10.550700187683105,10.534830093383789,10.54286003112793,10.54286003112793,0
2023-03-14 23:00:00+00:00,10.54286003112793,10.555500030517578,10.532819747924805,10.545570373535156,10.545570373535156,0
2023-03-15 00:00:00+00:00,10.546460151672363,10.555500030517578,10.531279563903809,10.540900230407715,10.540900230407715,0
2023-03-15 01:00:00+00:00,10.540639877319336,10.550000190734863,10.526439666748047,10.529080390930176,10.529080390930176,0
2023-03-15 02:00:00+00:00,10.52908992767334,10.537799835205078,10.504799842834473,10.5101900100708,10.5101900100708,0
2023-03-15 03:00:00+00:00,10.509220123291016,10.523500442504883,10.509099960327148,10.51807975769043,10.51807975769043,0
2023-03-15 04:00:00+00:00,10.517979621887207,10.52853012084961,10.514920234680176,10.52455997467041,10.52455997467041,0
2023-03-15 05:00:00+00:00,10.524550437927246,10.543100357055664,10.522649765014648,10.53911018371582,10.53911018371582,0
2023-03-15 06:00:00+00:00,10.539810180664062,10.549400329589844,10.526599884033203,10.531000137329102,10.531000137329102,0
2023-03-15 07:00:00+00:00,10.531390190124512,10.547820091247559,10.511879920959473,10.522359848022461,10.522359848022461,0
2023-03-15 08:00:00+00:00,10.523320198059082,10.549269676208496,10.515359878540039,10.54638957977295,10.54638957977295,0
2023-03-15 09:00:00+00:00,10.54557991027832,10.627440452575684,10.538240432739258,10.612099647521973,10.612099647521973,0
2023-03-15 10:00:00+00:00,10.611249923706055,10.695229530334473,10.598010063171387,10.690469741821289,10.690469741821289,0
2023-03-15 11:00:00+00:00,10.690299987792969,10.737199783325195,10.678999900817871,10.705550193786621,10.705550193786621,0
2023-03-15 12:00:00+00:00,10.705739974975586,10.758049964904785,10.703669548034668,10.739950180053711,10.739950180053711,0
2023-03-15 13:00:00+00:00,10.741120338439941,10.792900085449219,10.73069953918457,10.771169662475586,10.771169662475586,0
2023-03-15 14:00:00+00:00,10.771180152893066,10.813549995422363,10.7427396774292,10.784629821777344,10.784629821777344,0
2023-03-15 15:00:00+00:00,10.784649848937988,10.822850227355957,10.7777099609375,10.819049835205078,10.819049835205078,0
2023-03-15 16:00:00+00:00,10.819040298461914,10.843339920043945,10.80405044555664,10.820940017700195,10.820940017700195,0
2023-03-15 17:00:00+00:00,10.819729804992676,10.821760177612305,10.778599739074707,10.784040451049805,10.784040451049805,0
2023-03-15 18:00:00+00:00,10.784000396728516,10.797160148620605,10.731650352478027,10.741209983825684,10.741209983825684,0
2023-03-15 19:00:00+00:00,10.74096965789795,10.761850357055664,10.729299545288086,10.753729820251465,10.753729820251465,0
2023-03-15 20:00:00+00:00,10.753629684448242,10.76360034942627,10.748459815979004,10.756799697875977,10.756799697875977,0
2023-03-15 22:00:00+00:00,10.749899864196777,10.770859718322754,10.737099647521973,10.757710456848145,10.757710456848145,0
2023-03-15 23:00:00+00:00,10.761799812316895,10.762100219726562,10.734000205993652,10.751669883728027,10.751669883728027,0
2023-03-16 00:00:00+00:00,10.75133991241455,10.77196979522705,10.737500190734863,10.740180015563965,10.740180015563965,0
2023-03-16 01:00:00+00:00,10.742259979248047,10.751899719238281,10.729180335998535,10.742389678955078,10.742389678955078,0
2023-03-16 02:00:00+00:00,10.741530418395996,10.761099815368652,10.7368803024292,10.745750427246094,10.745750427246094,0
2023-03-16 03:00:00+00:00,10.746720314025879,10.754799842834473,10.737420082092285,10.73976993560791,10.73976993560791,0
2023-03-16 04:00:00+00:00,10.73904037475586,10.744000434875488,10.730259895324707,10.733579635620117,10.733579635620117,0
2023-03-16 05:00:00+00:00,10.732580184936523,10.740229606628418,10.718770027160645,10.728960037231445,10.728960037231445,0
2023-03-16 06:00:00+00:00,10.728150367736816,10.742300033569336,10.725749969482422,10.732979774475098,10.732979774475098,0
2023-03-16 07:00:00+00:00,10.733770370483398,10.771269798278809,10.728619575500488,10.733139991760254,10.733139991760254,0
2023-03-16 08:00:00+00:00,10.732330322265625,10.744580268859863,10.709600448608398,10.734319686889648,10.734319686889648,0
2023-03-16 09:00:00+00:00,10.734450340270996,10.763999938964844,10.725799560546875,10.745710372924805,10.745710372924805,0
2023-03-16 10:00:00+00:00,10.745499610900879,10.775830268859863,10.740300178527832,10.752960205078125,10.752960205078125,0
2023-03-16 11:00:00+00:00,10.752699851989746,10.787349700927734,10.7475004196167,10.76764965057373,10.76764965057373,0
2023-03-16 12:00:00+00:00,10.768030166625977,10.797760009765625,10.762510299682617,10.777680397033691,10.777680397033691,0
2023-03-16 13:00:00+00:00,10.77698040008545,10.876199722290039,10.775400161743164,10.800250053405762,10.800250053405762,0
2023-03-16 14:00:00+00:00,10.800250053405762,10.850600242614746,10.760109901428223,10.769800186157227,10.769800186157227,0
2023-03-16 15:00:00+00:00,10.7704496383667,10.816329956054688,10.761380195617676,10.800049781799316,10.800049781799316,0
2023-03-16 16:00:00+00:00,10.799369812011719,10.810139656066895,10.753890037536621,10.76255989074707,10.76255989074707,0
2023-03-16 17:00:00+00:00,10.76078987121582,10.778800010681152,10.743550300598145,10.775349617004395,10.775349617004395,0
2023-03-16 18:00:00+00:00,10.77676010131836,10.783459663391113,10.75802993774414,10.764639854431152,10.764639854431152,0
2023-03-16 19:00:00+00:00,10.76360034942627,10.770709991455078,10.752860069274902,10.75687026977539,10.75687026977539,0
2023-03-16 20:00:00+00:00,10.755640029907227,10.762550354003906,10.745599746704102,10.757160186767578,10.757160186767578,0
2023-03-16 21:00:00+00:00,10.755780220031738,10.763699531555176,10.745960235595703,10.749030113220215,10.749030113220215,0
2023-03-16 22:00:00+00:00,10.747249603271484,10.759099960327148,10.74705982208252,10.749739646911621,10.749739646911621,0
2023-03-16 23:00:00+00:00,10.749739646911621,10.757100105285645,10.741829872131348,10.747940063476562,10.747940063476562,0
2023-03-17 00:00:00+00:00,10.747380256652832,10.760939598083496,10.745100021362305,10.7524995803833,10.7524995803833,0
2023-03-17 01:00:00+00:00,10.749839782714844,10.753939628601074,10.726400375366211,10.734140396118164,10.734140396118164,0
2023-03-17 02:00:00+00:00,10.733019828796387,10.736499786376953,10.715200424194336,10.721179962158203,10.721179962158203,0
2023-03-17 03:00:00+00:00,10.721019744873047,10.724220275878906,10.682140350341797,10.691840171813965,10.691840171813965,0
2023-03-17 04:00:00+00:00,10.691840171813965,10.695099830627441,10.676690101623535,10.684969902038574,10.684969902038574,0
2023-03-17 05:00:00+00:00,10.684980392456055,10.693909645080566,10.681659698486328,10.69159984588623,10.69159984588623,0
2023-03-17 06:00:00+00:00,10.690400123596191,10.720199584960938,10.689299583435059,10.701029777526855,10.701029777526855,0
2023-03-17 07:00:00+00:00,10.701029777526855,10.70740032196045,10.678779602050781,10.691610336303711,10.691610336303711,0
2023-03-17 08:00:00+00:00,10.690540313720703,10.69729995727539,10.645350456237793,10.663749694824219,10.663749694824219,0
2023-03-17 09:00:00+00:00,10.663849830627441,10.679030418395996,10.653349876403809,10.666799545288086,10.666799545288086,0
2023-03-17 10:00:00+00:00,10.666600227355957,10.722920417785645,10.665340423583984,10.701459884643555,10.701459884643555,0
2023-03-17 11:00:00+00:00,10.700969696044922,10.728400230407715,10.683939933776855,10.709179878234863,10.709179878234863,0
2023-03-17 12:00:00+00:00,10.70989990234375,10.770319938659668,10.709039688110352,10.748889923095703,10.748889923095703,0
2023-03-17 13:00:00+00:00,10.74804973602295,10.753800392150879,10.719400405883789,10.740610122680664,10.740610122680664,0
2023-03-17 14:00:00+00:00,10.740039825439453,10.751910209655762,10.70829963684082,10.735969543457031,10.735969543457031,0
2023-03-17 15:00:00+00:00,10.735980033874512,10.75314998626709,10.696240425109863,10.702400207519531,10.702400207519531,0
2023-03-17 16:00:00+00:00,10.702549934387207,10.71465015411377,10.663260459899902,10.69359016418457,10.69359016418457,0
2023-03-17 17:00:00+00:00,10.69359016418457,10.701399803161621,10.684749603271484,10.687829971313477,10.687829971313477,0
2023-03-17 18:00:00+00:00,10.688380241394043,10.7052001953125,10.683199882507324,10.689140319824219,10.689140319824219,0
2023-03-17 19:00:00+00:00,10.688730239868164,10.720829963684082,10.68124008178711,10.714679718017578,10.714679718017578,0
2023-03-17 20:00:00+00:00,10.714679718017578,10.719099998474121,10.692020416259766,10.702899932861328,10.702899932861328,0
2023-03-17 21:00:00+00:00,10.703399658203125,10.703399658203125,10.70300006866455,10.70300006866455,10.70300006866455,0
2023-03-20 00:00:00+00:00,10.673100471496582,10.674500465393066,10.645099639892578,10.653010368347168,10.653010368347168,0
2023-03-20 01:00:00+00:00,10.653010368347168,10.685449600219727,10.640959739685059,10.676469802856445,10.676469802856445,0
2023-03-20 02:00:00+00:00,10.67831039428711,10.681900024414062,10.663299560546875,10.670900344848633,10.670900344848633,0
2023-03-20 03:00:00+00:00,10.670880317687988,10.70199966430664,10.668000221252441,10.692099571228027,10.692099571228027,0
2023-03-20 04:00:00+00:00,10.692099571228027,10.706199645996094,10.687000274658203,10.700180053710938,10.700180053710938,0
2023-03-20 05:00:00+00:00,10.701239585876465,10.70359992980957,10.686579704284668,10.69163990020752,10.69163990020752,0
2023-03-20 06:00:00+00:00,10.693280220031738,10.737449645996094,10.688340187072754,10.733420372009277,10.733420372009277,0
2023-03-20 07:00:00+00:00,10.73447036743164,10.767660140991211,10.72189998626709,10.75314998626709,10.75314998626709,0
2023-03-20 08:00:00+00:00,10.753419876098633,10.791040420532227,10.714900016784668,10.731200218200684,10.731200218200684,0
2023-03-20 09:00:00+00:00,10.73151969909668,10.746829986572266,10.691100120544434,10.712050437927246,10.712050437927246,0
2023-03-20 10:00:00+00:00,10.712200164794922,10.727259635925293,10.678600311279297,10.683879852294922,10.683879852294922,0
2023-03-20 11:00:00+00:00,10.683879852294922,10.690799713134766,10.652099609375,10.657759666442871,10.657759666442871,0
2023-03-20 12:00:00+00:00,10.656510353088379,10.676409721374512,10.645600318908691,10.653249740600586,10.653249740600586,0
2023-03-20 13:00:00+00:00,10.655500411987305,10.670709609985352,10.640970230102539,10.650679588317871,10.650679588317871,0
2023-03-20 14:00:00+00:00,10.651619911193848,10.687250137329102,10.64210033416748,10.64894962310791,10.64894962310791,0
2023-03-20 15:00:00+00:00,10.6489896774292,10.669699668884277,10.646340370178223,10.665740013122559,10.665740013122559,0
2023-03-20 16:00:00+00:00,10.66504955291748,10.68556022644043,10.640850067138672,10.647210121154785,10.647210121154785,0
2023-03-20 17:00:00+00:00,10.647170066833496,10.650699615478516,10.627690315246582,10.647480010986328,10.647480010986328,0
2023-03-20 18:00:00+00:00,10.64976978302002,10.656539916992188,10.629520416259766,10.643199920654297,10.643199920654297,0
2023-03-20 19:00:00+00:00,10.643380165100098,10.647950172424316,10.6354398727417,10.638270378112793,10.638270378112793,0
2023-03-20 20:00:00+00:00,10.63798999786377,10.647350311279297,10.635600090026855,10.6416597366333,10.6416597366333,0
2023-03-20 21:00:00+00:00,10.64169979095459,10.64680004119873,10.63341999053955,10.64579963684082,10.64579963684082,0
2023-03-20 22:00:00+00:00,10.643699645996094,10.646200180053711,10.631199836730957,10.638620376586914,10.638620376586914,0
2023-03-20 23:00:00+00:00,10.635760307312012,10.650699615478516,10.632450103759766,10.645179748535156,10.645179748535156,0
2023-03-21 00:00:00+00:00,10.641679763793945,10.65330982208252,10.635880470275879,10.653200149536133,10.653200149536133,0
2023-03-21 01:00:00+00:00,10.653200149536133,10.661800384521484,10.641570091247559,10.652600288391113,10.652600288391113,0
2023-03-21 02:00:00+00:00,10.658699989318848,10.667420387268066,10.646900177001953,10.657099723815918,10.657099723815918,0
2023-03-21 03:00:00+00:00,10.657110214233398,10.668999671936035,10.652039527893066,10.666830062866211,10.666830062866211,0
2023-03-21 04:00:00+00:00,10.666830062866211,10.678230285644531,10.663200378417969,10.668439865112305,10.668439865112305,0
2023-03-21 05:00:00+00:00,10.668339729309082,10.676130294799805,10.663749694824219,10.669599533081055,10.669599533081055,0
2023-03-21 06:00:00+00:00,10.669139862060547,10.697039604187012,10.668299674987793,10.671469688415527,10.671469688415527,0
2023-03-21 07:00:00+00:00,10.671469688415527,10.674530029296875,10.647600173950195,10.6591796875,10.6591796875,0
2023-03-21 08:00:00+00:00,10.657979965209961,10.661540031433105,10.599129676818848,10.604350090026855,10.604350090026855,0
2023-03-21 09:00:00+00:00,10.604900360107422,10.611650466918945,10.578200340270996,10.588179588317871,10.588179588317871,0
2023-03-21 10:00:00+00:00,10.588210105895996,10.590620040893555,10.550359725952148,10.55049991607666,10.55049991607666,0
2023-03-21 11:00:00+00:00,10.551389694213867,10.552419662475586,10.51609992980957,10.522859573364258,10.522859573364258,0
2023-03-21 12:00:00+00:00,10.52334976196289,10.527569770812988,10.471559524536133,10.474220275878906,10.474220275878906,0
2023-03-21 13:00:00+00:00,10.472949981689453,10.50314998626709,10.467940330505371,10.496809959411621,10.496809959411621,0
2023-03-21 14:00:00+00:00,10.4964599609375,10.543880462646484,10.494050025939941,10.518360137939453,10.518360137939453,0
2023-03-21 15:00:00+00:00,10.518440246582031,10.57196044921875,10.511799812316895,10.554200172424316,10.554200172424316,0
2023-03-21 16:00:00+00:00,10.556070327758789,10.568819999694824,10.545999526977539,10.555359840393066,10.555359840393066,0
2023-03-21 17:00:00+00:00,10.554869651794434,10.55739974975586,10.544599533081055,10.553150177001953,10.553150177001953,0
2023-03-21 18:00:00+00:00,10.552769660949707,10.562999725341797,10.545000076293945,10.546250343322754,10.546250343322754,0
2023-03-21 19:00:00+00:00,10.546199798583984,10.552359580993652,10.5423002243042,10.547659873962402,10.547659873962402,0
2023-03-21 20:00:00+00:00,10.547510147094727,10.55780029296875,10.538920402526855,10.545000076293945,10.545000076293945,0
2023-03-21 21:00:00+00:00,10.542799949645996,10.546799659729004,10.527299880981445,10.544500350952148,10.544500350952148,0
2023-03-21 22:00:00+00:00,10.543999671936035,10.549420356750488,10.536299705505371,10.543959617614746,10.543959617614746,0
2023-03-21 23:00:00+00:00,10.543970108032227,10.55270004272461,10.537400245666504,10.54127025604248,10.54127025604248,0
2023-03-22 00:00:00+00:00,10.539179801940918,10.550800323486328,10.536800384521484,10.544839859008789,10.544839859008789,0
2023-03-22 01:00:00+00:00,10.544949531555176,10.562840461730957,10.532999992370605,10.543660163879395,10.543660163879395,0
2023-03-22 02:00:00+00:00,10.542880058288574,10.553600311279297,10.534339904785156,10.53966999053955,10.53966999053955,0
2023-03-22 03:00:00+00:00,10.540200233459473,10.545479774475098,10.537599563598633,10.541939735412598,10.541939735412598,0
2023-03-22 04:00:00+00:00,10.541939735412598,10.544500350952148,10.537799835205078,10.542380332946777,10.542380332946777,0
2023-03-22 05:00:00+00:00,10.542369842529297,10.544449806213379,10.529999732971191,10.535969734191895,10.535969734191895,0
2023-03-22 06:00:00+00:00,10.536279678344727,10.547599792480469,10.531559944152832,10.53302001953125,10.53302001953125,0
2023-03-22 07:00:00+00:00,10.531949996948242,10.561320304870605,10.527839660644531,10.542280197143555,10.542280197143555,0
2023-03-22 08:00:00+00:00,10.543729782104492,10.552379608154297,10.512999534606934,10.52180004119873,10.52180004119873,0
2023-03-22 09:00:00+00:00,10.523980140686035,10.540499687194824,10.513299942016602,10.525199890136719,10.525199890136719,0
2023-03-22 10:00:00+00:00,10.52394962310791,10.539939880371094,10.51159954071045,10.514220237731934,10.514220237731934,0
2023-03-22 11:00:00+00:00,10.514599800109863,10.538869857788086,10.510499954223633,10.528149604797363,10.528149604797363,0
2023-03-22 12:00:00+00:00,10.528039932250977,10.546290397644043,10.504599571228027,10.506500244140625,10.506500244140625,0
2023-03-22 13:00:00+00:00,10.508520126342773,10.522480010986328,10.49489974975586,10.51887035369873,10.51887035369873,0
2023-03-22 14:00:00+00:00,10.518409729003906,10.525500297546387,10.479599952697754,10.486530303955078,10.486530303955078,0
2023-03-22 15:00:00+00:00,10.48717975616455,10.5001802444458,10.475299835205078,10.484649658203125,10.484649658203125,0
2023-03-22 16:00:00+00:00,10.484689712524414,10.492859840393066,10.472769737243652,10.478580474853516,10.478580474853516,0
2023-03-22 17:00:00+00:00,10.479430198669434,10.485690116882324,10.46030044555664,10.476499557495117,10.476499557495117,0
2023-03-22 18:00:00+00:00,10.470620155334473,10.470620155334473,10.32699966430664,10.401049613952637,10.401049613952637,0
2023-03-22 19:00:00+00:00,10.396980285644531,10.456509590148926,10.388099670410156,10.451600074768066,10.451600074768066,0
2023-03-22 20:00:00+00:00,10.451580047607422,10.464079856872559,10.444100379943848,10.45989990234375,10.45989990234375,0
2023-03-22 21:00:00+00:00,10.459699630737305,10.463170051574707,10.439860343933105,10.446330070495605,10.446330070495605,0
2023-03-22 22:00:00+00:00,10.44633960723877,10.45930004119873,10.440600395202637,10.447150230407715,10.447150230407715,0
2023-03-22 23:00:00+00:00,10.449600219726562,10.458900451660156,10.434599876403809,10.44120979309082,10.44120979309082,0
2023-03-23 00:00:00+00:00,10.439419746398926,10.448699951171875,10.424699783325195,10.427559852600098,10.427559852600098,0
2023-03-23 01:00:00+00:00,10.427559852600098,10.437000274658203,10.417880058288574,10.422670364379883,10.422670364379883,0
2023-03-23 02:00:00+00:00,10.42035961151123,10.430000305175781,10.393460273742676,10.406089782714844,10.406089782714844,0
2023-03-23 03:00:00+00:00,10.40470027923584,10.413000106811523,10.384779930114746,10.400219917297363,10.400219917297363,0
2023-03-23 04:00:00+00:00,10.397480010986328,10.406889915466309,10.388799667358398,10.391779899597168,10.391779899597168,0
2023-03-23 05:00:00+00:00,10.391980171203613,10.399809837341309,10.37555980682373,10.390939712524414,10.390939712524414,0
2023-03-23 06:00:00+00:00,10.39126968383789,10.393790245056152,10.359979629516602,10.365870475769043,10.365870475769043,0
2023-03-23 07:00:00+00:00,10.364250183105469,10.390080451965332,10.357540130615234,10.388099670410156,10.388099670410156,0
2023-03-23 08:00:00+00:00,10.388429641723633,10.399149894714355,10.337770462036133,10.342450141906738,10.342450141906738,0
2023-03-23 09:00:00+00:00,10.348699569702148,10.373040199279785,10.314339637756348,10.344090461730957,10.344090461730957,0
2023-03-23 10:00:00+00:00,10.344829559326172,10.394109725952148,10.341699600219727,10.378479957580566,10.378479957580566,0
2023-03-23 11:00:00+00:00,10.378100395202637,10.394439697265625,10.364299774169922,10.384510040283203,10.384510040283203,0
2023-03-23 12:00:00+00:00,10.384309768676758,10.398810386657715,10.343770027160645,10.388230323791504,10.388230323791504,0
2023-03-23 13:00:00+00:00,10.387399673461914,10.392900466918945,10.328720092773438,10.330610275268555,10.330610275268555,0
2023-03-23 14:00:00+00:00,10.330160140991211,10.338080406188965,10.299599647521973,10.308300018310547,10.308300018310547,0
2023-03-23 15:00:00+00:00,10.308300018310547,10.311129570007324,10.273200035095215,10.288570404052734,10.288570404052734,0
2023-03-23 16:00:00+00:00,10.287639617919922,10.31564998626709,10.286499977111816,10.311880111694336,10.311880111694336,0
2023-03-23 17:00:00+00:00,10.311969757080078,10.359930038452148,10.30990982055664,10.344690322875977,10.344690322875977,0
2023-03-23 18:00:00+00:00,10.345179557800293,10.42428970336914,10.335049629211426,10.39857006072998,10.39857006072998,0
2023-03-23 19:00:00+00:00,10.398449897766113,10.412779808044434,10.368260383605957,10.399060249328613,10.399060249328613,0
2023-03-23 20:00:00+00:00,10.399060249328613,10.410449981689453,10.38696002960205,10.398699760437012,10.398699760437012,0
2023-03-23 21:00:00+00:00,10.397700309753418,10.39799976348877,10.396699905395508,10.397199630737305,10.397199630737305,0
2023-03-23 22:00:00+00:00,10.397000312805176,10.409689903259277,10.383159637451172,10.401900291442871,10.401900291442871,0
2023-03-23 23:00:00+00:00,10.40548038482666,10.407859802246094,10.394399642944336,10.398509979248047,10.398509979248047,0
2023-03-24 00:00:00+00:00,10.402660369873047,10.415670394897461,10.3960599899292,10.401909828186035,10.401909828186035,0
2023-03-24 01:00:00+00:00,10.403120040893555,10.431300163269043,10.395299911499023,10.41493034362793,10.41493034362793,0
2023-03-24 02:00:00+00:00,10.415459632873535,10.421199798583984,10.390199661254883,10.412879943847656,10.412879943847656,0
2023-03-24 03:00:00+00:00,10.41018009185791,10.41648006439209,10.39326000213623,10.398280143737793,10.398280143737793,0
2023-03-24 04:00:00+00:00,10.39818000793457,10.405380249023438,10.384599685668945,10.387960433959961,10.387960433959961,0
2023-03-24 05:00:00+00:00,10.386719703674316,10.390899658203125,10.36736011505127,10.38053035736084,10.38053035736084,0
2023-03-24 06:00:00+00:00,10.380539894104004,10.397170066833496,10.378020286560059,10.388460159301758,10.388460159301758,0
2023-03-24 07:00:00+00:00,10.387980461120605,10.397589683532715,10.371009826660156,10.391949653625488,10.391949653625488,0
2023-03-24 08:00:00+00:00,10.392680168151855,10.480159759521484,10.38656997680664,10.467280387878418,10.467280387878418,0
2023-03-24 09:00:00+00:00,10.466090202331543,10.542460441589355,10.43850040435791,10.540599822998047,10.540599822998047,0
2023-03-24 10:00:00+00:00,10.54004955291748,10.554670333862305,10.512100219726562,10.54269027709961,10.54269027709961,0
2023-03-24 11:00:00+00:00,10.541629791259766,10.573820114135742,10.527400016784668,10.553350448608398,10.553350448608398,0
2023-03-24 12:00:00+00:00,10.552949905395508,10.58590030670166,10.5076904296875,10.51826000213623,10.51826000213623,0
2023-03-24 13:00:00+00:00,10.51826000213623,10.539230346679688,10.485099792480469,10.506600379943848,10.506600379943848,0
2023-03-24 14:00:00+00:00,10.507379531860352,10.519869804382324,10.479020118713379,10.502989768981934,10.502989768981934,0
2023-03-24 15:00:00+00:00,10.500499725341797,10.518939971923828,10.477299690246582,10.497209548950195,10.497209548950195,0
2023-03-24 16:00:00+00:00,10.49647045135498,10.518210411071777,10.485899925231934,10.494219779968262,10.494219779968262,0
2023-03-24 17:00:00+00:00,10.494600296020508,10.495429992675781,10.478529930114746,10.487170219421387,10.487170219421387,0
2023-03-24 18:00:00+00:00,10.486680030822754,10.496299743652344,10.479900360107422,10.486100196838379,10.486100196838379,0
2023-03-24 19:00:00+00:00,10.486680030822754,10.491700172424316,10.477499961853027,10.482179641723633,10.482179641723633,0
2023-03-24 20:00:00+00:00,10.483869552612305,10.485799789428711,10.473199844360352,10.47681999206543,10.47681999206543,0
2023-03-27 00:00:00+01:00,10.465299606323242,10.475379943847656,10.457539558410645,10.461870193481445,10.461870193481445,0
2023-03-27 01:00:00+01:00,10.464030265808105,10.47700023651123,10.456199645996094,10.473899841308594,10.473899841308594,0
2023-03-27 02:00:00+01:00,10.474029541015625,10.484640121459961,10.466899871826172,10.48173999786377,10.48173999786377,0
2023-03-27 03:00:00+01:00,10.481590270996094,10.487139701843262,10.467350006103516,10.473779678344727,10.473779678344727,0
2023-03-27 04:00:00+01:00,10.473580360412598,10.475179672241211,10.46107006072998,10.469980239868164,10.469980239868164,0
2023-03-27 05:00:00+01:00,10.470179557800293,10.48114013671875,10.464900016784668,10.476079940795898,10.476079940795898,0
2023-03-27 06:00:00+01:00,10.475879669189453,10.489439964294434,10.468879699707031,10.485790252685547,10.485790252685547,0
2023-03-27 07:00:00+01:00,10.48882007598877,10.505990028381348,10.477669715881348,10.48486042022705,10.48486042022705,0
2023-03-27 08:00:00+01:00,10.484869956970215,10.54500961303711,10.45989990234375,10.537110328674316,10.537110328674316,0
2023-03-27 09:00:00+01:00,10.535079956054688,10.538599967956543,10.509200096130371,10.527959823608398,10.527959823608398,0
2023-03-27 10:00:00+01:00,10.52869987487793,10.56029987335205,10.520700454711914,10.543379783630371,10.543379783630371,0
2023-03-27 11:00:00+01:00,10.543379783630371,10.545880317687988,10.516770362854004,10.522509574890137,10.522509574890137,0
2023-03-27 12:00:00+01:00,10.52344036102295,10.5239896774292,10.497719764709473,10.520669937133789,10.520669937133789,0
2023-03-27 13:00:00+01:00,10.519749641418457,10.534219741821289,10.505800247192383,10.530190467834473,10.530190467834473,0
2023-03-27 14:00:00+01:00,10.529450416564941,10.532509803771973,10.494400024414062,10.507490158081055,10.507490158081055,0
2023-03-27 15:00:00+01:00,10.507499694824219,10.514260292053223,10.488900184631348,10.50868034362793,10.50868034362793,0
2023-03-27 16:00:00+01:00,10.507200241088867,10.513360023498535,10.488639831542969,10.493149757385254,10.493149757385254,0
2023-03-27 17:00:00+01:00,10.49435043334961,10.495209693908691,10.474390029907227,10.484419822692871,10.484419822692871,0
2023-03-27 18:00:00+01:00,10.484419822692871,10.489500045776367,10.472020149230957,10.47603988647461,10.47603988647461,0
2023-03-27 19:00:00+01:00,10.475879669189453,10.482000350952148,10.460399627685547,10.466139793395996,10.466139793395996,0
2023-03-27 20:00:00+01:00,10.465100288391113,10.471400260925293,10.461000442504883,10.462380409240723,10.462380409240723,0
2023-03-27 21:00:00+01:00,10.462380409240723,10.468600273132324,10.455989837646484,10.463689804077148,10.463689804077148,0
2023-03-27 22:00:00+01:00,10.463680267333984,10.468999862670898,10.454099655151367,10.462320327758789,10.462320327758789,0
2023-03-27 23:00:00+01:00,10.4621000289917,10.466699600219727,10.455300331115723,10.464980125427246,10.464980125427246,0
2023-03-28 00:00:00+01:00,10.461130142211914,10.465080261230469,10.449000358581543,10.4550199508667,10.4550199508667,0
2023-03-28 01:00:00+01:00,10.45188045501709,10.459019660949707,10.435230255126953,10.438810348510742,10.438810348510742,0
2023-03-28 02:00:00+01:00,10.438810348510742,10.448699951171875,10.43517017364502,10.435480117797852,10.435480117797852,0
2023-03-28 03:00:00+01:00,10.435480117797852,10.441399574279785,10.408900260925293,10.410880088806152,10.410880088806152,0
2023-03-28 04:00:00+01:00,10.410840034484863,10.417099952697754,10.390080451965332,10.411419868469238,10.411419868469238,0
2023-03-28 05:00:00+01:00,10.411330223083496,10.423290252685547,10.405879974365234,10.420140266418457,10.420140266418457,0
2023-03-28 06:00:00+01:00,10.420570373535156,10.436699867248535,10.412819862365723,10.4308500289917,10.4308500289917,0
2023-03-28 07:00:00+01:00,10.4308500289917,10.440890312194824,10.414810180664062,10.440159797668457,10.440159797668457,0
2023-03-28 08:00:00+01:00,10.440939903259277,10.440939903259277,10.4128999710083,10.423760414123535,10.423760414123535,0
2023-03-28 09:00:00+01:00,10.42473030090332,10.45559024810791,10.419699668884277,10.45421028137207,10.45421028137207,0
2023-03-28 10:00:00+01:00,10.452699661254883,10.466219902038574,10.428000450134277,10.439180374145508,10.439180374145508,0
2023-03-28 11:00:00+01:00,10.438969612121582,10.44530963897705,10.405400276184082,10.433239936828613,10.433239936828613,0
2023-03-28 12:00:00+01:00,10.43313980102539,10.439189910888672,10.419300079345703,10.437870025634766,10.437870025634766,0
2023-03-28 13:00:00+01:00,10.438329696655273,10.45382022857666,10.427789688110352,10.431429862976074,10.431429862976074,0
2023-03-28 14:00:00+01:00,10.431619644165039,10.440560340881348,10.407500267028809,10.423359870910645,10.423359870910645,0
2023-03-28 15:00:00+01:00,10.422869682312012,10.430839538574219,10.386850357055664,10.395569801330566,10.395569801330566,0
2023-03-28 16:00:00+01:00,10.395700454711914,10.396920204162598,10.34630012512207,10.35297966003418,10.35297966003418,0
2023-03-28 17:00:00+01:00,10.353240013122559,10.37024974822998,10.349860191345215,10.35768985748291,10.35768985748291,0
2023-03-28 18:00:00+01:00,10.3574800491333,10.374039649963379,10.354499816894531,10.372079849243164,10.372079849243164,0
2023-03-28 19:00:00+01:00,10.373299598693848,10.382349967956543,10.368200302124023,10.369099617004395,10.369099617004395,0
2023-03-28 20:00:00+01:00,10.37129020690918,10.373979568481445,10.35099983215332,10.35297966003418,10.35297966003418,0
2023-03-28 21:00:00+01:00,10.35297966003418,10.362730026245117,10.346969604492188,10.347769737243652,10.347769737243652,0
2023-03-28 22:00:00+01:00,10.345069885253906,10.358499526977539,10.345069885253906,10.355509757995605,10.355509757995605,0
2023-03-28 23:00:00+01:00,10.349780082702637,10.359199523925781,10.337459564208984,10.355759620666504,10.355759620666504,0
2023-03-29 00:00:00+01:00,10.358400344848633,10.363300323486328,10.354100227355957,10.360250473022461,10.360250473022461,0
2023-03-29 01:00:00+01:00,10.35988998413086,10.360799789428711,10.344300270080566,10.349889755249023,10.349889755249023,0
2023-03-29 02:00:00+01:00,10.349679946899414,10.360219955444336,10.339489936828613,10.351019859313965,10.351019859313965,0
2023-03-29 03:00:00+01:00,10.351019859313965,10.360719680786133,10.34689998626709,10.358719825744629,10.358719825744629,0
2023-03-29 04:00:00+01:00,10.359580039978027,10.366700172424316,10.3548002243042,10.365079879760742,10.365079879760742,0
2023-03-29 05:00:00+01:00,10.363719940185547,10.368780136108398,10.348199844360352,10.357540130615234,10.357540130615234,0
2023-03-29 06:00:00+01:00,10.356980323791504,10.37440013885498,10.352399826049805,10.36892032623291,10.36892032623291,0
2023-03-29 07:00:00+01:00,10.368339538574219,10.400520324707031,10.35949993133545,10.399510383605957,10.399510383605957,0
2023-03-29 08:00:00+01:00,10.400230407714844,10.400910377502441,10.372779846191406,10.393449783325195,10.393449783325195,0
2023-03-29 09:00:00+01:00,10.392580032348633,10.40449047088623,10.388099670410156,10.397439956665039,10.397439956665039,0
2023-03-29 10:00:00+01:00,10.397919654846191,10.39955997467041,10.374899864196777,10.379199981689453,10.379199981689453,0
2023-03-29 11:00:00+01:00,10.379960060119629,10.394330024719238,10.371500015258789,10.389200210571289,10.389200210571289,0
2023-03-29 12:00:00+01:00,10.390270233154297,10.400879859924316,10.378100395202637,10.399109840393066,10.399109840393066,0
2023-03-29 13:00:00+01:00,10.39933967590332,10.42471981048584,10.396900177001953,10.404850006103516,10.404850006103516,0
2023-03-29 14:00:00+01:00,10.404379844665527,10.424630165100098,10.39169979095459,10.399169921875,10.399169921875,0
2023-03-29 15:00:00+01:00,10.399319648742676,10.432900428771973,10.387900352478027,10.421019554138184,10.421019554138184,0
2023-03-29 16:00:00+01:00,10.42136001586914,10.436229705810547,10.40250015258789,10.431699752807617,10.431699752807617,0
2023-03-29 17:00:00+01:00,10.434510231018066,10.442370414733887,10.423299789428711,10.437299728393555,10.437299728393555,0
2023-03-29 18:00:00+01:00,10.437159538269043,10.44083023071289,10.417099952697754,10.420780181884766,10.420780181884766,0
2023-03-29 19:00:00+01:00,10.420599937438965,10.434479713439941,10.418100357055664,10.423600196838379,10.423600196838379,0
2023-03-29 20:00:00+01:00,10.423620223999023,10.431380271911621,10.418800354003906,10.424799919128418,10.424799919128418,0
2023-03-29 21:00:00+01:00,10.423569679260254,10.425749778747559,10.408470153808594,10.414199829101562,10.414199829101562,0
2023-03-29 22:00:00+01:00,10.404179573059082,10.417400360107422,10.403169631958008,10.416899681091309,10.416899681091309,0
2023-03-29 23:00:00+01:00,10.412059783935547,10.42156982421875,10.399490356445312,10.409469604492188,10.409469604492188,0
2023-03-30 00:00:00+01:00,10.40783977508545,10.418129920959473,10.40608024597168,10.414939880371094,10.414939880371094,0
2023-03-30 01:00:00+01:00,10.416959762573242,10.435709953308105,10.411100387573242,10.431920051574707,10.431920051574707,0
2023-03-30 02:00:00+01:00,10.431750297546387,10.446220397949219,10.429129600524902,10.43970012664795,10.43970012664795,0
2023-03-30 03:00:00+01:00,10.439789772033691,10.450499534606934,10.433059692382812,10.445520401000977,10.445520401000977,0
2023-03-30 04:00:00+01:00,10.445560455322266,10.451239585876465,10.433099746704102,10.44242000579834,10.44242000579834,0
2023-03-30 05:00:00+01:00,10.442429542541504,10.443229675292969,10.426010131835938,10.432669639587402,10.432669639587402,0
2023-03-30 06:00:00+01:00,10.432740211486816,10.433679580688477,10.40999984741211,10.414400100708008,10.414400100708008,0
2023-03-30 07:00:00+01:00,10.414380073547363,10.445340156555176,10.401419639587402,10.44417953491211,10.44417953491211,0
2023-03-30 08:00:00+01:00,10.445099830627441,10.451399803161621,10.399999618530273,10.423040390014648,10.423040390014648,0
2023-03-30 09:00:00+01:00,10.423029899597168,10.429900169372559,10.406299591064453,10.414830207824707,10.414830207824707,0
2023-03-30 10:00:00+01:00,10.414750099182129,10.440770149230957,10.409000396728516,10.43766975402832,10.43766975402832,0
2023-03-30 11:00:00+01:00,10.43826961517334,10.439249992370605,10.415599822998047,10.422679901123047,10.422679901123047,0
2023-03-30 12:00:00+01:00,10.422849655151367,10.435930252075195,10.419099807739258,10.430660247802734,10.430660247802734,0
2023-03-30 13:00:00+01:00,10.42926025390625,10.438309669494629,10.404899597167969,10.41763973236084,10.41763973236084,0
2023-03-30 14:00:00+01:00,10.417940139770508,10.417940139770508,10.37201976776123,10.37582015991211,10.37582015991211,0
2023-03-30 15:00:00+01:00,10.375229835510254,10.418439865112305,10.373319625854492,10.403499603271484,10.403499603271484,0
2023-03-30 16:00:00+01:00,10.40310001373291,10.412839889526367,10.390399932861328,10.408670425415039,10.408670425415039,0
2023-03-30 17:00:00+01:00,10.409830093383789,10.410799980163574,10.397640228271484,10.403499603271484,10.403499603271484,0
2023-03-30 18:00:00+01:00,10.403650283813477,10.416910171508789,10.400919914245605,10.407819747924805,10.407819747924805,0
2023-03-30 19:00:00+01:00,10.407219886779785,10.40999984741211,10.394840240478516,10.39795970916748,10.39795970916748,0
2023-03-30 20:00:00+01:00,10.397000312805176,10.401200294494629,10.39486026763916,10.396719932556152,10.396719932556152,0
2023-03-30 21:00:00+01:00,10.397319793701172,10.398200035095215,10.382539749145508,10.395400047302246,10.395400047302246,0
2023-03-30 22:00:00+01:00,10.395700454711914,10.396499633789062,10.377659797668457,10.383170127868652,10.383170127868652,0
2023-03-30 23:00:00+01:00,10.385319709777832,10.397299766540527,10.378939628601074,10.392729759216309,10.392729759216309,0
2023-03-31 00:00:00+01:00,10.393389701843262,10.397100448608398,10.385479927062988,10.393739700317383,10.393739700317383,0
2023-03-31 01:00:00+01:00,10.391679763793945,10.402600288391113,10.376480102539062,10.385350227355957,10.385350227355957,0
2023-03-31 02:00:00+01:00,10.385319709777832,10.387200355529785,10.360580444335938,10.378700256347656,10.378700256347656,0
2023-03-31 03:00:00+01:00,10.378680229187012,10.387299537658691,10.365779876708984,10.377579689025879,10.377579689025879,0
2023-03-31 04:00:00+01:00,10.378020286560059,10.393400192260742,10.375869750976562,10.384340286254883,10.384340286254883,0
2023-03-31 05:00:00+01:00,10.385430335998535,10.391960144042969,10.379500389099121,10.391200065612793,10.391200065612793,0
2023-03-31 06:00:00+01:00,10.390640258789062,10.409449577331543,10.388899803161621,10.406200408935547,10.406200408935547,0
2023-03-31 07:00:00+01:00,10.407580375671387,10.416119575500488,10.37366008758545,10.384499549865723,10.384499549865723,0
2023-03-31 08:00:00+01:00,10.385390281677246,10.42455005645752,10.370800018310547,10.410719871520996,10.410719871520996,0
2023-03-31 09:00:00+01:00,10.411430358886719,10.478320121765137,10.40060043334961,10.429220199584961,10.429220199584961,0
2023-03-31 10:00:00+01:00,10.429539680480957,10.439900398254395,10.418999671936035,10.430370330810547,10.430370330810547,0
2023-03-31 11:00:00+01:00,10.43004035949707,10.459280014038086,10.420299530029297,10.456879615783691,10.456879615783691,0
2023-03-31 12:00:00+01:00,10.456700325012207,10.475079536437988,10.45106029510498,10.470939636230469,10.470939636230469,0
2023-03-31 13:00:00+01:00,10.470930099487305,10.476360321044922,10.447400093078613,10.452560424804688,10.452560424804688,0
2023-03-31 14:00:00+01:00,10.452850341796875,10.473810195922852,10.448180198669434,10.450949668884277,10.450949668884277,0
2023-03-31 15:00:00+01:00,10.451519966125488,10.479570388793945,10.447699546813965,10.46951961517334,10.46951961517334,0
2023-03-31 16:00:00+01:00,10.469510078430176,10.477299690246582,10.436699867248535,10.443599700927734,10.443599700927734,0
2023-03-31 17:00:00+01:00,10.44342041015625,10.456930160522461,10.442399978637695,10.447409629821777,10.447409629821777,0
2023-03-31 18:00:00+01:00,10.447400093078613,10.486149787902832,10.444199562072754,10.476490020751953,10.476490020751953,0
2023-03-31 19:00:00+01:00,10.4764404296875,10.478110313415527,10.465800285339355,10.474800109863281,10.474800109863281,0
2023-03-31 20:00:00+01:00,10.47500991821289,10.480730056762695,10.462050437927246,10.463399887084961,10.463399887084961,0
2023-03-31 21:00:00+01:00,10.462599754333496,10.476530075073242,10.45930004119873,10.464529991149902,10.464529991149902,0
2023-04-03 00:00:00+01:00,10.421640396118164,10.455120086669922,10.416609764099121,10.451009750366211,10.451009750366211,0
2023-04-03 01:00:00+01:00,10.450559616088867,10.458080291748047,10.438300132751465,10.439780235290527,10.439780235290527,0
2023-04-03 02:00:00+01:00,10.439780235290527,10.46012020111084,10.438579559326172,10.454090118408203,10.454090118408203,0
2023-04-03 03:00:00+01:00,10.454039573669434,10.473520278930664,10.44944953918457,10.471240043640137,10.471240043640137,0
2023-04-03 04:00:00+01:00,10.470769882202148,10.479900360107422,10.463700294494629,10.479419708251953,10.479419708251953,0
2023-04-03 05:00:00+01:00,10.479120254516602,10.480609893798828,10.471619606018066,10.479610443115234,10.479610443115234,0
2023-04-03 06:00:00+01:00,10.479610443115234,10.487520217895508,10.474610328674316,10.479049682617188,10.479049682617188,0
2023-04-03 07:00:00+01:00,10.479000091552734,10.48330020904541,10.441960334777832,10.450530052185059,10.450530052185059,0
2023-04-03 08:00:00+01:00,10.449740409851074,10.45244026184082,10.409529685974121,10.417119979858398,10.417119979858398,0
2023-04-03 09:00:00+01:00,10.418120384216309,10.435669898986816,10.405719757080078,10.419890403747559,10.419890403747559,0
2023-04-03 10:00:00+01:00,10.419010162353516,10.420040130615234,10.390890121459961,10.396829605102539,10.396829605102539,0
2023-04-03 11:00:00+01:00,10.396499633789062,10.40431022644043,10.37697982788086,10.378199577331543,10.378199577331543,0
2023-04-03 12:00:00+01:00,10.378390312194824,10.386469841003418,10.340129852294922,10.342630386352539,10.342630386352539,0
2023-04-03 13:00:00+01:00,10.342809677124023,10.361960411071777,10.341739654541016,10.36085033416748,10.36085033416748,0
2023-04-03 14:00:00+01:00,10.360480308532715,10.363679885864258,10.317119598388672,10.332830429077148,10.332830429077148,0
2023-04-03 15:00:00+01:00,10.332260131835938,10.332260131835938,10.287989616394043,10.31052017211914,10.31052017211914,0
2023-04-03 16:00:00+01:00,10.310400009155273,10.3201904296875,10.299440383911133,10.301079750061035,10.301079750061035,0
2023-04-03 17:00:00+01:00,10.301070213317871,10.314530372619629,10.295330047607422,10.308309555053711,10.308309555053711,0
2023-04-03 18:00:00+01:00,10.308340072631836,10.322429656982422,10.308019638061523,10.312620162963867,10.312620162963867,0
2023-04-03 19:00:00+01:00,10.312979698181152,10.321510314941406,10.296219825744629,10.302579879760742,10.302579879760742,0
2023-04-03 20:00:00+01:00,10.301739692687988,10.308099746704102,10.286720275878906,10.28717041015625,10.28717041015625,0
2023-04-03 21:00:00+01:00,10.28715991973877,10.294509887695312,10.277270317077637,10.282759666442871,10.282759666442871,0
2023-04-03 22:00:00+01:00,10.287659645080566,10.287659645080566,10.287659645080566,10.287659645080566,10.287659645080566,0
2023-04-03 23:00:00+01:00,10.287130355834961,10.294750213623047,10.276399612426758,10.28987979888916,10.28987979888916,0
2023-04-04 00:00:00+01:00,10.28927993774414,10.28927993774414,10.272500038146973,10.276260375976562,10.276260375976562,0
2023-04-04 01:00:00+01:00,10.27632999420166,10.290129661560059,10.26865005493164,10.279620170593262,10.279620170593262,0
2023-04-04 02:00:00+01:00,10.279740333557129,10.297200202941895,10.27670955657959,10.286970138549805,10.286970138549805,0
2023-04-04 03:00:00+01:00,10.287679672241211,10.312829971313477,10.283100128173828,10.301170349121094,10.301170349121094,0
2023-04-04 04:00:00+01:00,10.30049991607666,10.30305004119873,10.290980339050293,10.296520233154297,10.296520233154297,0
2023-04-04 05:00:00+01:00,10.296520233154297,10.309539794921875,10.292329788208008,10.301219940185547,10.301219940185547,0
2023-04-04 06:00:00+01:00,10.301030158996582,10.32394027709961,10.298049926757812,10.31054973602295,10.31054973602295,0
2023-04-04 07:00:00+01:00,10.309800148010254,10.316530227661133,10.273579597473145,10.279890060424805,10.279890060424805,0
2023-04-04 08:00:00+01:00,10.279829978942871,10.294440269470215,10.25905990600586,10.274450302124023,10.274450302124023,0
2023-04-04 09:00:00+01:00,10.274310111999512,10.297619819641113,10.26138973236084,10.293880462646484,10.293880462646484,0
2023-04-04 10:00:00+01:00,10.294879913330078,10.295920372009277,10.267000198364258,10.269140243530273,10.269140243530273,0
2023-04-04 11:00:00+01:00,10.270159721374512,10.288649559020996,10.268369674682617,10.279159545898438,10.279159545898438,0
2023-04-04 12:00:00+01:00,10.278690338134766,10.346010208129883,10.278619766235352,10.300350189208984,10.300350189208984,0
2023-04-04 13:00:00+01:00,10.300350189208984,10.322580337524414,10.293359756469727,10.315770149230957,10.315770149230957,0
2023-04-04 14:00:00+01:00,10.314749717712402,10.330849647521973,10.27180004119873,10.28855037689209,10.28855037689209,0
2023-04-04 15:00:00+01:00,10.288999557495117,10.288999557495117,10.242630004882812,10.27493953704834,10.27493953704834,0
2023-04-04 16:00:00+01:00,10.274959564208984,10.315690040588379,10.27161979675293,10.309760093688965,10.309760093688965,0
2023-04-04 17:00:00+01:00,10.309109687805176,10.323590278625488,10.303810119628906,10.31488037109375,10.31488037109375,0
2023-04-04 18:00:00+01:00,10.31488037109375,10.319600105285645,10.305179595947266,10.311129570007324,10.311129570007324,0
2023-04-04 19:00:00+01:00,10.311129570007324,10.319199562072754,10.305500030517578,10.309619903564453,10.309619903564453,0
2023-04-04 20:00:00+01:00,10.309769630432129,10.32271957397461,10.304770469665527,10.312899589538574,10.312899589538574,0
2023-04-04 21:00:00+01:00,10.311400413513184,10.313920021057129,10.301919937133789,10.309980392456055,10.309980392456055,0
2023-04-04 22:00:00+01:00,10.304710388183594,10.307350158691406,10.302300453186035,10.306059837341309,10.306059837341309,0
2023-04-04 23:00:00+01:00,10.306059837341309,10.310810089111328,10.289580345153809,10.297410011291504,10.297410011291504,0
2023-04-05 00:00:00+01:00,10.298879623413086,10.30381965637207,10.290670394897461,10.302069664001465,10.302069664001465,0
2023-04-05 01:00:00+01:00,10.301810264587402,10.303409576416016,10.287220001220703,10.299779891967773,10.299779891967773,0
2023-04-05 02:00:00+01:00,10.299960136413574,10.302760124206543,10.288200378417969,10.296380043029785,10.296380043029785,0
2023-04-05 03:00:00+01:00,10.297510147094727,10.308939933776855,10.283869743347168,10.289380073547363,10.289380073547363,0
2023-04-05 04:00:00+01:00,10.289380073547363,10.30720043182373,10.288629531860352,10.298029899597168,10.298029899597168,0
2023-04-05 05:00:00+01:00,10.299039840698242,10.309840202331543,10.295940399169922,10.300849914550781,10.300849914550781,0
2023-04-05 06:00:00+01:00,10.303669929504395,10.308690071105957,10.298890113830566,10.298890113830566,10.298890113830566,0
2023-04-05 07:00:00+01:00,10.300080299377441,10.344630241394043,10.29695987701416,10.34358024597168,10.34358024597168,0
2023-04-05 08:00:00+01:00,10.343709945678711,10.392729759216309,10.320320129394531,10.383279800415039,10.383279800415039,0
2023-04-05 09:00:00+01:00,10.383020401000977,10.407879829406738,10.380579948425293,10.392399787902832,10.392399787902832,0
2023-04-05 10:00:00+01:00,10.39192008972168,10.434080123901367,10.390800476074219,10.411100387573242,10.411100387573242,0
2023-04-05 11:00:00+01:00,10.411100387573242,10.419119834899902,10.398300170898438,10.411239624023438,10.411239624023438,0
2023-04-05 12:00:00+01:00,10.411259651184082,10.432080268859863,10.406900405883789,10.42140007019043,10.42140007019043,0
2023-04-05 13:00:00+01:00,10.421119689941406,10.425370216369629,10.39696979522705,10.399669647216797,10.399669647216797,0
2023-04-05 14:00:00+01:00,10.399550437927246,10.399930000305176,10.366000175476074,10.380780220031738,10.380780220031738,0
2023-04-05 15:00:00+01:00,10.380180358886719,10.456839561462402,10.36028003692627,10.436039924621582,10.436039924621582,0
2023-04-05 16:00:00+01:00,10.436039924621582,10.4439697265625,10.416399955749512,10.422380447387695,10.422380447387695,0
2023-04-05 17:00:00+01:00,10.422160148620605,10.466440200805664,10.419300079345703,10.453840255737305,10.453840255737305,0
2023-04-05 18:00:00+01:00,10.452779769897461,10.461310386657715,10.448780059814453,10.448780059814453,10.448780059814453,0
2023-04-05 19:00:00+01:00,10.448769569396973,10.451669692993164,10.437390327453613,10.441760063171387,10.441760063171387,0
2023-04-05 20:00:00+01:00,10.442179679870605,10.45598030090332,10.440779685974121,10.445229530334473,10.445229530334473,0
2023-04-05 21:00:00+01:00,10.444849967956543,10.453800201416016,10.42848014831543,10.438469886779785,10.438469886779785,0
2023-04-05 23:00:00+01:00,10.4208402633667,10.442020416259766,10.417710304260254,10.434849739074707,10.434849739074707,0
2023-04-06 00:00:00+01:00,10.432999610900879,10.449199676513672,10.424779891967773,10.448920249938965,10.448920249938965,0
2023-04-06 01:00:00+01:00,10.447600364685059,10.467029571533203,10.443180084228516,10.467000007629395,10.467000007629395,0
2023-04-06 02:00:00+01:00,10.46654987335205,10.477789878845215,10.462579727172852,10.46699047088623,10.46699047088623,0
2023-04-06 03:00:00+01:00,10.466300010681152,10.479559898376465,10.465200424194336,10.479399681091309,10.479399681091309,0
2023-04-06 04:00:00+01:00,10.478300094604492,10.481619834899902,10.472319602966309,10.478260040283203,10.478260040283203,0
2023-04-06 05:00:00+01:00,10.476799964904785,10.483280181884766,10.472900390625,10.478249549865723,10.478249549865723,0
2023-04-06 06:00:00+01:00,10.478249549865723,10.48328971862793,10.471320152282715,10.472479820251465,10.472479820251465,0
2023-04-06 07:00:00+01:00,10.47422981262207,10.477860450744629,10.444450378417969,10.446720123291016,10.446720123291016,0
2023-04-06 08:00:00+01:00,10.446820259094238,10.452589988708496,10.416600227355957,10.42788028717041,10.42788028717041,0
2023-04-06 09:00:00+01:00,10.428420066833496,10.450240135192871,10.41588020324707,10.443070411682129,10.443070411682129,0
2023-04-06 10:00:00+01:00,10.442689895629883,10.453700065612793,10.422300338745117,10.425740242004395,10.425740242004395,0
2023-04-06 11:00:00+01:00,10.42488956451416,10.434720039367676,10.422670364379883,10.423439979553223,10.423439979553223,0
2023-04-06 12:00:00+01:00,10.423439979553223,10.426380157470703,10.408949851989746,10.4231595993042,10.4231595993042,0
2023-04-06 13:00:00+01:00,10.422889709472656,10.460610389709473,10.413299560546875,10.456939697265625,10.456939697265625,0
2023-04-06 14:00:00+01:00,10.4579496383667,10.478569984436035,10.45110034942627,10.470879554748535,10.470879554748535,0
2023-04-06 15:00:00+01:00,10.471019744873047,10.474160194396973,10.42788028717041,10.429320335388184,10.429320335388184,0
2023-04-06 16:00:00+01:00,10.429550170898438,10.4479398727417,10.424810409545898,10.430379867553711,10.430379867553711,0
2023-04-06 17:00:00+01:00,10.430379867553711,10.431119918823242,10.42257022857666,10.427820205688477,10.427820205688477,0
2023-04-06 18:00:00+01:00,10.427780151367188,10.430700302124023,10.423299789428711,10.42516040802002,10.42516040802002,0
2023-04-06 19:00:00+01:00,10.426420211791992,10.429730415344238,10.42311954498291,10.428139686584473,10.428139686584473,0
2023-04-06 20:00:00+01:00,10.428560256958008,10.440930366516113,10.42710018157959,10.438610076904297,10.438610076904297,0
2023-04-06 21:00:00+01:00,10.438549995422363,10.448320388793945,10.430370330810547,10.430789947509766,10.430789947509766,0
2023-04-06 23:00:00+01:00,10.435420036315918,10.448960304260254,10.43418025970459,10.440679550170898,10.440679550170898,0
2023-04-07 00:00:00+01:00,10.440159797668457,10.455889701843262,10.438440322875977,10.443099975585938,10.443099975585938,0
2023-04-07 01:00:00+01:00,10.443920135498047,10.454079627990723,10.437640190124512,10.448949813842773,10.448949813842773,0
2023-04-07 02:00:00+01:00,10.449810028076172,10.453049659729004,10.446160316467285,10.451950073242188,10.451950073242188,0
2023-04-07 03:00:00+01:00,10.451040267944336,10.45242977142334,10.442569732666016,10.446680068969727,10.446680068969727,0
2023-04-07 04:00:00+01:00,10.44668960571289,10.450909614562988,10.443300247192383,10.449799537658691,10.449799537658691,0
2023-04-07 05:00:00+01:00,10.448800086975098,10.453229904174805,10.445099830627441,10.45221996307373,10.45221996307373,0
2023-04-07 06:00:00+01:00,10.452059745788574,10.456100463867188,10.443059921264648,10.450969696044922,10.450969696044922,0
2023-04-07 07:00:00+01:00,10.45007038116455,10.496919631958008,10.446479797363281,10.478679656982422,10.478679656982422,0
2023-04-07 08:00:00+01:00,10.47854995727539,10.483570098876953,10.449999809265137,10.461810111999512,10.461810111999512,0
2023-04-07 09:00:00+01:00,10.461810111999512,10.465880393981934,10.452099800109863,10.46364974975586,10.46364974975586,0
2023-04-07 10:00:00+01:00,10.463279724121094,10.485919952392578,10.455730438232422,10.469380378723145,10.469380378723145,0
2023-04-07 11:00:00+01:00,10.469380378723145,10.470379829406738,10.45304012298584,10.463939666748047,10.463939666748047,0
2023-04-07 12:00:00+01:00,10.463939666748047,10.499059677124023,10.463399887084961,10.491279602050781,10.491279602050781,0
2023-04-07 13:00:00+01:00,10.491589546203613,10.516759872436523,10.466520309448242,10.483559608459473,10.483559608459473,0
2023-04-07 14:00:00+01:00,10.483880043029785,10.49055004119873,10.476400375366211,10.484479904174805,10.484479904174805,0
2023-04-07 15:00:00+01:00,10.484479904174805,10.493280410766602,10.47206974029541,10.488929748535156,10.488929748535156,0
2023-04-07 16:00:00+01:00,10.488940238952637,10.499640464782715,10.480199813842773,10.491140365600586,10.491140365600586,0
2023-04-07 17:00:00+01:00,10.491140365600586,10.496379852294922,10.483559608459473,10.486920356750488,10.486920356750488,0
2023-04-07 18:00:00+01:00,10.493220329284668,10.49563980102539,10.484930038452148,10.495340347290039,10.495340347290039,0
2023-04-07 19:00:00+01:00,10.49098014831543,10.499580383300781,10.486499786376953,10.488929748535156,10.488929748535156,0
2023-04-07 20:00:00+01:00,10.495940208435059,10.500980377197266,10.485130310058594,10.493539810180664,10.493539810180664,0
2023-04-07 21:00:00+01:00,10.493539810180664,10.502849578857422,10.485050201416016,10.497380256652832,10.497380256652832,0
2023-04-10 00:00:00+01:00,10.492679595947266,10.496760368347168,10.483499526977539,10.491250038146973,10.491250038146973,0
2023-04-10 01:00:00+01:00,10.49116039276123,10.498800277709961,10.484800338745117,10.49683952331543,10.49683952331543,0
2023-04-10 02:00:00+01:00,10.49685001373291,10.505319595336914,10.491700172424316,10.498040199279785,10.498040199279785,0
2023-04-10 03:00:00+01:00,10.497360229492188,10.501830101013184,10.492340087890625,10.50117015838623,10.50117015838623,0
2023-04-10 04:00:00+01:00,10.501629829406738,10.505680084228516,10.49744987487793,10.500419616699219,10.500419616699219,0
2023-04-10 05:00:00+01:00,10.500519752502441,10.508199691772461,10.498700141906738,10.503680229187012,10.503680229187012,0
2023-04-10 06:00:00+01:00,10.505979537963867,10.51200008392334,10.50259017944336,10.506150245666504,10.506150245666504,0
2023-04-10 07:00:00+01:00,10.505949974060059,10.51554012298584,10.473799705505371,10.4818696975708,10.4818696975708,0
2023-04-10 08:00:00+01:00,10.480979919433594,10.488380432128906,10.465999603271484,10.4789400100708,10.4789400100708,0
2023-04-10 09:00:00+01:00,10.478309631347656,10.494460105895996,10.46718978881836,10.480170249938965,10.480170249938965,0
2023-04-10 10:00:00+01:00,10.48069953918457,10.483229637145996,10.465499877929688,10.469900131225586,10.469900131225586,0
2023-04-10 11:00:00+01:00,10.470120429992676,10.479100227355957,10.465900421142578,10.466400146484375,10.466400146484375,0
2023-04-10 12:00:00+01:00,10.466659545898438,10.493929862976074,10.452460289001465,10.486650466918945,10.486650466918945,0
2023-04-10 13:00:00+01:00,10.486650466918945,10.555120468139648,10.483799934387207,10.54874038696289,10.54874038696289,0
2023-04-10 14:00:00+01:00,10.548279762268066,10.554889678955078,10.524510383605957,10.553720474243164,10.553720474243164,0
2023-04-10 15:00:00+01:00,10.553950309753418,10.564410209655762,10.534350395202637,10.54401969909668,10.54401969909668,0
2023-04-10 16:00:00+01:00,10.544790267944336,10.552980422973633,10.530739784240723,10.5485200881958,10.5485200881958,0
2023-04-10 17:00:00+01:00,10.5485200881958,10.55247974395752,10.527130126953125,10.533650398254395,10.533650398254395,0
2023-04-10 18:00:00+01:00,10.5337495803833,10.535160064697266,10.516369819641113,10.521499633789062,10.521499633789062,0
2023-04-10 19:00:00+01:00,10.522250175476074,10.531149864196777,10.517939567565918,10.521200180053711,10.521200180053711,0
2023-04-10 20:00:00+01:00,10.521260261535645,10.53246021270752,10.518919944763184,10.523630142211914,10.523630142211914,0
2023-04-10 21:00:00+01:00,10.523799896240234,10.52616024017334,10.512550354003906,10.52245044708252,10.52245044708252,0
2023-04-10 22:00:00+01:00,10.504940032958984,10.504940032958984,10.504940032958984,10.504940032958984,10.504940032958984,0
2023-04-10 23:00:00+01:00,10.508020401000977,10.524200439453125,10.505570411682129,10.519399642944336,10.519399642944336,0
2023-04-11 00:00:00+01:00,10.51947021484375,10.5246000289917,10.5108003616333,10.517379760742188,10.517379760742188,0
2023-04-11 01:00:00+01:00,10.517180442810059,10.518879890441895,10.500399589538574,10.508150100708008,10.508150100708008,0
2023-04-11 02:00:00+01:00,10.508150100708008,10.523889541625977,10.506099700927734,10.510419845581055,10.510419845581055,0
2023-04-11 03:00:00+01:00,10.510419845581055,10.51183032989502,10.49470043182373,10.50195026397705,10.50195026397705,0
2023-04-11 04:00:00+01:00,10.50195026397705,10.504940032958984,10.49370002746582,10.502730369567871,10.502730369567871,0
2023-04-11 05:00:00+01:00,10.50271987915039,10.503680229187012,10.495599746704102,10.502280235290527,10.502280235290527,0
2023-04-11 06:00:00+01:00,10.500419616699219,10.504050254821777,10.466449737548828,10.470259666442871,10.470259666442871,0
2023-04-11 07:00:00+01:00,10.4691801071167,10.511449813842773,10.464489936828613,10.510600090026855,10.510600090026855,0
2023-04-11 08:00:00+01:00,10.510479927062988,10.517180442810059,10.480420112609863,10.504579544067383,10.504579544067383,0
2023-04-11 09:00:00+01:00,10.50374984741211,10.513400077819824,10.492239952087402,10.505979537963867,10.505979537963867,0
2023-04-11 10:00:00+01:00,10.505979537963867,10.571869850158691,10.496930122375488,10.552399635314941,10.552399635314941,0
2023-04-11 11:00:00+01:00,10.552149772644043,10.603280067443848,10.547800064086914,10.576279640197754,10.576279640197754,0
2023-04-11 12:00:00+01:00,10.576279640197754,10.60260009765625,10.570899963378906,10.589300155639648,10.589300155639648,0
2023-04-11 13:00:00+01:00,10.590149879455566,10.597049713134766,10.56624984741211,10.573260307312012,10.573260307312012,0
2023-04-11 14:00:00+01:00,10.573410034179688,10.587019920349121,10.568559646606445,10.578289985656738,10.578289985656738,0
2023-04-11 15:00:00+01:00,10.577059745788574,10.5974702835083,10.56991958618164,10.58823013305664,10.58823013305664,0
2023-04-11 16:00:00+01:00,10.58823013305664,10.5906400680542,10.573539733886719,10.579830169677734,10.579830169677734,0
2023-04-11 17:00:00+01:00,10.578800201416016,10.588459968566895,10.574629783630371,10.583749771118164,10.583749771118164,0
2023-04-11 18:00:00+01:00,10.584839820861816,10.58810043334961,10.561440467834473,10.562700271606445,10.562700271606445,0
2023-04-11 19:00:00+01:00,10.562549591064453,10.571310043334961,10.558449745178223,10.563969612121582,10.563969612121582,0
2023-04-11 20:00:00+01:00,10.563719749450684,10.564840316772461,10.54990005493164,10.552650451660156,10.552650451660156,0
2023-04-11 21:00:00+01:00,10.551810264587402,10.555159568786621,10.542710304260254,10.542710304260254,10.542710304260254,0
2023-04-11 22:00:00+01:00,10.564000129699707,10.564000129699707,10.553560256958008,10.556150436401367,10.556150436401367,0
2023-04-11 23:00:00+01:00,10.556520462036133,10.562459945678711,10.549349784851074,10.552780151367188,10.552780151367188,0
2023-04-12 00:00:00+01:00,10.553250312805176,10.560890197753906,10.550350189208984,10.557680130004883,10.557680130004883,0
2023-04-12 01:00:00+01:00,10.557849884033203,10.561820030212402,10.542889595031738,10.546549797058105,10.546549797058105,0
2023-04-12 02:00:00+01:00,10.54658031463623,10.551899909973145,10.541500091552734,10.545149803161621,10.545149803161621,0
2023-04-12 03:00:00+01:00,10.545149803161621,10.5587797164917,10.543399810791016,10.55408000946045,10.55408000946045,0
2023-04-12 04:00:00+01:00,10.552120208740234,10.557780265808105,10.544300079345703,10.546099662780762,10.546099662780762,0
2023-04-12 05:00:00+01:00,10.546199798583984,10.550080299377441,10.538390159606934,10.544269561767578,10.544269561767578,0
2023-04-12 06:00:00+01:00,10.544179916381836,10.54446029663086,10.528599739074707,10.529000282287598,10.529000282287598,0
2023-04-12 07:00:00+01:00,10.530179977416992,10.566920280456543,10.528169631958008,10.565569877624512,10.565569877624512,0
2023-04-12 08:00:00+01:00,10.565500259399414,10.565500259399414,10.527799606323242,10.529800415039062,10.529800415039062,0
2023-04-12 09:00:00+01:00,10.530500411987305,10.559510231018066,10.527400016784668,10.547369956970215,10.547369956970215,0
2023-04-12 10:00:00+01:00,10.546879768371582,10.549960136413574,10.51930046081543,10.521269798278809,10.521269798278809,0
2023-04-12 11:00:00+01:00,10.52202033996582,10.531399726867676,10.50631046295166,10.530790328979492,10.530790328979492,0
2023-04-12 12:00:00+01:00,10.531539916992188,10.533940315246582,10.498849868774414,10.507379531860352,10.507379531860352,0
2023-04-12 13:00:00+01:00,10.506239891052246,10.510700225830078,10.402580261230469,10.447999954223633,10.447999954223633,0
2023-04-12 14:00:00+01:00,10.448949813842773,10.462690353393555,10.423970222473145,10.447819709777832,10.447819709777832,0
2023-04-12 15:00:00+01:00,10.447810173034668,10.467229843139648,10.413740158081055,10.465740203857422,10.465740203857422,0
2023-04-12 16:00:00+01:00,10.466870307922363,10.475029945373535,10.44614028930664,10.448369979858398,10.448369979858398,0
2023-04-12 17:00:00+01:00,10.448989868164062,10.45009994506836,10.419599533081055,10.427260398864746,10.427260398864746,0
2023-04-12 18:00:00+01:00,10.42728042602539,10.434200286865234,10.422679901123047,10.423480033874512,10.423480033874512,0
2023-04-12 19:00:00+01:00,10.423480033874512,10.437749862670898,10.421199798583984,10.432270050048828,10.432270050048828,0
2023-04-12 20:00:00+01:00,10.432459831237793,10.452810287475586,10.428919792175293,10.451359748840332,10.451359748840332,0
2023-04-12 21:00:00+01:00,10.450440406799316,10.451350212097168,10.43649959564209,10.43805980682373,10.43805980682373,0
2023-04-12 22:00:00+01:00,10.439140319824219,10.439550399780273,10.431099891662598,10.436240196228027,10.436240196228027,0
2023-04-12 23:00:00+01:00,10.4379301071167,10.447879791259766,10.421219825744629,10.441289901733398,10.441289901733398,0
2023-04-13 00:00:00+01:00,10.440979957580566,10.442480087280273,10.433799743652344,10.437150001525879,10.437150001525879,0
2023-04-13 01:00:00+01:00,10.436599731445312,10.448030471801758,10.427220344543457,10.432180404663086,10.432180404663086,0
2023-04-13 02:00:00+01:00,10.431340217590332,10.442580223083496,10.42063045501709,10.424610137939453,10.424610137939453,0
2023-04-13 03:00:00+01:00,10.425080299377441,10.434060096740723,10.4173002243042,10.433469772338867,10.433469772338867,0
2023-04-13 04:00:00+01:00,10.433469772338867,10.440460205078125,10.428400039672852,10.433259963989258,10.433259963989258,0
2023-04-13 05:00:00+01:00,10.433119773864746,10.436019897460938,10.42492961883545,10.4337797164917,10.4337797164917,0
2023-04-13 06:00:00+01:00,10.433770179748535,10.44729995727539,10.43025016784668,10.445219993591309,10.445219993591309,0
2023-04-13 07:00:00+01:00,10.445019721984863,10.448690414428711,10.419340133666992,10.435190200805664,10.435190200805664,0
2023-04-13 08:00:00+01:00,10.4339599609375,10.436100006103516,10.411179542541504,10.423640251159668,10.423640251159668,0
2023-04-13 09:00:00+01:00,10.422499656677246,10.423649787902832,10.391119956970215,10.410320281982422,10.410320281982422,0
2023-04-13 10:00:00+01:00,10.409469604492188,10.417189598083496,10.387510299682617,10.404520034790039,10.404520034790039,0
2023-04-13 11:00:00+01:00,10.404399871826172,10.405220031738281,10.393950462341309,10.402469635009766,10.402469635009766,0
2023-04-13 12:00:00+01:00,10.402569770812988,10.411459922790527,10.396820068359375,10.408820152282715,10.408820152282715,0
2023-04-13 13:00:00+01:00,10.408539772033691,10.411510467529297,10.360010147094727,10.370610237121582,10.370610237121582,0
2023-04-13 14:00:00+01:00,10.370779991149902,10.381850242614746,10.331700325012207,10.332940101623535,10.332940101623535,0
2023-04-13 15:00:00+01:00,10.333939552307129,10.349300384521484,10.317440032958984,10.332050323486328,10.332050323486328,0
2023-04-13 16:00:00+01:00,10.332050323486328,10.332500457763672,10.286149978637695,10.305370330810547,10.305370330810547,0
2023-04-13 17:00:00+01:00,10.305919647216797,10.309060096740723,10.280280113220215,10.287850379943848,10.287850379943848,0
2023-04-13 18:00:00+01:00,10.287639617919922,10.291399955749512,10.275839805603027,10.287440299987793,10.287440299987793,0
2023-04-13 19:00:00+01:00,10.286540031433105,10.300399780273438,10.283780097961426,10.295249938964844,10.295249938964844,0
2023-04-13 20:00:00+01:00,10.296130180358887,10.308309555053711,10.295249938964844,10.307129859924316,10.307129859924316,0
2023-04-13 21:00:00+01:00,10.306870460510254,10.307319641113281,10.296489715576172,10.305899620056152,10.305899620056152,0
2023-04-13 22:00:00+01:00,10.305459976196289,10.305459976196289,10.296449661254883,10.297760009765625,10.297760009765625,0
2023-04-13 23:00:00+01:00,10.29796028137207,10.302080154418945,10.288220405578613,10.295989990234375,10.295989990234375,0
2023-04-14 00:00:00+01:00,10.298859596252441,10.307479858398438,10.292499542236328,10.304120063781738,10.304120063781738,0
2023-04-14 01:00:00+01:00,10.303879737854004,10.311360359191895,10.287260055541992,10.300680160522461,10.300680160522461,0
2023-04-14 02:00:00+01:00,10.300580024719238,10.301079750061035,10.281959533691406,10.285849571228027,10.285849571228027,0
2023-04-14 03:00:00+01:00,10.285849571228027,10.288390159606934,10.270719528198242,10.278719902038574,10.278719902038574,0
2023-04-14 04:00:00+01:00,10.278739929199219,10.287179946899414,10.273699760437012,10.27968978881836,10.27968978881836,0
2023-04-14 05:00:00+01:00,10.280579566955566,10.284170150756836,10.2746000289917,10.283080101013184,10.283080101013184,0
2023-04-14 06:00:00+01:00,10.282979965209961,10.292980194091797,10.277179718017578,10.278470039367676,10.278470039367676,0
2023-04-14 07:00:00+01:00,10.27853012084961,10.310790061950684,10.27511978149414,10.301400184631348,10.301400184631348,0
2023-04-14 08:00:00+01:00,10.302410125732422,10.31814956665039,10.290929794311523,10.300270080566406,10.300270080566406,0
2023-04-14 09:00:00+01:00,10.300829887390137,10.32489013671875,10.29386043548584,10.319720268249512,10.319720268249512,0
2023-04-14 10:00:00+01:00,10.319350242614746,10.323710441589355,10.307390213012695,10.309639930725098,10.309639930725098,0
2023-04-14 11:00:00+01:00,10.309749603271484,10.32017993927002,10.298480033874512,10.311300277709961,10.311300277709961,0
2023-04-14 12:00:00+01:00,10.310970306396484,10.338120460510254,10.310409545898438,10.31980037689209,10.31980037689209,0
2023-04-14 13:00:00+01:00,10.319140434265137,10.355680465698242,10.266940116882324,10.329480171203613,10.329480171203613,0
2023-04-14 14:00:00+01:00,10.329480171203613,10.345410346984863,10.320249557495117,10.329790115356445,10.329790115356445,0
2023-04-14 15:00:00+01:00,10.329259872436523,10.385729789733887,10.329259872436523,10.368390083312988,10.368390083312988,0
2023-04-14 16:00:00+01:00,10.367560386657715,10.405050277709961,10.36355972290039,10.396089553833008,10.396089553833008,0
2023-04-14 17:00:00+01:00,10.395899772644043,10.410189628601074,10.389650344848633,10.402179718017578,10.402179718017578,0
2023-04-14 18:00:00+01:00,10.401780128479004,10.406319618225098,10.379969596862793,10.387689590454102,10.387689590454102,0
2023-04-14 19:00:00+01:00,10.386420249938965,10.38875961303711,10.37205982208252,10.372779846191406,10.372779846191406,0
2023-04-14 20:00:00+01:00,10.373479843139648,10.381959915161133,10.370699882507324,10.375880241394043,10.375880241394043,0
2023-04-14 21:00:00+01:00,10.375450134277344,10.378979682922363,10.368419647216797,10.378080368041992,10.378080368041992,0
2023-04-17 00:00:00+01:00,10.373390197753906,10.389220237731934,10.369799613952637,10.38125991821289,10.38125991821289,0
2023-04-17 01:00:00+01:00,10.38107967376709,10.391030311584473,10.368399620056152,10.390130043029785,10.390130043029785,0
2023-04-17 02:00:00+01:00,10.390069961547852,10.40742015838623,10.383999824523926,10.390729904174805,10.390729904174805,0
2023-04-17 03:00:00+01:00,10.39072036743164,10.39111042022705,10.378800392150879,10.381819725036621,10.381819725036621,0
2023-04-17 04:00:00+01:00,10.382200241088867,10.386799812316895,10.37971019744873,10.383810043334961,10.383810043334961,0
2023-04-17 05:00:00+01:00,10.383500099182129,10.387840270996094,10.378479957580566,10.385749816894531,10.385749816894531,0
2023-04-17 06:00:00+01:00,10.385270118713379,10.385749816894531,10.368510246276855,10.37201976776123,10.37201976776123,0
2023-04-17 07:00:00+01:00,10.374650001525879,10.38578987121582,10.368849754333496,10.377289772033691,10.377289772033691,0
2023-04-17 08:00:00+01:00,10.37693977355957,10.38698959350586,10.358819961547852,10.386309623718262,10.386309623718262,0
2023-04-17 09:00:00+01:00,10.386480331420898,10.409170150756836,10.380249977111816,10.407819747924805,10.407819747924805,0
2023-04-17 10:00:00+01:00,10.407750129699707,10.41094970703125,10.381460189819336,10.388099670410156,10.388099670410156,0
2023-04-17 11:00:00+01:00,10.388110160827637,10.391559600830078,10.366310119628906,10.376460075378418,10.376460075378418,0
2023-04-17 12:00:00+01:00,10.376460075378418,10.383890151977539,10.343939781188965,10.351590156555176,10.351590156555176,0
2023-04-17 13:00:00+01:00,10.351550102233887,10.385560035705566,10.342780113220215,10.384429931640625,10.384429931640625,0
2023-04-17 14:00:00+01:00,10.384220123291016,10.43181037902832,10.378600120544434,10.43181037902832,10.43181037902832,0
2023-04-17 15:00:00+01:00,10.43198013305664,10.477689743041992,10.428739547729492,10.464469909667969,10.464469909667969,0
2023-04-17 16:00:00+01:00,10.464619636535645,10.49783992767334,10.461099624633789,10.488470077514648,10.488470077514648,0
2023-04-17 17:00:00+01:00,10.488069534301758,10.50790023803711,10.486949920654297,10.503000259399414,10.503000259399414,0
2023-04-17 18:00:00+01:00,10.502790451049805,10.503199577331543,10.480999946594238,10.487580299377441,10.487580299377441,0
2023-04-17 19:00:00+01:00,10.487700462341309,10.495100021362305,10.480950355529785,10.48462963104248,10.48462963104248,0
2023-04-17 20:00:00+01:00,10.484569549560547,10.485219955444336,10.475640296936035,10.475950241088867,10.475950241088867,0
2023-04-17 21:00:00+01:00,10.47616958618164,10.483240127563477,10.469010353088379,10.469010353088379,10.469010353088379,0
2023-04-17 23:00:00+01:00,10.467000007629395,10.47560977935791,10.46679973602295,10.471850395202637,10.471850395202637,0
2023-04-18 00:00:00+01:00,10.474209785461426,10.486209869384766,10.469799995422363,10.47931957244873,10.47931957244873,0
2023-04-18 01:00:00+01:00,10.479470252990723,10.490030288696289,10.474100112915039,10.484910011291504,10.484910011291504,0
2023-04-18 02:00:00+01:00,10.484910011291504,10.491419792175293,10.462039947509766,10.466329574584961,10.466329574584961,0
2023-04-18 03:00:00+01:00,10.465740203857422,10.48169994354248,10.460149765014648,10.470749855041504,10.470749855041504,0
2023-04-18 04:00:00+01:00,10.470560073852539,10.47268009185791,10.46261978149414,10.468420028686523,10.468420028686523,0
2023-04-18 05:00:00+01:00,10.46720027923584,10.473400115966797,10.464719772338867,10.469099998474121,10.469099998474121,0
2023-04-18 06:00:00+01:00,10.470080375671387,10.476320266723633,10.464799880981445,10.469499588012695,10.469499588012695,0
2023-04-18 07:00:00+01:00,10.471030235290527,10.504770278930664,10.463919639587402,10.47953987121582,10.47953987121582,0
2023-04-18 08:00:00+01:00,10.479820251464844,10.480719566345215,10.43019962310791,10.434120178222656,10.434120178222656,0
2023-04-18 09:00:00+01:00,10.433930397033691,10.447420120239258,10.42201042175293,10.443490028381348,10.443490028381348,0
2023-04-18 10:00:00+01:00,10.441710472106934,10.454859733581543,10.43871021270752,10.44871997833252,10.44871997833252,0
2023-04-18 11:00:00+01:00,10.448710441589355,10.456100463867188,10.442020416259766,10.447759628295898,10.447759628295898,0
2023-04-18 12:00:00+01:00,10.447420120239258,10.462369918823242,10.441049575805664,10.459269523620605,10.459269523620605,0
2023-04-18 13:00:00+01:00,10.458709716796875,10.463780403137207,10.426719665527344,10.462160110473633,10.462160110473633,0
2023-04-18 14:00:00+01:00,10.462220191955566,10.500670433044434,10.46072006225586,10.494620323181152,10.494620323181152,0
2023-04-18 15:00:00+01:00,10.494839668273926,10.4975004196167,10.458049774169922,10.463299751281738,10.463299751281738,0
2023-04-18 16:00:00+01:00,10.463250160217285,10.481120109558105,10.460280418395996,10.480589866638184,10.480589866638184,0
2023-04-18 17:00:00+01:00,10.480549812316895,10.482549667358398,10.467599868774414,10.468050003051758,10.468050003051758,0
2023-04-18 18:00:00+01:00,10.468050003051758,10.47070026397705,10.4647798538208,10.468549728393555,10.468549728393555,0
2023-04-18 19:00:00+01:00,10.468700408935547,10.47721004486084,10.464099884033203,10.469470024108887,10.469470024108887,0
2023-04-18 20:00:00+01:00,10.469470024108887,10.472769737243652,10.464289665222168,10.472649574279785,10.472649574279785,0
2023-04-18 21:00:00+01:00,10.472620010375977,10.475390434265137,10.45656967163086,10.45656967163086,10.45656967163086,0
2023-04-18 22:00:00+01:00,10.455699920654297,10.455699920654297,10.455699920654297,10.455699920654297,10.455699920654297,0
2023-04-18 23:00:00+01:00,10.45851993560791,10.467599868774414,10.45851993560791,10.461950302124023,10.461950302124023,0
2023-04-19 00:00:00+01:00,10.461870193481445,10.468059539794922,10.455849647521973,10.465359687805176,10.465359687805176,0
2023-04-19 01:00:00+01:00,10.463000297546387,10.483019828796387,10.459239959716797,10.474530220031738,10.474530220031738,0
2023-04-19 02:00:00+01:00,10.474550247192383,10.496000289916992,10.460200309753418,10.493430137634277,10.493430137634277,0
2023-04-19 03:00:00+01:00,10.493619918823242,10.501460075378418,10.475259780883789,10.480520248413086,10.480520248413086,0
2023-04-19 04:00:00+01:00,10.479220390319824,10.48878002166748,10.476730346679688,10.485480308532715,10.485480308532715,0
2023-04-19 05:00:00+01:00,10.483240127563477,10.491399765014648,10.481040000915527,10.488969802856445,10.488969802856445,0
2023-04-19 06:00:00+01:00,10.488969802856445,10.499670028686523,10.484829902648926,10.496520042419434,10.496520042419434,0
2023-04-19 07:00:00+01:00,10.497380256652832,10.515939712524414,10.479680061340332,10.496000289916992,10.496000289916992,0
2023-04-19 08:00:00+01:00,10.495739936828613,10.509830474853516,10.473819732666016,10.498820304870605,10.498820304870605,0
2023-04-19 09:00:00+01:00,10.49845027923584,10.534110069274902,10.497920036315918,10.527830123901367,10.527830123901367,0
2023-04-19 10:00:00+01:00,10.527099609375,10.578519821166992,10.518280029296875,10.561599731445312,10.561599731445312,0
2023-04-19 11:00:00+01:00,10.561599731445312,10.573320388793945,10.549460411071777,10.565509796142578,10.565509796142578,0
2023-04-19 12:00:00+01:00,10.567230224609375,10.577719688415527,10.545680046081543,10.547060012817383,10.547060012817383,0
2023-04-19 13:00:00+01:00,10.549429893493652,10.556300163269043,10.529060363769531,10.541890144348145,10.541890144348145,0
2023-04-19 14:00:00+01:00,10.539779663085938,10.550640106201172,10.527079582214355,10.540820121765137,10.540820121765137,0
2023-04-19 15:00:00+01:00,10.541910171508789,10.5600004196167,10.522439956665039,10.559690475463867,10.559690475463867,0
2023-04-19 16:00:00+01:00,10.55972957611084,10.586130142211914,10.549480438232422,10.577949523925781,10.577949523925781,0
2023-04-19 17:00:00+01:00,10.577850341796875,10.582280158996582,10.566760063171387,10.568449974060059,10.568449974060059,0
2023-04-19 18:00:00+01:00,10.567529678344727,10.574440002441406,10.563460350036621,10.571929931640625,10.571929931640625,0
2023-04-19 19:00:00+01:00,10.571640014648438,10.578590393066406,10.563170433044434,10.57804012298584,10.57804012298584,0
2023-04-19 20:00:00+01:00,10.57682991027832,10.578350067138672,10.566679954528809,10.574609756469727,10.574609756469727,0
2023-04-19 21:00:00+01:00,10.575770378112793,10.582509994506836,10.570940017700195,10.57332992553711,10.57332992553711,0
2023-04-19 22:00:00+01:00,10.573320388793945,10.577099800109863,10.568309783935547,10.575389862060547,10.575389862060547,0
2023-04-19 23:00:00+01:00,10.575889587402344,10.581999778747559,10.56902027130127,10.579750061035156,10.579750061035156,0
2023-04-20 00:00:00+01:00,10.580550193786621,10.592399597167969,10.578399658203125,10.587679862976074,10.587679862976074,0
2023-04-20 01:00:00+01:00,10.587679862976074,10.590900421142578,10.576140403747559,10.582480430603027,10.582480430603027,0
2023-04-20 02:00:00+01:00,10.582340240478516,10.597220420837402,10.578869819641113,10.585650444030762,10.585650444030762,0
2023-04-20 03:00:00+01:00,10.586219787597656,10.596699714660645,10.5841703414917,10.594050407409668,10.594050407409668,0
2023-04-20 04:00:00+01:00,10.594039916992188,10.596099853515625,10.585700035095215,10.590669631958008,10.590669631958008,0
2023-04-20 05:00:00+01:00,10.590900421142578,10.598099708557129,10.589369773864746,10.593770027160645,10.593770027160645,0
2023-04-20 06:00:00+01:00,10.593979835510254,10.610219955444336,10.588199615478516,10.608389854431152,10.608389854431152,0
2023-04-20 07:00:00+01:00,10.607819557189941,10.612469673156738,10.584549903869629,10.600279808044434,10.600279808044434,0
2023-04-20 08:00:00+01:00,10.600279808044434,10.614890098571777,10.591540336608887,10.601969718933105,10.601969718933105,0
2023-04-20 09:00:00+01:00,10.602140426635742,10.618729591369629,10.577099800109863,10.58905029296875,10.58905029296875,0
2023-04-20 10:00:00+01:00,10.591779708862305,10.617730140686035,10.588120460510254,10.603429794311523,10.603429794311523,0
2023-04-20 11:00:00+01:00,10.603409767150879,10.612500190734863,10.579339981079102,10.584980010986328,10.584980010986328,0
2023-04-20 12:00:00+01:00,10.586939811706543,10.59259033203125,10.560460090637207,10.587409973144531,10.587409973144531,0
2023-04-20 13:00:00+01:00,10.589559555053711,10.62129020690918,10.572480201721191,10.581029891967773,10.581029891967773,0
2023-04-20 14:00:00+01:00,10.57938003540039,10.605660438537598,10.576419830322266,10.586350440979004,10.586350440979004,0
2023-04-20 15:00:00+01:00,10.586339950561523,10.588820457458496,10.565600395202637,10.570440292358398,10.570440292358398,0
2023-04-20 16:00:00+01:00,10.570850372314453,10.599969863891602,10.564279556274414,10.590909957885742,10.590909957885742,0
2023-04-20 17:00:00+01:00,10.590510368347168,10.599390029907227,10.582869529724121,10.584699630737305,10.584699630737305,0
2023-04-20 18:00:00+01:00,10.582599639892578,10.594579696655273,10.579739570617676,10.588879585266113,10.588879585266113,0
2023-04-20 19:00:00+01:00,10.588569641113281,10.61262035369873,10.58572006225586,10.59883975982666,10.59883975982666,0
2023-04-20 20:00:00+01:00,10.59883975982666,10.608320236206055,10.589539527893066,10.595669746398926,10.595669746398926,0
2023-04-20 21:00:00+01:00,10.593979835510254,10.596739768981934,10.576600074768066,10.581279754638672,10.581279754638672,0
2023-04-20 22:00:00+01:00,10.581279754638672,10.581279754638672,10.570480346679688,10.570619583129883,10.570619583129883,0
2023-04-20 23:00:00+01:00,10.570830345153809,10.591259956359863,10.554579734802246,10.589449882507324,10.589449882507324,0
2023-04-21 00:00:00+01:00,10.586020469665527,10.59103012084961,10.57800006866455,10.585749626159668,10.585749626159668,0
2023-04-21 01:00:00+01:00,10.585749626159668,10.596050262451172,10.582779884338379,10.588410377502441,10.588410377502441,0
2023-04-21 02:00:00+01:00,10.588399887084961,10.602100372314453,10.581620216369629,10.596389770507812,10.596389770507812,0
2023-04-21 03:00:00+01:00,10.596389770507812,10.603280067443848,10.59179973602295,10.598750114440918,10.598750114440918,0
2023-04-21 04:00:00+01:00,10.59885025024414,10.604299545288086,10.593040466308594,10.600370407104492,10.600370407104492,0
2023-04-21 05:00:00+01:00,10.600279808044434,10.613499641418457,10.599949836730957,10.611129760742188,10.611129760742188,0
2023-04-21 06:00:00+01:00,10.611000061035156,10.620070457458496,10.609350204467773,10.617939949035645,10.617939949035645,0
2023-04-21 07:00:00+01:00,10.618439674377441,10.669949531555176,10.614450454711914,10.666680335998535,10.666680335998535,0
2023-04-21 08:00:00+01:00,10.667559623718262,10.680390357971191,10.650039672851562,10.653989791870117,10.653989791870117,0
2023-04-21 09:00:00+01:00,10.653619766235352,10.66759967803955,10.63584041595459,10.646209716796875,10.646209716796875,0
2023-04-21 10:00:00+01:00,10.646220207214355,10.655389785766602,10.630820274353027,10.645179748535156,10.645179748535156,0
2023-04-21 11:00:00+01:00,10.646559715270996,10.650469779968262,10.624340057373047,10.642069816589355,10.642069816589355,0
2023-04-21 12:00:00+01:00,10.641980171203613,10.646289825439453,10.60692024230957,10.611749649047852,10.611749649047852,0
2023-04-21 13:00:00+01:00,10.610930442810059,10.619370460510254,10.588370323181152,10.592289924621582,10.592289924621582,0
2023-04-21 14:00:00+01:00,10.591079711914062,10.625809669494629,10.575420379638672,10.61775016784668,10.61775016784668,0
2023-04-21 15:00:00+01:00,10.616950035095215,10.631839752197266,10.580570220947266,10.60657024383545,10.60657024383545,0
2023-04-21 16:00:00+01:00,10.60731029510498,10.608420372009277,10.582779884338379,10.596050262451172,10.596050262451172,0
2023-04-21 17:00:00+01:00,10.595930099487305,10.599479675292969,10.583120346069336,10.586950302124023,10.586950302124023,0
2023-04-21 18:00:00+01:00,10.585570335388184,10.595100402832031,10.582460403442383,10.583410263061523,10.583410263061523,0
2023-04-21 19:00:00+01:00,10.583410263061523,10.598759651184082,10.571680068969727,10.594980239868164,10.594980239868164,0
2023-04-21 20:00:00+01:00,10.594980239868164,10.597240447998047,10.57938003540039,10.580499649047852,10.580499649047852,0
2023-04-21 21:00:00+01:00,10.580820083618164,10.591859817504883,10.5564603805542,10.5733003616333,10.5733003616333,0
2023-04-21 22:00:00+01:00,10.5733003616333,10.5733003616333,10.5733003616333,10.5733003616333,10.5733003616333,0
2023-04-24 00:00:00+01:00,10.58176040649414,10.58489990234375,10.573430061340332,10.58413028717041,10.58413028717041,0
2023-04-24 01:00:00+01:00,10.582079887390137,10.595020294189453,10.578100204467773,10.580050468444824,10.580050468444824,0
2023-04-24 02:00:00+01:00,10.580340385437012,10.591190338134766,10.57367992401123,10.590089797973633,10.590089797973633,0
2023-04-24 03:00:00+01:00,10.590100288391113,10.601099967956543,10.584480285644531,10.59784984588623,10.59784984588623,0
2023-04-24 04:00:00+01:00,10.599340438842773,10.603699684143066,10.593799591064453,10.59988021850586,10.59988021850586,0
2023-04-24 05:00:00+01:00,10.59988021850586,10.605799674987793,10.597999572753906,10.6039400100708,10.6039400100708,0
2023-04-24 06:00:00+01:00,10.60342025756836,10.616800308227539,10.602299690246582,10.612279891967773,10.612279891967773,0
2023-04-24 07:00:00+01:00,10.61260986328125,10.636890411376953,10.606240272521973,10.634770393371582,10.634770393371582,0
2023-04-24 08:00:00+01:00,10.636320114135742,10.649620056152344,10.593059539794922,10.59885025024414,10.59885025024414,0
2023-04-24 09:00:00+01:00,10.597999572753906,10.609439849853516,10.57118034362793,10.572429656982422,10.572429656982422,0
2023-04-24 10:00:00+01:00,10.573209762573242,10.583089828491211,10.552579879760742,10.580769538879395,10.580769538879395,0
2023-04-24 11:00:00+01:00,10.57981014251709,10.584190368652344,10.56525993347168,10.566949844360352,10.566949844360352,0
2023-04-24 12:00:00+01:00,10.566849708557129,10.590439796447754,10.56525993347168,10.583399772644043,10.583399772644043,0
2023-04-24 13:00:00+01:00,10.58446979522705,10.600159645080566,10.575679779052734,10.578359603881836,10.578359603881836,0
2023-04-24 14:00:00+01:00,10.57921028137207,10.59220027923584,10.569459915161133,10.58102035522461,10.58102035522461,0
2023-04-24 15:00:00+01:00,10.579999923706055,10.586310386657715,10.54994010925293,10.556059837341309,10.556059837341309,0
2023-04-24 16:00:00+01:00,10.555049896240234,10.572070121765137,10.552519798278809,10.567580223083496,10.567580223083496,0
2023-04-24 17:00:00+01:00,10.567580223083496,10.56956958770752,10.555569648742676,10.557720184326172,10.557720184326172,0
2023-04-24 18:00:00+01:00,10.55762004852295,10.558730125427246,10.53812026977539,10.543439865112305,10.543439865112305,0
2023-04-24 19:00:00+01:00,10.543370246887207,10.547769546508789,10.538299560546875,10.540730476379395,10.540730476379395,0
2023-04-24 20:00:00+01:00,10.540249824523926,10.543000221252441,10.533439636230469,10.534219741821289,10.534219741821289,0
2023-04-24 21:00:00+01:00,10.533880233764648,10.539449691772461,10.52003002166748,10.52003002166748,10.52003002166748,0
2023-04-24 22:00:00+01:00,10.524359703063965,10.526229858398438,10.497819900512695,10.525469779968262,10.525469779968262,0
2023-04-24 23:00:00+01:00,10.525870323181152,10.538029670715332,10.516739845275879,10.518759727478027,10.518759727478027,0
2023-04-25 00:00:00+01:00,10.517390251159668,10.529029846191406,10.515339851379395,10.521829605102539,10.521829605102539,0
2023-04-25 01:00:00+01:00,10.521400451660156,10.528400421142578,10.510899543762207,10.520299911499023,10.520299911499023,0
2023-04-25 02:00:00+01:00,10.519969940185547,10.52260971069336,10.50551986694336,10.522379875183105,10.522379875183105,0
2023-04-25 03:00:00+01:00,10.523070335388184,10.528739929199219,10.520310401916504,10.523200035095215,10.523200035095215,0
2023-04-25 04:00:00+01:00,10.523200035095215,10.534099578857422,10.522870063781738,10.530460357666016,10.530460357666016,0
2023-04-25 05:00:00+01:00,10.530909538269043,10.535200119018555,10.52161979675293,10.53322982788086,10.53322982788086,0
2023-04-25 06:00:00+01:00,10.53322982788086,10.55210018157959,10.53007984161377,10.545140266418457,10.545140266418457,0
2023-04-25 07:00:00+01:00,10.545660018920898,10.549110412597656,10.522660255432129,10.527979850769043,10.527979850769043,0
2023-04-25 08:00:00+01:00,10.527979850769043,10.578359603881836,10.527979850769043,10.557109832763672,10.557109832763672,0
2023-04-25 09:00:00+01:00,10.557479858398438,10.581390380859375,10.551600456237793,10.564550399780273,10.564550399780273,0
2023-04-25 10:00:00+01:00,10.563929557800293,10.579620361328125,10.558770179748535,10.567290306091309,10.567290306091309,0
2023-04-25 11:00:00+01:00,10.566479682922363,10.590740203857422,10.561969757080078,10.588580131530762,10.588580131530762,0
2023-04-25 12:00:00+01:00,10.588780403137207,10.62183952331543,10.579319953918457,10.60221004486084,10.60221004486084,0
2023-04-25 13:00:00+01:00,10.602219581604004,10.61044979095459,10.582320213317871,10.600850105285645,10.600850105285645,0
2023-04-25 14:00:00+01:00,10.59965991973877,10.639860153198242,10.595680236816406,10.635339736938477,10.635339736938477,0
2023-04-25 15:00:00+01:00,10.635390281677246,10.66079044342041,10.621520042419434,10.659390449523926,10.659390449523926,0
2023-04-25 16:00:00+01:00,10.659350395202637,10.68828010559082,10.645540237426758,10.687509536743164,10.687509536743164,0
2023-04-25 17:00:00+01:00,10.687649726867676,10.691570281982422,10.679300308227539,10.68517017364502,10.68517017364502,0
2023-04-25 18:00:00+01:00,10.684720039367676,10.70011043548584,10.679659843444824,10.686920166015625,10.686920166015625,0
2023-04-25 19:00:00+01:00,10.687529563903809,10.691100120544434,10.681079864501953,10.682669639587402,10.682669639587402,0
2023-04-25 20:00:00+01:00,10.681739807128906,10.689849853515625,10.673179626464844,10.689849853515625,10.689849853515625,0
2023-04-25 21:00:00+01:00,10.688730239868164,10.689499855041504,10.668490409851074,10.670769691467285,10.670769691467285,0
2023-04-25 22:00:00+01:00,10.66996955871582,10.676019668579102,10.665060043334961,10.669010162353516,10.669010162353516,0
2023-04-25 23:00:00+01:00,10.66726016998291,10.674739837646484,10.663040161132812,10.668060302734375,10.668060302734375,0
2023-04-26 00:00:00+01:00,10.668970108032227,10.675780296325684,10.664440155029297,10.669480323791504,10.669480323791504,0
2023-04-26 01:00:00+01:00,10.669520378112793,10.677530288696289,10.667099952697754,10.6708402633667,10.6708402633667,0
2023-04-26 02:00:00+01:00,10.669839859008789,10.685529708862305,10.668499946594238,10.674099922180176,10.674099922180176,0
2023-04-26 03:00:00+01:00,10.674169540405273,10.68295955657959,10.673600196838379,10.67590045928955,10.67590045928955,0
2023-04-26 04:00:00+01:00,10.674860000610352,10.685569763183594,10.672619819641113,10.6814603805542,10.6814603805542,0
2023-04-26 05:00:00+01:00,10.680299758911133,10.684659957885742,10.66709041595459,10.66903018951416,10.66903018951416,0
2023-04-26 06:00:00+01:00,10.668279647827148,10.669890403747559,10.653809547424316,10.660810470581055,10.660810470581055,0
2023-04-26 07:00:00+01:00,10.660799980163574,10.669529914855957,10.627739906311035,10.632280349731445,10.632280349731445,0
2023-04-26 08:00:00+01:00,10.631099700927734,10.645270347595215,10.604080200195312,10.632329940795898,10.632329940795898,0
2023-04-26 09:00:00+01:00,10.633299827575684,10.64834976196289,10.61124038696289,10.621009826660156,10.621009826660156,0
2023-04-26 10:00:00+01:00,10.620260238647461,10.634980201721191,10.611969947814941,10.628620147705078,10.628620147705078,0
2023-04-26 11:00:00+01:00,10.628490447998047,10.635359764099121,10.603580474853516,10.624019622802734,10.624019622802734,0
2023-04-26 12:00:00+01:00,10.621780395507812,10.642470359802246,10.599300384521484,10.601460456848145,10.601460456848145,0
2023-04-26 13:00:00+01:00,10.603509902954102,10.62129020690918,10.579839706420898,10.583700180053711,10.583700180053711,0
2023-04-26 14:00:00+01:00,10.58351993560791,10.595820426940918,10.564920425415039,10.577770233154297,10.577770233154297,0
2023-04-26 15:00:00+01:00,10.577759742736816,10.639519691467285,10.577139854431152,10.620329856872559,10.620329856872559,0
2023-04-26 16:00:00+01:00,10.620309829711914,10.625410079956055,10.602999687194824,10.619239807128906,10.619239807128906,0
2023-04-26 17:00:00+01:00,10.619039535522461,10.64486026763916,10.613419532775879,10.633480072021484,10.633480072021484,0
2023-04-26 18:00:00+01:00,10.633489608764648,10.646180152893066,10.630999565124512,10.640239715576172,10.640239715576172,0
2023-04-26 19:00:00+01:00,10.64093017578125,10.660400390625,10.636320114135742,10.655400276184082,10.655400276184082,0
2023-04-26 20:00:00+01:00,10.655599594116211,10.659239768981934,10.645279884338379,10.651769638061523,10.651769638061523,0
2023-04-26 21:00:00+01:00,10.650540351867676,10.651700019836426,10.630900382995605,10.633379936218262,10.633379936218262,0
2023-04-26 22:00:00+01:00,10.633379936218262,10.640899658203125,10.62222957611084,10.62444019317627,10.62444019317627,0
2023-04-26 23:00:00+01:00,10.623649597167969,10.640520095825195,10.61989974975586,10.63444995880127,10.63444995880127,0
2023-04-27 00:00:00+01:00,10.633870124816895,10.635359764099121,10.621660232543945,10.624480247497559,10.624480247497559,0
2023-04-27 01:00:00+01:00,10.624349594116211,10.634499549865723,10.621509552001953,10.628410339355469,10.628410339355469,0
2023-04-27 02:00:00+01:00,10.628419876098633,10.637399673461914,10.624099731445312,10.629850387573242,10.629850387573242,0
2023-04-27 03:00:00+01:00,10.630370140075684,10.635950088500977,10.615220069885254,10.61719036102295,10.61719036102295,0
2023-04-27 04:00:00+01:00,10.6173095703125,10.625200271606445,10.614970207214355,10.624090194702148,10.624090194702148,0
2023-04-27 05:00:00+01:00,10.624580383300781,10.625499725341797,10.614789962768555,10.619939804077148,10.619939804077148,0
2023-04-27 06:00:00+01:00,10.619609832763672,10.622200012207031,10.59961986541748,10.604169845581055,10.604169845581055,0
2023-04-27 07:00:00+01:00,10.604129791259766,10.611940383911133,10.588859558105469,10.60338020324707,10.60338020324707,0
2023-04-27 08:00:00+01:00,10.603899955749512,10.641550064086914,10.600680351257324,10.627559661865234,10.627559661865234,0
2023-04-27 09:00:00+01:00,10.628279685974121,10.64253044128418,10.594420433044434,10.6048002243042,10.6048002243042,0
2023-04-27 10:00:00+01:00,10.606840133666992,10.62559986114502,10.602829933166504,10.620260238647461,10.620260238647461,0
2023-04-27 11:00:00+01:00,10.619669914245605,10.626649856567383,10.603899955749512,10.61028003692627,10.61028003692627,0
2023-04-27 12:00:00+01:00,10.60984992980957,10.625789642333984,10.602060317993164,10.615300178527832,10.615300178527832,0
2023-04-27 13:00:00+01:00,10.615229606628418,10.657670021057129,10.578160285949707,10.64052963256836,10.64052963256836,0
2023-04-27 14:00:00+01:00,10.641570091247559,10.667519569396973,10.6289701461792,10.63578987121582,10.63578987121582,0
2023-04-27 15:00:00+01:00,10.636650085449219,10.660200119018555,10.615739822387695,10.650670051574707,10.650670051574707,0
2023-04-27 16:00:00+01:00,10.64993953704834,10.660840034484863,10.63424015045166,10.64844036102295,10.64844036102295,0
2023-04-27 17:00:00+01:00,10.648429870605469,10.650799751281738,10.638899803161621,10.645359992980957,10.645359992980957,0
2023-04-27 18:00:00+01:00,10.644929885864258,10.649029731750488,10.619139671325684,10.624079704284668,10.624079704284668,0
2023-04-27 19:00:00+01:00,10.62401008605957,10.632160186767578,10.611680030822754,10.616140365600586,10.616140365600586,0
2023-04-27 20:00:00+01:00,10.616140365600586,10.619400024414062,10.61083984375,10.616669654846191,10.616669654846191,0
2023-04-27 21:00:00+01:00,10.61758041381836,10.618829727172852,10.607839584350586,10.609149932861328,10.609149932861328,0
2023-04-27 22:00:00+01:00,10.61184024810791,10.612469673156738,10.605569839477539,10.610930442810059,10.610930442810059,0
2023-04-27 23:00:00+01:00,10.611100196838379,10.61520004272461,10.60457992553711,10.609649658203125,10.609649658203125,0
2023-04-28 00:00:00+01:00,10.610980033874512,10.61793041229248,10.603289604187012,10.612150192260742,10.612150192260742,0
2023-04-28 01:00:00+01:00,10.612150192260742,10.617090225219727,10.603799819946289,10.610679626464844,10.610679626464844,0
2023-04-28 02:00:00+01:00,10.61050033569336,10.622300148010254,10.6043701171875,10.610989570617676,10.610989570617676,0
2023-04-28 03:00:00+01:00,10.610679626464844,10.629670143127441,10.609700202941895,10.625419616699219,10.625419616699219,0
2023-04-28 04:00:00+01:00,10.626729965209961,10.633270263671875,10.616259574890137,10.62874984741211,10.62874984741211,0
2023-04-28 05:00:00+01:00,10.627510070800781,10.6389799118042,10.6245698928833,10.632789611816406,10.632789611816406,0
2023-04-28 06:00:00+01:00,10.633159637451172,10.647159576416016,10.616399765014648,10.643059730529785,10.643059730529785,0
2023-04-28 07:00:00+01:00,10.643050193786621,10.652830123901367,10.624360084533691,10.64424991607666,10.64424991607666,0
2023-04-28 08:00:00+01:00,10.642740249633789,10.683480262756348,10.640060424804688,10.649450302124023,10.649450302124023,0
2023-04-28 09:00:00+01:00,10.649450302124023,10.761269569396973,10.643400192260742,10.755929946899414,10.755929946899414,0
2023-04-28 10:00:00+01:00,10.754469871520996,10.772780418395996,10.728930473327637,10.737750053405762,10.737750053405762,0
2023-04-28 11:00:00+01:00,10.73717975616455,10.741299629211426,10.711339950561523,10.728110313415527,10.728110313415527,0
2023-04-28 12:00:00+01:00,10.73034954071045,10.735899925231934,10.70592975616455,10.731100082397461,10.731100082397461,0
2023-04-28 13:00:00+01:00,10.729570388793945,10.759429931640625,10.721659660339355,10.740240097045898,10.740240097045898,0
2023-04-28 14:00:00+01:00,10.740280151367188,10.755640029907227,10.712019920349121,10.741189956665039,10.741189956665039,0
2023-04-28 15:00:00+01:00,10.744930267333984,10.75574016571045,10.676170349121094,10.693160057067871,10.693160057067871,0
2023-04-28 16:00:00+01:00,10.692520141601562,10.694430351257324,10.632499694824219,10.64369010925293,10.64369010925293,0
2023-04-28 17:00:00+01:00,10.643489837646484,10.658269882202148,10.6387300491333,10.649829864501953,10.649829864501953,0
2023-04-28 18:00:00+01:00,10.64822006225586,10.662199974060059,10.648030281066895,10.656120300292969,10.656120300292969,0
2023-04-28 19:00:00+01:00,10.657150268554688,10.666609764099121,10.652629852294922,10.66174030303955,10.66174030303955,0
2023-04-28 20:00:00+01:00,10.66189956665039,10.669309616088867,10.650440216064453,10.652939796447754,10.652939796447754,0
2023-04-28 21:00:00+01:00,10.654339790344238,10.657449722290039,10.64169979095459,10.647689819335938,10.647689819335938,0
2023-05-01 00:00:00+01:00,10.64955997467041,10.675390243530273,10.64955997467041,10.672019958496094,10.672019958496094,0
2023-05-01 01:00:00+01:00,10.672019958496094,10.679340362548828,10.663780212402344,10.675849914550781,10.675849914550781,0
2023-05-01 02:00:00+01:00,10.675950050354004,10.687339782714844,10.668060302734375,10.684399604797363,10.684399604797363,0
2023-05-01 03:00:00+01:00,10.683079719543457,10.688360214233398,10.674500465393066,10.67516040802002,10.67516040802002,0
2023-05-01 04:00:00+01:00,10.67516040802002,10.678000450134277,10.667790412902832,10.669960021972656,10.669960021972656,0
2023-05-01 05:00:00+01:00,10.668709754943848,10.679439544677734,10.668000221252441,10.678059577941895,10.678059577941895,0
2023-05-01 06:00:00+01:00,10.678299903869629,10.68317985534668,10.673500061035156,10.675379753112793,10.675379753112793,0
2023-05-01 07:00:00+01:00,10.675379753112793,10.68511962890625,10.658900260925293,10.665379524230957,10.665379524230957,0
2023-05-01 08:00:00+01:00,10.665019989013672,10.671699523925781,10.645380020141602,10.656579971313477,10.656579971313477,0
2023-05-01 09:00:00+01:00,10.656579971313477,10.686129570007324,10.653260231018066,10.685830116271973,10.685830116271973,0
2023-05-01 10:00:00+01:00,10.685850143432617,10.698200225830078,10.67590045928955,10.695890426635742,10.695890426635742,0
2023-05-01 11:00:00+01:00,10.695910453796387,10.710399627685547,10.691120147705078,10.700440406799316,10.700440406799316,0
2023-05-01 12:00:00+01:00,10.70022964477539,10.711299896240234,10.694720268249512,10.708769798278809,10.708769798278809,0
2023-05-01 13:00:00+01:00,10.708769798278809,10.721670150756836,10.696840286254883,10.699910163879395,10.699910163879395,0
2023-05-01 14:00:00+01:00,10.699959754943848,10.711400032043457,10.679699897766113,10.688440322875977,10.688440322875977,0
2023-05-01 15:00:00+01:00,10.689760208129883,10.74131965637207,10.689760208129883,10.732749938964844,10.732749938964844,0
2023-05-01 16:00:00+01:00,10.732580184936523,10.757049560546875,10.730380058288574,10.741669654846191,10.741669654846191,0
2023-05-01 17:00:00+01:00,10.741669654846191,10.74779987335205,10.73052978515625,10.735910415649414,10.735910415649414,0
2023-05-01 18:00:00+01:00,10.735989570617676,10.745699882507324,10.7256498336792,10.731180191040039,10.731180191040039,0
2023-05-01 19:00:00+01:00,10.731180191040039,10.740799903869629,10.726539611816406,10.739950180053711,10.739950180053711,0
2023-05-01 20:00:00+01:00,10.739740371704102,10.747389793395996,10.736319541931152,10.73801040649414,10.73801040649414,0
2023-05-01 21:00:00+01:00,10.737799644470215,10.740300178527832,10.72562026977539,10.72562026977539,10.72562026977539,0
2023-05-01 22:00:00+01:00,10.72562026977539,10.733039855957031,10.724800109863281,10.724800109863281,10.724800109863281,0
2023-05-01 23:00:00+01:00,10.721179962158203,10.736000061035156,10.720600128173828,10.733099937438965,10.733099937438965,0
2023-05-02 00:00:00+01:00,10.734560012817383,10.747420310974121,10.731060028076172,10.741000175476074,10.741000175476074,0
2023-05-02 01:00:00+01:00,10.740639686584473,10.742899894714355,10.732569694519043,10.732580184936523,10.732580184936523,0
2023-05-02 02:00:00+01:00,10.731080055236816,10.736599922180176,10.715780258178711,10.724209785461426,10.724209785461426,0
2023-05-02 03:00:00+01:00,10.724209785461426,10.72797966003418,10.721500396728516,10.725580215454102,10.725580215454102,0
2023-05-02 04:00:00+01:00,10.72577953338623,10.73369026184082,10.724379539489746,10.732609748840332,10.732609748840332,0
2023-05-02 05:00:00+01:00,10.732609748840332,10.73408031463623,10.713760375976562,10.715499877929688,10.715499877929688,0
2023-05-02 06:00:00+01:00,10.715660095214844,10.717479705810547,10.708069801330566,10.714770317077637,10.714770317077637,0
2023-05-02 07:00:00+01:00,10.7147798538208,10.728500366210938,10.702300071716309,10.72327995300293,10.72327995300293,0
2023-05-02 08:00:00+01:00,10.723480224609375,10.7289400100708,10.689080238342285,10.727580070495605,10.727580070495605,0
2023-05-02 09:00:00+01:00,10.727580070495605,10.757829666137695,10.726550102233887,10.743680000305176,10.743680000305176,0
2023-05-02 10:00:00+01:00,10.743680000305176,10.771880149841309,10.735960006713867,10.761940002441406,10.761940002441406,0
2023-05-02 11:00:00+01:00,10.761810302734375,10.77340030670166,10.745169639587402,10.747879981994629,10.747879981994629,0
2023-05-02 12:00:00+01:00,10.74767017364502,10.750900268554688,10.700309753417969,10.71560001373291,10.71560001373291,0
2023-05-02 13:00:00+01:00,10.715680122375488,10.760310173034668,10.715680122375488,10.760310173034668,10.760310173034668,0
2023-05-02 14:00:00+01:00,10.760310173034668,10.806730270385742,10.755949974060059,10.801739692687988,10.801739692687988,0
2023-05-02 15:00:00+01:00,10.801239967346191,10.82824993133545,10.7775297164917,10.823690414428711,10.823690414428711,0
2023-05-02 16:00:00+01:00,10.823690414428711,10.831399917602539,10.802680015563965,10.804849624633789,10.804849624633789,0
2023-05-02 17:00:00+01:00,10.803389549255371,10.80801010131836,10.791899681091309,10.795709609985352,10.795709609985352,0
2023-05-02 18:00:00+01:00,10.7955904006958,10.8014497756958,10.791419982910156,10.7993803024292,10.7993803024292,0
2023-05-02 19:00:00+01:00,10.799260139465332,10.807820320129395,10.797240257263184,10.800820350646973,10.800820350646973,0
2023-05-02 20:00:00+01:00,10.800809860229492,10.803839683532715,10.795510292053223,10.803199768066406,10.803199768066406,0
2023-05-02 21:00:00+01:00,10.803939819335938,10.815059661865234,10.798859596252441,10.804059982299805,10.804059982299805,0
2023-05-02 22:00:00+01:00,10.803460121154785,10.804479598999023,10.772339820861816,10.772339820861816,10.772339820861816,0
2023-05-02 23:00:00+01:00,10.7989501953125,10.808199882507324,10.797719955444336,10.799710273742676,10.799710273742676,0
2023-05-03 00:00:00+01:00,10.80204963684082,10.805859565734863,10.793350219726562,10.802390098571777,10.802390098571777,0
2023-05-03 01:00:00+01:00,10.802550315856934,10.812990188598633,10.7889404296875,10.791970252990723,10.791970252990723,0
2023-05-03 02:00:00+01:00,10.791540145874023,10.802289962768555,10.787659645080566,10.791130065917969,10.791130065917969,0
2023-05-03 03:00:00+01:00,10.790249824523926,10.798299789428711,10.786660194396973,10.797109603881836,10.797109603881836,0
2023-05-03 04:00:00+01:00,10.795949935913086,10.797289848327637,10.78931999206543,10.79242992401123,10.79242992401123,0
2023-05-03 05:00:00+01:00,10.793049812316895,10.800729751586914,10.792799949645996,10.80049991607666,10.80049991607666,0
2023-05-03 06:00:00+01:00,10.799869537353516,10.80090045928955,10.79069995880127,10.797539710998535,10.797539710998535,0
2023-05-03 07:00:00+01:00,10.799099922180176,10.80154037475586,10.759539604187012,10.776900291442871,10.776900291442871,0
2023-05-03 08:00:00+01:00,10.776650428771973,10.785650253295898,10.757309913635254,10.775540351867676,10.775540351867676,0
2023-05-03 09:00:00+01:00,10.775460243225098,10.785289764404297,10.762649536132812,10.77908992767334,10.77908992767334,0
2023-05-03 10:00:00+01:00,10.779279708862305,10.784310340881348,10.740249633789062,10.74608039855957,10.74608039855957,0
2023-05-03 11:00:00+01:00,10.745949745178223,10.788450241088867,10.745380401611328,10.78223991394043,10.78223991394043,0
2023-05-03 12:00:00+01:00,10.782429695129395,10.785209655761719,10.758700370788574,10.771889686584473,10.771889686584473,0
2023-05-03 13:00:00+01:00,10.772109985351562,10.793990135192871,10.754190444946289,10.770890235900879,10.770890235900879,0
2023-05-03 14:00:00+01:00,10.769200325012207,10.800259590148926,10.760160446166992,10.798100471496582,10.798100471496582,0
2023-05-03 15:00:00+01:00,10.787619590759277,10.792380332946777,10.767200469970703,10.778360366821289,10.778360366821289,0
2023-05-03 16:00:00+01:00,10.777359962463379,10.781909942626953,10.763279914855957,10.768059730529785,10.768059730529785,0
2023-05-03 17:00:00+01:00,10.769049644470215,10.769769668579102,10.745719909667969,10.751279830932617,10.751279830932617,0
2023-05-03 18:00:00+01:00,10.750100135803223,10.754400253295898,10.734479904174805,10.744190216064453,10.744190216064453,0
2023-05-03 19:00:00+01:00,10.747050285339355,10.7631196975708,10.683930397033691,10.734359741210938,10.734359741210938,0
2023-05-03 20:00:00+01:00,10.732649803161621,10.779820442199707,10.732179641723633,10.76669979095459,10.76669979095459,0
2023-05-03 21:00:00+01:00,10.76669979095459,10.771300315856934,10.743709564208984,10.748259544372559,10.748259544372559,0
2023-05-03 22:00:00+01:00,10.748259544372559,10.748259544372559,10.7283296585083,10.734490394592285,10.734490394592285,0
2023-05-03 23:00:00+01:00,10.734689712524414,10.763520240783691,10.72344970703125,10.757650375366211,10.757650375366211,0
2023-05-04 00:00:00+01:00,10.759969711303711,10.76255989074707,10.742329597473145,10.76177978515625,10.76177978515625,0
2023-05-04 01:00:00+01:00,10.761480331420898,10.762080192565918,10.726969718933105,10.742019653320312,10.742019653320312,0
2023-05-04 02:00:00+01:00,10.73978042602539,10.745140075683594,10.704000473022461,10.715559959411621,10.715559959411621,0
2023-05-04 03:00:00+01:00,10.715140342712402,10.722450256347656,10.709139823913574,10.713890075683594,10.713890075683594,0
2023-05-04 04:00:00+01:00,10.713890075683594,10.719400405883789,10.710659980773926,10.717820167541504,10.717820167541504,0
2023-05-04 05:00:00+01:00,10.717989921569824,10.720809936523438,10.711799621582031,10.718110084533691,10.718110084533691,0
2023-05-04 06:00:00+01:00,10.71819019317627,10.720250129699707,10.709569931030273,10.715720176696777,10.715720176696777,0
2023-05-04 07:00:00+01:00,10.716710090637207,10.733070373535156,10.710949897766113,10.715470314025879,10.715470314025879,0
2023-05-04 08:00:00+01:00,10.715169906616211,10.736029624938965,10.702779769897461,10.704680442810059,10.704680442810059,0
2023-05-04 09:00:00+01:00,10.70244026184082,10.774239540100098,10.691080093383789,10.698450088500977,10.698450088500977,0
2023-05-04 10:00:00+01:00,10.69845962524414,10.720000267028809,10.689370155334473,10.693679809570312,10.693679809570312,0
2023-05-04 11:00:00+01:00,10.693670272827148,10.70557975769043,10.654580116271973,10.698249816894531,10.698249816894531,0
2023-05-04 12:00:00+01:00,10.699370384216309,10.705269813537598,10.6696195602417,10.674369812011719,10.674369812011719,0
2023-05-04 13:00:00+01:00,10.67411994934082,10.715530395507812,10.669119834899902,10.711009979248047,10.711009979248047,0
2023-05-04 14:00:00+01:00,10.710040092468262,10.741510391235352,10.677140235900879,10.708809852600098,10.708809852600098,0
2023-05-04 15:00:00+01:00,10.70969009399414,10.74468994140625,10.707369804382324,10.723369598388672,10.723369598388672,0
2023-05-04 16:00:00+01:00,10.722299575805664,10.738900184631348,10.70652961730957,10.723999977111816,10.723999977111816,0
2023-05-04 17:00:00+01:00,10.724639892578125,10.725090026855469,10.6873197555542,10.689709663391113,10.689709663391113,0
2023-05-04 18:00:00+01:00,10.689430236816406,10.693719863891602,10.655960083007812,10.673080444335938,10.673080444335938,0
2023-05-04 19:00:00+01:00,10.672599792480469,10.693900108337402,10.67136001586914,10.685020446777344,10.685020446777344,0
2023-05-04 20:00:00+01:00,10.684760093688965,10.69320011138916,10.678279876708984,10.69081974029541,10.69081974029541,0
2023-05-04 21:00:00+01:00,10.689669609069824,10.696590423583984,10.681839942932129,10.68297004699707,10.68297004699707,0
2023-05-04 22:00:00+01:00,10.685850143432617,10.696829795837402,10.680399894714355,10.680669784545898,10.680669784545898,0
2023-05-04 23:00:00+01:00,10.681599617004395,10.692049980163574,10.679619789123535,10.68124008178711,10.68124008178711,0
2023-05-05 00:00:00+01:00,10.67963981628418,10.682129859924316,10.673319816589355,10.678150177001953,10.678150177001953,0
2023-05-05 01:00:00+01:00,10.675919532775879,10.682120323181152,10.666999816894531,10.672459602355957,10.672459602355957,0
2023-05-05 02:00:00+01:00,10.672439575195312,10.672450065612793,10.656000137329102,10.658699989318848,10.658699989318848,0
2023-05-05 03:00:00+01:00,10.658610343933105,10.671059608459473,10.653599739074707,10.664199829101562,10.664199829101562,0
2023-05-05 04:00:00+01:00,10.664299964904785,10.66510009765625,10.644100189208984,10.650179862976074,10.650179862976074,0
2023-05-05 05:00:00+01:00,10.650190353393555,10.652350425720215,10.64741039276123,10.650219917297363,10.650219917297363,0
2023-05-05 06:00:00+01:00,10.65038013458252,10.650420188903809,10.638779640197754,10.643939971923828,10.643939971923828,0
2023-05-05 07:00:00+01:00,10.644740104675293,10.658809661865234,10.628210067749023,10.636369705200195,10.636369705200195,0
2023-05-05 08:00:00+01:00,10.634980201721191,10.663020133972168,10.623780250549316,10.63545036315918,10.63545036315918,0
2023-05-05 09:00:00+01:00,10.635259628295898,10.657469749450684,10.608539581298828,10.612730026245117,10.612730026245117,0
2023-05-05 10:00:00+01:00,10.610779762268066,10.640580177307129,10.600810050964355,10.608309745788574,10.608309745788574,0
2023-05-05 11:00:00+01:00,10.606060028076172,10.61443042755127,10.576970100402832,10.604960441589355,10.604960441589355,0
2023-05-05 12:00:00+01:00,10.603989601135254,10.618709564208984,10.59000015258789,10.612520217895508,10.612520217895508,0
2023-05-05 13:00:00+01:00,10.612750053405762,10.639030456542969,10.598750114440918,10.628520011901855,10.628520011901855,0
2023-05-05 14:00:00+01:00,10.627309799194336,10.63014030456543,10.588729858398438,10.597760200500488,10.597760200500488,0
2023-05-05 15:00:00+01:00,10.598660469055176,10.614020347595215,10.572039604187012,10.578280448913574,10.578280448913574,0
2023-05-05 16:00:00+01:00,10.579700469970703,10.58057975769043,10.562939643859863,10.57155990600586,10.57155990600586,0
2023-05-05 17:00:00+01:00,10.571149826049805,10.576930046081543,10.556940078735352,10.56564998626709,10.56564998626709,0
2023-05-05 18:00:00+01:00,10.565449714660645,10.586099624633789,10.560640335083008,10.578920364379883,10.578920364379883,0
2023-05-05 19:00:00+01:00,10.578800201416016,10.580610275268555,10.555399894714355,10.559880256652832,10.559880256652832,0
2023-05-05 20:00:00+01:00,10.559880256652832,10.572770118713379,10.558159828186035,10.569100379943848,10.569100379943848,0
2023-05-05 21:00:00+01:00,10.56881046295166,10.57367992401123,10.561400413513184,10.566349983215332,10.566349983215332,0
2023-05-05 22:00:00+01:00,10.563949584960938,10.563949584960938,10.560099601745605,10.560099601745605,10.560099601745605,0
2023-05-08 00:00:00+01:00,10.561579704284668,10.572050094604492,10.55636978149414,10.571539878845215,10.571539878845215,0
2023-05-08 01:00:00+01:00,10.571539878845215,10.573419570922852,10.562820434570312,10.568790435791016,10.568790435791016,0
2023-05-08 02:00:00+01:00,10.56814956665039,10.575699806213379,10.561860084533691,10.565369606018066,10.565369606018066,0
2023-05-08 03:00:00+01:00,10.56758975982666,10.570380210876465,10.554439544677734,10.5587797164917,10.5587797164917,0
2023-05-08 04:00:00+01:00,10.558850288391113,10.55996036529541,10.547860145568848,10.551309585571289,10.551309585571289,0
2023-05-08 05:00:00+01:00,10.548879623413086,10.551679611206055,10.541520118713379,10.543020248413086,10.543020248413086,0
2023-05-08 06:00:00+01:00,10.543140411376953,10.550809860229492,10.537759780883789,10.543740272521973,10.543740272521973,0
2023-05-08 07:00:00+01:00,10.543669700622559,10.558099746704102,10.526280403137207,10.53380012512207,10.53380012512207,0
2023-05-08 08:00:00+01:00,10.532879829406738,10.538820266723633,10.50387954711914,10.505430221557617,10.505430221557617,0
2023-05-08 09:00:00+01:00,10.506549835205078,10.511360168457031,10.481340408325195,10.497969627380371,10.497969627380371,0
2023-05-08 10:00:00+01:00,10.498689651489258,10.508620262145996,10.488180160522461,10.488479614257812,10.488479614257812,0
2023-05-08 11:00:00+01:00,10.488570213317871,10.490610122680664,10.454509735107422,10.455280303955078,10.455280303955078,0
2023-05-08 12:00:00+01:00,10.456029891967773,10.482060432434082,10.45259952545166,10.463069915771484,10.463069915771484,0
2023-05-08 13:00:00+01:00,10.46403980255127,10.478699684143066,10.45973014831543,10.468239784240723,10.468239784240723,0
2023-05-08 14:00:00+01:00,10.467260360717773,10.47605037689209,10.452239990234375,10.465950012207031,10.465950012207031,0
2023-05-08 15:00:00+01:00,10.465860366821289,10.505049705505371,10.458880424499512,10.492420196533203,10.492420196533203,0
2023-05-08 16:00:00+01:00,10.49254035949707,10.496089935302734,10.475520133972168,10.484689712524414,10.484689712524414,0
2023-05-08 17:00:00+01:00,10.484740257263184,10.485400199890137,10.469929695129395,10.476019859313965,10.476019859313965,0
2023-05-08 18:00:00+01:00,10.47700023651123,10.486650466918945,10.474940299987793,10.484539985656738,10.484539985656738,0
2023-05-08 19:00:00+01:00,10.484539985656738,10.507080078125,10.484020233154297,10.492910385131836,10.492910385131836,0
2023-05-08 20:00:00+01:00,10.493120193481445,10.504500389099121,10.491869926452637,10.499629974365234,10.499629974365234,0
2023-05-08 21:00:00+01:00,10.499629974365234,10.503199577331543,10.487030029296875,10.489080429077148,10.489080429077148,0
2023-05-08 22:00:00+01:00,10.489839553833008,10.493379592895508,10.485989570617676,10.490400314331055,10.490400314331055,0
2023-05-08 23:00:00+01:00,10.49032974243164,10.498880386352539,10.488100051879883,10.493849754333496,10.493849754333496,0
2023-05-09 00:00:00+01:00,10.49668025970459,10.505000114440918,10.488800048828125,10.501079559326172,10.501079559326172,0
2023-05-09 01:00:00+01:00,10.502860069274902,10.517430305480957,10.501239776611328,10.514749526977539,10.514749526977539,0
2023-05-09 02:00:00+01:00,10.51537036895752,10.520700454711914,10.50790023803711,10.519309997558594,10.519309997558594,0
2023-05-09 03:00:00+01:00,10.518899917602539,10.524399757385254,10.509610176086426,10.513810157775879,10.513810157775879,0
2023-05-09 04:00:00+01:00,10.514240264892578,10.518980026245117,10.51218032836914,10.513879776000977,10.513879776000977,0
2023-05-09 05:00:00+01:00,10.514010429382324,10.51609992980957,10.50864028930664,10.515560150146484,10.515560150146484,0
2023-05-09 06:00:00+01:00,10.515660285949707,10.52122974395752,10.511079788208008,10.516539573669434,10.516539573669434,0
2023-05-09 07:00:00+01:00,10.51648998260498,10.538450241088867,10.51648998260498,10.526470184326172,10.526470184326172,0
2023-05-09 08:00:00+01:00,10.526459693908691,10.556750297546387,10.512649536132812,10.548259735107422,10.548259735107422,0
2023-05-09 09:00:00+01:00,10.548290252685547,10.567870140075684,10.535900115966797,10.548370361328125,10.548370361328125,0
2023-05-09 10:00:00+01:00,10.547820091247559,10.552539825439453,10.5316801071167,10.538350105285645,10.538350105285645,0
2023-05-09 11:00:00+01:00,10.538129806518555,10.543540000915527,10.523019790649414,10.53792953491211,10.53792953491211,0
2023-05-09 12:00:00+01:00,10.53794002532959,10.567440032958984,10.52791976928711,10.557559967041016,10.557559967041016,0
2023-05-09 13:00:00+01:00,10.557559967041016,10.575550079345703,10.55243968963623,10.567179679870605,10.567179679870605,0
2023-05-09 14:00:00+01:00,10.56719970703125,10.58495044708252,10.544139862060547,10.548379898071289,10.548379898071289,0
2023-05-09 15:00:00+01:00,10.547459602355957,10.584230422973633,10.545140266418457,10.574749946594238,10.574749946594238,0
2023-05-09 16:00:00+01:00,10.574139595031738,10.58882999420166,10.56387996673584,10.585140228271484,10.585140228271484,0
2023-05-09 17:00:00+01:00,10.585820198059082,10.590700149536133,10.567319869995117,10.57925033569336,10.57925033569336,0
2023-05-09 18:00:00+01:00,10.57837963104248,10.580459594726562,10.552140235900879,10.558300018310547,10.558300018310547,0
2023-05-09 19:00:00+01:00,10.558420181274414,10.565139770507812,10.549839973449707,10.559800148010254,10.559800148010254,0
2023-05-09 20:00:00+01:00,10.560750007629395,10.574130058288574,10.554980278015137,10.571640014648438,10.571640014648438,0
2023-05-09 21:00:00+01:00,10.57190990447998,10.575200080871582,10.555580139160156,10.567000389099121,10.567000389099121,0
2023-05-09 22:00:00+01:00,10.565779685974121,10.582010269165039,10.562450408935547,10.572640419006348,10.572640419006348,0
2023-05-09 23:00:00+01:00,10.572629928588867,10.572640419006348,10.552630424499512,10.567190170288086,10.567190170288086,0
2023-05-10 00:00:00+01:00,10.566780090332031,10.570079803466797,10.559479713439941,10.562620162963867,10.562620162963867,0
2023-05-10 01:00:00+01:00,10.563790321350098,10.564379692077637,10.556670188903809,10.563130378723145,10.563130378723145,0
2023-05-10 02:00:00+01:00,10.562740325927734,10.565899848937988,10.550600051879883,10.56309986114502,10.56309986114502,0
2023-05-10 03:00:00+01:00,10.562350273132324,10.565770149230957,10.560179710388184,10.562849998474121,10.562849998474121,0
2023-05-10 04:00:00+01:00,10.562899589538574,10.564720153808594,10.559300422668457,10.561759948730469,10.561759948730469,0
2023-05-10 05:00:00+01:00,10.559590339660645,10.564169883728027,10.55582046508789,10.563799858093262,10.563799858093262,0
2023-05-10 06:00:00+01:00,10.563859939575195,10.577369689941406,10.560999870300293,10.569299697875977,10.569299697875977,0
2023-05-10 07:00:00+01:00,10.568400382995605,10.572070121765137,10.544899940490723,10.552780151367188,10.552780151367188,0
2023-05-10 08:00:00+01:00,10.552780151367188,10.554980278015137,10.514800071716309,10.534879684448242,10.534879684448242,0
2023-05-10 09:00:00+01:00,10.534709930419922,10.560569763183594,10.532469749450684,10.557780265808105,10.557780265808105,0
2023-05-10 10:00:00+01:00,10.558259963989258,10.5731201171875,10.539480209350586,10.54170036315918,10.54170036315918,0
2023-05-10 11:00:00+01:00,10.54170036315918,10.5595703125,10.537079811096191,10.547340393066406,10.547340393066406,0
2023-05-10 12:00:00+01:00,10.54623031616211,10.560250282287598,10.535340309143066,10.543959617614746,10.543959617614746,0
2023-05-10 13:00:00+01:00,10.544179916381836,10.556699752807617,10.432250022888184,10.440449714660645,10.440449714660645,0
2023-05-10 14:00:00+01:00,10.441200256347656,10.512359619140625,10.429730415344238,10.496580123901367,10.496580123901367,0
2023-05-10 15:00:00+01:00,10.49623966217041,10.520050048828125,10.467140197753906,10.496600151062012,10.496600151062012,0
2023-05-10 16:00:00+01:00,10.496509552001953,10.513640403747559,10.490900039672852,10.506950378417969,10.506950378417969,0
2023-05-10 17:00:00+01:00,10.507229804992676,10.510100364685059,10.489800453186035,10.503399848937988,10.503399848937988,0
2023-05-10 18:00:00+01:00,10.5031099319458,10.542130470275879,10.502260208129883,10.522509574890137,10.522509574890137,0
2023-05-10 19:00:00+01:00,10.523209571838379,10.52556037902832,10.495670318603516,10.507570266723633,10.507570266723633,0
2023-05-10 20:00:00+01:00,10.507570266723633,10.50944995880127,10.496749877929688,10.501310348510742,10.501310348510742,0
2023-05-10 21:00:00+01:00,10.500940322875977,10.503219604492188,10.491700172424316,10.496959686279297,10.496959686279297,0
2023-05-10 22:00:00+01:00,10.496870040893555,10.502510070800781,10.496520042419434,10.502510070800781,10.502510070800781,0
2023-05-10 23:00:00+01:00,10.50055980682373,10.503580093383789,10.492380142211914,10.497249603271484,10.497249603271484,0
2023-05-11 00:00:00+01:00,10.497269630432129,10.501720428466797,10.494400024414062,10.498290061950684,10.498290061950684,0
2023-05-11 01:00:00+01:00,10.499019622802734,10.499959945678711,10.486800193786621,10.492980003356934,10.492980003356934,0
2023-05-11 02:00:00+01:00,10.493619918823242,10.498109817504883,10.472399711608887,10.496600151062012,10.496600151062012,0
2023-05-11 03:00:00+01:00,10.496740341186523,10.506360054016113,10.493399620056152,10.49744987487793,10.49744987487793,0
2023-05-11 04:00:00+01:00,10.497550010681152,10.504949569702148,10.488300323486328,10.498579978942871,10.498579978942871,0
2023-05-11 05:00:00+01:00,10.498649597167969,10.506099700927734,10.496299743652344,10.49899959564209,10.49899959564209,0
2023-05-11 06:00:00+01:00,10.498550415039062,10.500060081481934,10.489219665527344,10.494099617004395,10.494099617004395,0
2023-05-11 07:00:00+01:00,10.493969917297363,10.546719551086426,10.461919784545898,10.545999526977539,10.545999526977539,0
2023-05-11 08:00:00+01:00,10.546719551086426,10.563380241394043,10.524999618530273,10.558730125427246,10.558730125427246,0
2023-05-11 09:00:00+01:00,10.557519912719727,10.574899673461914,10.530380249023438,10.545519828796387,10.545519828796387,0
2023-05-11 10:00:00+01:00,10.545370101928711,10.548330307006836,10.520139694213867,10.526220321655273,10.526220321655273,0
2023-05-11 11:00:00+01:00,10.524800300598145,10.534839630126953,10.506779670715332,10.511650085449219,10.511650085449219,0
2023-05-11 12:00:00+01:00,10.51282024383545,10.545140266418457,10.50652027130127,10.540679931640625,10.540679931640625,0
2023-05-11 13:00:00+01:00,10.540909767150879,10.559749603271484,10.521479606628418,10.557450294494629,10.557450294494629,0
2023-05-11 14:00:00+01:00,10.557140350341797,10.647120475769043,10.557140350341797,10.64214038848877,10.64214038848877,0
2023-05-11 15:00:00+01:00,10.640460014343262,10.668390274047852,10.639240264892578,10.65746021270752,10.65746021270752,0
2023-05-11 16:00:00+01:00,10.655500411987305,10.664660453796387,10.639630317687988,10.662179946899414,10.662179946899414,0
2023-05-11 17:00:00+01:00,10.660759925842285,10.666299819946289,10.647419929504395,10.65172004699707,10.65172004699707,0
2023-05-11 18:00:00+01:00,10.652660369873047,10.686619758605957,10.650010108947754,10.679949760437012,10.679949760437012,0
2023-05-11 19:00:00+01:00,10.67982006072998,10.68517017364502,10.662099838256836,10.66742992401123,10.66742992401123,0
2023-05-11 20:00:00+01:00,10.667149543762207,10.674670219421387,10.662699699401855,10.674440383911133,10.674440383911133,0
2023-05-11 21:00:00+01:00,10.6731595993042,10.681220054626465,10.664970397949219,10.677599906921387,10.677599906921387,0
2023-05-11 22:00:00+01:00,10.677599906921387,10.677599906921387,10.665060043334961,10.665060043334961,10.665060043334961,0
2023-05-11 23:00:00+01:00,10.660479545593262,10.667810440063477,10.655949592590332,10.665120124816895,10.665120124816895,0
2023-05-12 00:00:00+01:00,10.665220260620117,10.676580429077148,10.661069869995117,10.675379753112793,10.675379753112793,0
2023-05-12 01:00:00+01:00,10.67527961730957,10.684320449829102,10.657039642333984,10.664369583129883,10.664369583129883,0
2023-05-12 02:00:00+01:00,10.665679931640625,10.688940048217773,10.65783977508545,10.682180404663086,10.682180404663086,0
2023-05-12 03:00:00+01:00,10.68257999420166,10.687740325927734,10.667519569396973,10.679889678955078,10.679889678955078,0
2023-05-12 04:00:00+01:00,10.679389953613281,10.68474006652832,10.675640106201172,10.679169654846191,10.679169654846191,0
2023-05-12 05:00:00+01:00,10.6806001663208,10.680970191955566,10.672699928283691,10.674460411071777,10.674460411071777,0
2023-05-12 06:00:00+01:00,10.674280166625977,10.678720474243164,10.663299560546875,10.667900085449219,10.667900085449219,0
2023-05-12 07:00:00+01:00,10.667880058288574,10.711950302124023,10.658679962158203,10.711199760437012,10.711199760437012,0
2023-05-12 08:00:00+01:00,10.711150169372559,10.716409683227539,10.674440383911133,10.711700439453125,10.711700439453125,0
2023-05-12 09:00:00+01:00,10.709219932556152,10.722249984741211,10.66543960571289,10.676569938659668,10.676569938659668,0
2023-05-12 10:00:00+01:00,10.676569938659668,10.695389747619629,10.651639938354492,10.652750015258789,10.652750015258789,0
2023-05-12 11:00:00+01:00,10.652910232543945,10.668319702148438,10.645540237426758,10.667679786682129,10.667679786682129,0
2023-05-12 12:00:00+01:00,10.6673002243042,10.686610221862793,10.662699699401855,10.664480209350586,10.664480209350586,0
2023-05-12 13:00:00+01:00,10.663800239562988,10.685239791870117,10.663180351257324,10.668399810791016,10.668399810791016,0
2023-05-12 14:00:00+01:00,10.66942024230957,10.673919677734375,10.643969535827637,10.651339530944824,10.651339530944824,0
2023-05-12 15:00:00+01:00,10.649129867553711,10.704230308532715,10.635319709777832,10.698160171508789,10.698160171508789,0
2023-05-12 16:00:00+01:00,10.698749542236328,10.702859878540039,10.686479568481445,10.692270278930664,10.692270278930664,0
2023-05-12 17:00:00+01:00,10.692079544067383,10.694899559020996,10.67177963256836,10.681099891662598,10.681099891662598,0
2023-05-12 18:00:00+01:00,10.678899765014648,10.683300018310547,10.665160179138184,10.677940368652344,10.677940368652344,0
2023-05-12 19:00:00+01:00,10.677929878234863,10.69402027130127,10.677539825439453,10.686579704284668,10.686579704284668,0
2023-05-12 20:00:00+01:00,10.686579704284668,10.68809986114502,10.679380416870117,10.683239936828613,10.683239936828613,0
2023-05-12 21:00:00+01:00,10.683239936828613,10.68848991394043,10.673430442810059,10.679479598999023,10.679479598999023,0
2023-05-15 00:00:00+01:00,10.666099548339844,10.677619934082031,10.658340454101562,10.674169540405273,10.674169540405273,0
2023-05-15 01:00:00+01:00,10.673669815063477,10.689499855041504,10.671529769897461,10.68262004852295,10.68262004852295,0
2023-05-15 02:00:00+01:00,10.68340015411377,10.684499740600586,10.667369842529297,10.669289588928223,10.669289588928223,0
2023-05-15 03:00:00+01:00,10.669150352478027,10.68239974975586,10.668600082397461,10.67803955078125,10.67803955078125,0
2023-05-15 04:00:00+01:00,10.678000450134277,10.686400413513184,10.675200462341309,10.680049896240234,10.680049896240234,0
2023-05-15 05:00:00+01:00,10.679889678955078,10.68340015411377,10.671500205993652,10.672149658203125,10.672149658203125,0
2023-05-15 06:00:00+01:00,10.672320365905762,10.674400329589844,10.640999794006348,10.64486026763916,10.64486026763916,0
2023-05-15 07:00:00+01:00,10.64486026763916,10.669300079345703,10.636520385742188,10.649920463562012,10.649920463562012,0
2023-05-15 08:00:00+01:00,10.649800300598145,10.7008695602417,10.645400047302246,10.685379981994629,10.685379981994629,0
2023-05-15 09:00:00+01:00,10.685580253601074,10.70110034942627,10.668479919433594,10.699049949645996,10.699049949645996,0
2023-05-15 10:00:00+01:00,10.698869705200195,10.7079496383667,10.672140121459961,10.677499771118164,10.677499771118164,0
2023-05-15 11:00:00+01:00,10.676830291748047,10.681790351867676,10.651220321655273,10.658490180969238,10.658490180969238,0
2023-05-15 12:00:00+01:00,10.658459663391113,10.658459663391113,10.63838005065918,10.642279624938965,10.642279624938965,0
2023-05-15 13:00:00+01:00,10.64307975769043,10.663299560546875,10.63700008392334,10.655420303344727,10.655420303344727,0
2023-05-15 14:00:00+01:00,10.65565013885498,10.67825984954834,10.649740219116211,10.658220291137695,10.658220291137695,0
2023-05-15 15:00:00+01:00,10.657560348510742,10.667409896850586,10.623979568481445,10.629340171813965,10.629340171813965,0
2023-05-15 16:00:00+01:00,10.630270004272461,10.633060455322266,10.605870246887207,10.608880043029785,10.608880043029785,0
2023-05-15 17:00:00+01:00,10.608869552612305,10.616900444030762,10.586759567260742,10.590680122375488,10.590680122375488,0
2023-05-15 18:00:00+01:00,10.590760231018066,10.605369567871094,10.590760231018066,10.600390434265137,10.600390434265137,0
2023-05-15 19:00:00+01:00,10.599610328674316,10.607500076293945,10.597869873046875,10.603899955749512,10.603899955749512,0
2023-05-15 20:00:00+01:00,10.603099822998047,10.607099533081055,10.594929695129395,10.595239639282227,10.595239639282227,0
2023-05-15 21:00:00+01:00,10.595239639282227,10.603480339050293,10.5877103805542,10.5877103805542,10.5877103805542,0
2023-05-15 22:00:00+01:00,10.593660354614258,10.593660354614258,10.585209846496582,10.58607006072998,10.58607006072998,0
2023-05-15 23:00:00+01:00,10.586079597473145,10.594019889831543,10.585149765014648,10.587420463562012,10.587420463562012,0
2023-05-16 00:00:00+01:00,10.59119987487793,10.595100402832031,10.587800025939941,10.594389915466309,10.594389915466309,0
2023-05-16 01:00:00+01:00,10.594200134277344,10.595780372619629,10.584779739379883,10.585399627685547,10.585399627685547,0
2023-05-16 02:00:00+01:00,10.585249900817871,10.599470138549805,10.58230972290039,10.594599723815918,10.594599723815918,0
2023-05-16 03:00:00+01:00,10.594599723815918,10.612799644470215,10.592599868774414,10.594079971313477,10.594079971313477,0
2023-05-16 04:00:00+01:00,10.594090461730957,10.597009658813477,10.591099739074707,10.593600273132324,10.593600273132324,0
2023-05-16 05:00:00+01:00,10.593629837036133,10.597200393676758,10.59237003326416,10.5941801071167,10.5941801071167,0
2023-05-16 06:00:00+01:00,10.5941801071167,10.632080078125,10.594099998474121,10.629980087280273,10.629980087280273,0
2023-05-16 07:00:00+01:00,10.630180358886719,10.663399696350098,10.627189636230469,10.644700050354004,10.644700050354004,0
2023-05-16 08:00:00+01:00,10.64525032043457,10.65845012664795,10.59529972076416,10.596269607543945,10.596269607543945,0
2023-05-16 09:00:00+01:00,10.596980094909668,10.614830017089844,10.591500282287598,10.603409767150879,10.603409767150879,0
2023-05-16 10:00:00+01:00,10.603409767150879,10.629799842834473,10.587320327758789,10.611960411071777,10.611960411071777,0
2023-05-16 11:00:00+01:00,10.611969947814941,10.642279624938965,10.611169815063477,10.63798999786377,10.63798999786377,0
2023-05-16 12:00:00+01:00,10.63833999633789,10.670040130615234,10.635950088500977,10.65719985961914,10.65719985961914,0
2023-05-16 13:00:00+01:00,10.657959938049316,10.673219680786133,10.644009590148926,10.653969764709473,10.653969764709473,0
2023-05-16 14:00:00+01:00,10.654179573059082,10.673970222473145,10.634499549865723,10.67162036895752,10.67162036895752,0
2023-05-16 15:00:00+01:00,10.670900344848633,10.708900451660156,10.670439720153809,10.706620216369629,10.706620216369629,0
2023-05-16 16:00:00+01:00,10.707639694213867,10.731209754943848,10.700539588928223,10.712650299072266,10.712650299072266,0
2023-05-16 17:00:00+01:00,10.713509559631348,10.734640121459961,10.707460403442383,10.724900245666504,10.724900245666504,0
2023-05-16 18:00:00+01:00,10.724340438842773,10.738470077514648,10.722649574279785,10.724639892578125,10.724639892578125,0
2023-05-16 19:00:00+01:00,10.723569869995117,10.727339744567871,10.709500312805176,10.712739944458008,10.712739944458008,0
2023-05-16 20:00:00+01:00,10.712869644165039,10.727299690246582,10.71068000793457,10.723589897155762,10.723589897155762,0
2023-05-16 21:00:00+01:00,10.72344970703125,10.725600242614746,10.709600448608398,10.716560363769531,10.716560363769531,0
2023-05-16 22:00:00+01:00,10.713760375976562,10.721090316772461,10.700340270996094,10.717240333557129,10.717240333557129,0
2023-05-16 23:00:00+01:00,10.718310356140137,10.720569610595703,10.70736026763916,10.714200019836426,10.714200019836426,0
2023-05-17 00:00:00+01:00,10.715009689331055,10.721429824829102,10.711999893188477,10.718330383300781,10.718330383300781,0
2023-05-17 01:00:00+01:00,10.718330383300781,10.725079536437988,10.710169792175293,10.713299751281738,10.713299751281738,0
2023-05-17 02:00:00+01:00,10.715749740600586,10.724860191345215,10.708800315856934,10.712750434875488,10.712750434875488,0
2023-05-17 03:00:00+01:00,10.712759971618652,10.717729568481445,10.692859649658203,10.700779914855957,10.700779914855957,0
2023-05-17 04:00:00+01:00,10.700929641723633,10.710840225219727,10.698349952697754,10.706950187683105,10.706950187683105,0
2023-05-17 05:00:00+01:00,10.706549644470215,10.713780403137207,10.70300006866455,10.709099769592285,10.709099769592285,0
2023-05-17 06:00:00+01:00,10.709380149841309,10.735699653625488,10.709199905395508,10.73451042175293,10.73451042175293,0
2023-05-17 07:00:00+01:00,10.73563003540039,10.76183032989502,10.734439849853516,10.753199577331543,10.753199577331543,0
2023-05-17 08:00:00+01:00,10.75294017791748,10.802249908447266,10.750740051269531,10.797309875488281,10.797309875488281,0
2023-05-17 09:00:00+01:00,10.797100067138672,10.79850959777832,10.746820449829102,10.781169891357422,10.781169891357422,0
2023-05-17 10:00:00+01:00,10.77985954284668,10.802949905395508,10.77985954284668,10.784090042114258,10.784090042114258,0
2023-05-17 11:00:00+01:00,10.783980369567871,10.80033016204834,10.779809951782227,10.79539966583252,10.79539966583252,0
2023-05-17 12:00:00+01:00,10.79658031463623,10.821020126342773,10.768950462341309,10.817919731140137,10.817919731140137,0
2023-05-17 13:00:00+01:00,10.819000244140625,10.83926010131836,10.799409866333008,10.806879997253418,10.806879997253418,0
2023-05-17 14:00:00+01:00,10.806170463562012,10.825719833374023,10.779470443725586,10.824580192565918,10.824580192565918,0
2023-05-17 15:00:00+01:00,10.823980331420898,10.841620445251465,10.785530090332031,10.81997013092041,10.81997013092041,0
2023-05-17 16:00:00+01:00,10.819100379943848,10.82726001739502,10.788299560546875,10.802140235900879,10.802140235900879,0
2023-05-17 17:00:00+01:00,10.802140235900879,10.802650451660156,10.750499725341797,10.762840270996094,10.762840270996094,0
2023-05-17 18:00:00+01:00,10.76272964477539,10.768790245056152,10.754859924316406,10.756759643554688,10.756759643554688,0
2023-05-17 19:00:00+01:00,10.756950378417969,10.771169662475586,10.755800247192383,10.769410133361816,10.769410133361816,0
2023-05-17 20:00:00+01:00,10.769410133361816,10.771349906921387,10.760540008544922,10.76768970489502,10.76768970489502,0
2023-05-17 21:00:00+01:00,10.767600059509277,10.775059700012207,10.761280059814453,10.767889976501465,10.767889976501465,0
2023-05-17 22:00:00+01:00,10.760660171508789,10.771360397338867,10.759260177612305,10.769140243530273,10.769140243530273,0
2023-05-17 23:00:00+01:00,10.763039588928223,10.768959999084473,10.757100105285645,10.765700340270996,10.765700340270996,0
2023-05-18 00:00:00+01:00,10.766400337219238,10.77241039276123,10.763699531555176,10.770660400390625,10.770660400390625,0
2023-05-18 01:00:00+01:00,10.770500183105469,10.772480010986328,10.762100219726562,10.76574993133545,10.76574993133545,0
2023-05-18 02:00:00+01:00,10.765850067138672,10.786049842834473,10.764900207519531,10.778160095214844,10.778160095214844,0
2023-05-18 03:00:00+01:00,10.777099609375,10.780150413513184,10.766679763793945,10.76930046081543,10.76930046081543,0
2023-05-18 04:00:00+01:00,10.769100189208984,10.779899597167969,10.766900062561035,10.778189659118652,10.778189659118652,0
2023-05-18 05:00:00+01:00,10.774800300598145,10.783889770507812,10.774399757385254,10.78300952911377,10.78300952911377,0
2023-05-18 06:00:00+01:00,10.78300952911377,10.800580024719238,10.780400276184082,10.798199653625488,10.798199653625488,0
2023-05-18 07:00:00+01:00,10.798270225524902,10.81408977508545,10.784700393676758,10.812100410461426,10.812100410461426,0
2023-05-18 08:00:00+01:00,10.81194019317627,10.849679946899414,10.804789543151855,10.838500022888184,10.838500022888184,0
2023-05-18 09:00:00+01:00,10.838540077209473,10.856149673461914,10.81742000579834,10.845809936523438,10.845809936523438,0
2023-05-18 10:00:00+01:00,10.844829559326172,10.863539695739746,10.843500137329102,10.845390319824219,10.845390319824219,0
2023-05-18 11:00:00+01:00,10.845879554748535,10.851679801940918,10.820599555969238,10.823450088500977,10.823450088500977,0
2023-05-18 12:00:00+01:00,10.823209762573242,10.85303020477295,10.818730354309082,10.84887981414795,10.84887981414795,0
2023-05-18 13:00:00+01:00,10.848779678344727,10.901300430297852,10.836620330810547,10.893280029296875,10.893280029296875,0
2023-05-18 14:00:00+01:00,10.893170356750488,10.923680305480957,10.879400253295898,10.91366958618164,10.91366958618164,0
2023-05-18 15:00:00+01:00,10.911569595336914,10.922789573669434,10.887889862060547,10.915289878845215,10.915289878845215,0
2023-05-18 16:00:00+01:00,10.91409969329834,10.932729721069336,10.904000282287598,10.917869567871094,10.917869567871094,0
2023-05-18 17:00:00+01:00,10.917710304260254,10.948800086975098,10.90878963470459,10.940959930419922,10.940959930419922,0
2023-05-18 18:00:00+01:00,10.940079689025879,10.943710327148438,10.936360359191895,10.941450119018555,10.941450119018555,0
2023-05-18 19:00:00+01:00,10.9404296875,10.94258975982666,10.929420471191406,10.930660247802734,10.930660247802734,0
2023-05-18 20:00:00+01:00,10.931739807128906,10.932709693908691,10.910440444946289,10.91549015045166,10.91549015045166,0
2023-05-18 21:00:00+01:00,10.914340019226074,10.918910026550293,10.912260055541992,10.914259910583496,10.914259910583496,0
2023-05-18 22:00:00+01:00,10.912659645080566,10.920980453491211,10.895830154418945,10.9199800491333,10.9199800491333,0
2023-05-18 23:00:00+01:00,10.917900085449219,10.922019958496094,10.90839958190918,10.909979820251465,10.909979820251465,0
2023-05-19 00:00:00+01:00,10.909979820251465,10.918950080871582,10.907500267028809,10.914549827575684,10.914549827575684,0
2023-05-19 01:00:00+01:00,10.913599967956543,10.915860176086426,10.905500411987305,10.912010192871094,10.912010192871094,0
2023-05-19 02:00:00+01:00,10.911999702453613,10.939009666442871,10.910699844360352,10.937089920043945,10.937089920043945,0
2023-05-19 03:00:00+01:00,10.93595027923584,10.940159797668457,10.904680252075195,10.906579971313477,10.906579971313477,0
2023-05-19 04:00:00+01:00,10.906579971313477,10.912220001220703,10.90371036529541,10.909689903259277,10.909689903259277,0
2023-05-19 05:00:00+01:00,10.909760475158691,10.921560287475586,10.908100128173828,10.91886043548584,10.91886043548584,0
2023-05-19 06:00:00+01:00,10.91765022277832,10.919360160827637,10.905280113220215,10.912569999694824,10.912569999694824,0
2023-05-19 07:00:00+01:00,10.912190437316895,10.922699928283691,10.877400398254395,10.884570121765137,10.884570121765137,0
2023-05-19 08:00:00+01:00,10.885680198669434,10.890729904174805,10.841620445251465,10.856419563293457,10.856419563293457,0
2023-05-19 09:00:00+01:00,10.855239868164062,10.868029594421387,10.845069885253906,10.866729736328125,10.866729736328125,0
2023-05-19 10:00:00+01:00,10.866120338439941,10.867409706115723,10.808520317077637,10.81110954284668,10.81110954284668,0
2023-05-19 11:00:00+01:00,10.811920166015625,10.8533296585083,10.811149597167969,10.846619606018066,10.846619606018066,0
2023-05-19 12:00:00+01:00,10.846619606018066,10.866959571838379,10.829730033874512,10.831720352172852,10.831720352172852,0
2023-05-19 13:00:00+01:00,10.83191967010498,10.844420433044434,10.803079605102539,10.84142017364502,10.84142017364502,0
2023-05-19 14:00:00+01:00,10.840539932250977,10.8818998336792,10.833820343017578,10.864640235900879,10.864640235900879,0
2023-05-19 15:00:00+01:00,10.864649772644043,10.890850067138672,10.860589981079102,10.871760368347168,10.871760368347168,0
2023-05-19 16:00:00+01:00,10.871749877929688,10.890069961547852,10.836910247802734,10.845800399780273,10.845800399780273,0
2023-05-19 17:00:00+01:00,10.845959663391113,10.866120338439941,10.837510108947754,10.849309921264648,10.849309921264648,0
2023-05-19 18:00:00+01:00,10.848779678344727,10.871199607849121,10.844719886779785,10.868410110473633,10.868410110473633,0
2023-05-19 19:00:00+01:00,10.869050025939941,10.885140419006348,10.866860389709473,10.875929832458496,10.875929832458496,0
2023-05-19 20:00:00+01:00,10.876919746398926,10.890560150146484,10.870980262756348,10.874290466308594,10.874290466308594,0
2023-05-19 21:00:00+01:00,10.874239921569824,10.880390167236328,10.865240097045898,10.870920181274414,10.870920181274414,0
2023-05-22 00:00:00+01:00,10.880579948425293,10.882659912109375,10.856769561767578,10.861519813537598,10.861519813537598,0
2023-05-22 01:00:00+01:00,10.861530303955078,10.8743896484375,10.857199668884277,10.864350318908691,10.864350318908691,0
2023-05-22 02:00:00+01:00,10.864450454711914,10.891260147094727,10.850720405578613,10.879429817199707,10.879429817199707,0
2023-05-22 03:00:00+01:00,10.879220008850098,10.888239860534668,10.868169784545898,10.869919776916504,10.869919776916504,0
2023-05-22 04:00:00+01:00,10.870010375976562,10.883520126342773,10.86935043334961,10.881710052490234,10.881710052490234,0
2023-05-22 05:00:00+01:00,10.882800102233887,10.884369850158691,10.868800163269043,10.872579574584961,10.872579574584961,0
2023-05-22 06:00:00+01:00,10.872579574584961,10.884730339050293,10.872300148010254,10.883609771728516,10.883609771728516,0
2023-05-22 07:00:00+01:00,10.883259773254395,10.90054988861084,10.87322998046875,10.900250434875488,10.900250434875488,0
2023-05-22 08:00:00+01:00,10.898369789123535,10.908340454101562,10.875679969787598,10.887499809265137,10.887499809265137,0
2023-05-22 09:00:00+01:00,10.887100219726562,10.903169631958008,10.867070198059082,10.86907958984375,10.86907958984375,0
2023-05-22 10:00:00+01:00,10.868760108947754,10.8889799118042,10.853469848632812,10.873559951782227,10.873559951782227,0
2023-05-22 11:00:00+01:00,10.871749877929688,10.88998031616211,10.85066032409668,10.886249542236328,10.886249542236328,0
2023-05-22 12:00:00+01:00,10.885549545288086,10.901820182800293,10.869790077209473,10.874139785766602,10.874139785766602,0
2023-05-22 13:00:00+01:00,10.875479698181152,10.897640228271484,10.870380401611328,10.891389846801758,10.891389846801758,0
2023-05-22 14:00:00+01:00,10.891579627990723,10.902210235595703,10.873370170593262,10.887980461120605,10.887980461120605,0
2023-05-22 15:00:00+01:00,10.886980056762695,10.901820182800293,10.863240242004395,10.890890121459961,10.890890121459961,0
2023-05-22 16:00:00+01:00,10.89050006866455,10.920120239257812,10.883910179138184,10.906479835510254,10.906479835510254,0
2023-05-22 17:00:00+01:00,10.906479835510254,10.911459922790527,10.898409843444824,10.905529975891113,10.905529975891113,0
2023-05-22 18:00:00+01:00,10.903949737548828,10.906009674072266,10.888099670410156,10.893389701843262,10.893389701843262,0
2023-05-22 19:00:00+01:00,10.892230033874512,10.900219917297363,10.887550354003906,10.893750190734863,10.893750190734863,0
2023-05-22 20:00:00+01:00,10.89330005645752,10.906049728393555,10.891860008239746,10.904190063476562,10.904190063476562,0
2023-05-22 21:00:00+01:00,10.904390335083008,10.905409812927246,10.888580322265625,10.891449928283691,10.891449928283691,0
2023-05-22 22:00:00+01:00,10.895660400390625,10.895660400390625,10.887350082397461,10.88949966430664,10.88949966430664,0
2023-05-22 23:00:00+01:00,10.891989707946777,10.902099609375,10.88755989074707,10.896470069885254,10.896470069885254,0
2023-05-23 00:00:00+01:00,10.898030281066895,10.905969619750977,10.891599655151367,10.902750015258789,10.902750015258789,0
2023-05-23 01:00:00+01:00,10.902750015258789,10.903499603271484,10.88677978515625,10.901009559631348,10.901009559631348,0
2023-05-23 02:00:00+01:00,10.901009559631348,10.910829544067383,10.899539947509766,10.910209655761719,10.910209655761719,0
2023-05-23 03:00:00+01:00,10.910209655761719,10.916600227355957,10.904330253601074,10.90604019165039,10.90604019165039,0
2023-05-23 04:00:00+01:00,10.905929565429688,10.917119979858398,10.905630111694336,10.909729957580566,10.909729957580566,0
2023-05-23 05:00:00+01:00,10.910099983215332,10.915390014648438,10.907279968261719,10.910980224609375,10.910980224609375,0
2023-05-23 06:00:00+01:00,10.91077995300293,10.933520317077637,10.909299850463867,10.918279647827148,10.918279647827148,0
2023-05-23 07:00:00+01:00,10.917180061340332,10.924710273742676,10.903169631958008,10.918649673461914,10.918649673461914,0
2023-05-23 08:00:00+01:00,10.920209884643555,10.95602035522461,10.913909912109375,10.946229934692383,10.946229934692383,0
2023-05-23 09:00:00+01:00,10.945159912109375,10.967989921569824,10.942709922790527,10.9656400680542,10.9656400680542,0
2023-05-23 10:00:00+01:00,10.965120315551758,10.996319770812988,10.958250045776367,10.984219551086426,10.984219551086426,0
2023-05-23 11:00:00+01:00,10.98285961151123,10.995100021362305,10.956879615783691,10.965459823608398,10.965459823608398,0
2023-05-23 12:00:00+01:00,10.964579582214355,10.968489646911621,10.938460350036621,10.953479766845703,10.953479766845703,0
2023-05-23 13:00:00+01:00,10.953579902648926,10.965169906616211,10.931070327758789,10.964189529418945,10.964189529418945,0
2023-05-23 14:00:00+01:00,10.964909553527832,10.973569869995117,10.920700073242188,10.923910140991211,10.923910140991211,0
2023-05-23 15:00:00+01:00,10.92372989654541,10.935959815979004,10.903860092163086,10.935959815979004,10.935959815979004,0
2023-05-23 16:00:00+01:00,10.934900283813477,10.943570137023926,10.924920082092285,10.937080383300781,10.937080383300781,0
2023-05-23 17:00:00+01:00,10.937979698181152,10.956560134887695,10.935999870300293,10.946720123291016,10.946720123291016,0
2023-05-23 18:00:00+01:00,10.946720123291016,10.952289581298828,10.93552017211914,10.942279815673828,10.942279815673828,0
2023-05-23 19:00:00+01:00,10.94320011138916,10.961299896240234,10.942170143127441,10.951410293579102,10.951410293579102,0
2023-05-23 20:00:00+01:00,10.952010154724121,10.965129852294922,10.950759887695312,10.96345043182373,10.96345043182373,0
2023-05-23 21:00:00+01:00,10.96288013458252,10.967490196228027,10.94851016998291,10.952360153198242,10.952360153198242,0
2023-05-23 22:00:00+01:00,10.948519706726074,10.952360153198242,10.93628978729248,10.94909954071045,10.94909954071045,0
2023-05-23 23:00:00+01:00,10.947199821472168,10.956199645996094,10.946499824523926,10.952939987182617,10.952939987182617,0
2023-05-24 00:00:00+01:00,10.95121955871582,10.957599639892578,10.94540023803711,10.955419540405273,10.955419540405273,0
2023-05-24 01:00:00+01:00,10.955949783325195,10.956680297851562,10.946430206298828,10.951149940490723,10.951149940490723,0
2023-05-24 02:00:00+01:00,10.951149940490723,10.957500457763672,10.948100090026855,10.948309898376465,10.948309898376465,0
2023-05-24 03:00:00+01:00,10.948309898376465,10.97262954711914,10.948089599609375,10.956589698791504,10.956589698791504,0
2023-05-24 04:00:00+01:00,10.955260276794434,10.95995044708252,10.948800086975098,10.952779769897461,10.952779769897461,0
2023-05-24 05:00:00+01:00,10.953709602355957,10.956100463867188,10.945899963378906,10.950240135192871,10.950240135192871,0
2023-05-24 06:00:00+01:00,10.949379920959473,10.950599670410156,10.940279960632324,10.946550369262695,10.946550369262695,0
2023-05-24 07:00:00+01:00,10.947369575500488,10.969559669494629,10.940790176391602,10.960280418395996,10.960280418395996,0
2023-05-24 08:00:00+01:00,10.960189819335938,10.985389709472656,10.959799766540527,10.982500076293945,10.982500076293945,0
2023-05-24 09:00:00+01:00,10.98147964477539,10.990050315856934,10.956549644470215,10.972310066223145,10.972310066223145,0
2023-05-24 10:00:00+01:00,10.972310066223145,10.978580474853516,10.944390296936035,10.962559700012207,10.962559700012207,0
2023-05-24 11:00:00+01:00,10.962380409240723,11.000309944152832,10.95518970489502,10.999059677124023,10.999059677124023,0
2023-05-24 12:00:00+01:00,10.998350143432617,11.001480102539062,10.95617961883545,10.957819938659668,10.957819938659668,0
2023-05-24 13:00:00+01:00,10.95715045928955,10.962420463562012,10.930100440979004,10.953060150146484,10.953060150146484,0
2023-05-24 14:00:00+01:00,10.953080177307129,10.960709571838379,10.933409690856934,10.953080177307129,10.953080177307129,0
2023-05-24 15:00:00+01:00,10.953080177307129,10.983180046081543,10.932519912719727,10.953900337219238,10.953900337219238,0
2023-05-24 16:00:00+01:00,10.954819679260254,10.971070289611816,10.951350212097168,10.961660385131836,10.961660385131836,0
2023-05-24 17:00:00+01:00,10.963859558105469,10.986900329589844,10.95635986328125,10.974300384521484,10.974300384521484,0
2023-05-24 18:00:00+01:00,10.975339889526367,10.988679885864258,10.957759857177734,10.957759857177734,10.957759857177734,0
2023-05-24 19:00:00+01:00,10.956939697265625,10.984379768371582,10.9550199508667,10.981080055236816,10.981080055236816,0
2023-05-24 20:00:00+01:00,10.981109619140625,10.983799934387207,10.958820343017578,10.967329978942871,10.967329978942871,0
2023-05-24 21:00:00+01:00,10.96852970123291,10.96852970123291,10.949819564819336,10.954710006713867,10.954710006713867,0
2023-05-24 22:00:00+01:00,10.953689575195312,10.953689575195312,10.953689575195312,10.953689575195312,10.953689575195312,0
2023-05-24 23:00:00+01:00,10.951789855957031,10.964539527893066,10.94575023651123,10.951149940490723,10.951149940490723,0
2023-05-25 00:00:00+01:00,10.950349807739258,10.95557975769043,10.945799827575684,10.955100059509277,10.955100059509277,0
2023-05-25 01:00:00+01:00,10.952119827270508,10.96343994140625,10.94966983795166,10.951549530029297,10.951549530029297,0
2023-05-25 02:00:00+01:00,10.95164966583252,10.974909782409668,10.944049835205078,10.973719596862793,10.973719596862793,0
2023-05-25 03:00:00+01:00,10.973719596862793,10.97957992553711,10.95956039428711,10.967340469360352,10.967340469360352,0
2023-05-25 04:00:00+01:00,10.96802043914795,10.978899955749512,10.965100288391113,10.974949836730957,10.974949836730957,0
2023-05-25 05:00:00+01:00,10.974849700927734,10.981619834899902,10.970000267028809,10.981100082397461,10.981100082397461,0
2023-05-25 06:00:00+01:00,10.981109619140625,10.981949806213379,10.971030235290527,10.97249984741211,10.97249984741211,0
2023-05-25 07:00:00+01:00,10.97249984741211,10.991999626159668,10.967909812927246,10.987950325012207,10.987950325012207,0
2023-05-25 08:00:00+01:00,10.987759590148926,11.016500473022461,10.977450370788574,10.988289833068848,10.988289833068848,0
2023-05-25 09:00:00+01:00,10.987360000610352,10.999369621276855,10.971710205078125,10.98153018951416,10.98153018951416,0
2023-05-25 10:00:00+01:00,10.981550216674805,10.996580123901367,10.968179702758789,10.968910217285156,10.968910217285156,0
2023-05-25 11:00:00+01:00,10.970990180969238,10.991789817810059,10.934089660644531,10.989130020141602,10.989130020141602,0
2023-05-25 12:00:00+01:00,10.990139961242676,10.990650177001953,10.957329750061035,10.959210395812988,10.959210395812988,0
2023-05-25 13:00:00+01:00,10.958100318908691,10.996740341186523,10.941570281982422,10.987079620361328,10.987079620361328,0
2023-05-25 14:00:00+01:00,10.986300468444824,11.036669731140137,10.981599807739258,11.028779983520508,11.028779983520508,0
2023-05-25 15:00:00+01:00,11.029120445251465,11.03991985321045,11.005840301513672,11.035440444946289,11.035440444946289,0
2023-05-25 16:00:00+01:00,11.035440444946289,11.073100090026855,11.020700454711914,11.06089973449707,11.06089973449707,0
2023-05-25 17:00:00+01:00,11.059650421142578,11.065930366516113,11.052550315856934,11.061969757080078,11.061969757080078,0
2023-05-25 18:00:00+01:00,11.061800003051758,11.066390037536621,11.036299705505371,11.039839744567871,11.039839744567871,0
2023-05-25 19:00:00+01:00,11.040499687194824,11.056679725646973,11.029459953308105,11.05109977722168,11.05109977722168,0
2023-05-25 20:00:00+01:00,11.050350189208984,11.058939933776855,11.048100471496582,11.054800033569336,11.054800033569336,0
2023-05-25 21:00:00+01:00,11.054439544677734,11.061849594116211,11.041299819946289,11.042570114135742,11.042570114135742,0
2023-05-25 22:00:00+01:00,11.042570114135742,11.050450325012207,11.038339614868164,11.043959617614746,11.043959617614746,0
2023-05-25 23:00:00+01:00,11.038909912109375,11.050809860229492,11.03849983215332,11.043310165405273,11.043310165405273,0
2023-05-26 00:00:00+01:00,11.044360160827637,11.057049751281738,11.0423002243042,11.055150032043457,11.055150032043457,0
2023-05-26 01:00:00+01:00,11.055450439453125,11.06464958190918,11.052800178527832,11.055480003356934,11.055480003356934,0
2023-05-26 02:00:00+01:00,11.0558500289917,11.062040328979492,11.044500350952148,11.0493803024292,11.0493803024292,0
2023-05-26 03:00:00+01:00,11.0493803024292,11.05383014678955,11.034950256347656,11.051790237426758,11.051790237426758,0
2023-05-26 04:00:00+01:00,11.051400184631348,11.052120208740234,11.035799980163574,11.040949821472168,11.040949821472168,0
2023-05-26 05:00:00+01:00,11.039779663085938,11.042799949645996,11.037280082702637,11.039440155029297,11.039440155029297,0
2023-05-26 06:00:00+01:00,11.039440155029297,11.04740047454834,11.032279968261719,11.038479804992676,11.038479804992676,0
2023-05-26 07:00:00+01:00,11.038479804992676,11.052519798278809,11.008899688720703,11.035579681396484,11.035579681396484,0
2023-05-26 08:00:00+01:00,11.035579681396484,11.046979904174805,11.008700370788574,11.031929969787598,11.031929969787598,0
2023-05-26 09:00:00+01:00,11.030679702758789,11.036720275878906,11.00158977508545,11.015970230102539,11.015970230102539,0
2023-05-26 10:00:00+01:00,11.016949653625488,11.034709930419922,10.995820045471191,11.002630233764648,11.002630233764648,0
2023-05-26 11:00:00+01:00,11.002630233764648,11.020270347595215,10.995240211486816,11.003290176391602,11.003290176391602,0
2023-05-26 12:00:00+01:00,11.004329681396484,11.010749816894531,10.97719955444336,10.982760429382324,10.982760429382324,0
2023-05-26 13:00:00+01:00,10.982709884643555,11.05321979522705,10.97859001159668,11.034799575805664,11.034799575805664,0
2023-05-26 14:00:00+01:00,11.035659790039062,11.069450378417969,11.025130271911621,11.061869621276855,11.061869621276855,0
2023-05-26 15:00:00+01:00,11.061860084533691,11.089130401611328,11.025699615478516,11.07507038116455,11.07507038116455,0
2023-05-26 16:00:00+01:00,11.074930191040039,11.100629806518555,11.066180229187012,11.095439910888672,11.095439910888672,0
2023-05-26 17:00:00+01:00,11.095430374145508,11.098549842834473,11.089659690856934,11.091500282287598,11.091500282287598,0
2023-05-26 18:00:00+01:00,11.091509819030762,11.098520278930664,11.088000297546387,11.088029861450195,11.088029861450195,0
2023-05-26 19:00:00+01:00,11.090729713439941,11.09391975402832,11.079489707946777,11.084980010986328,11.084980010986328,0
2023-05-26 20:00:00+01:00,11.083740234375,11.085519790649414,11.077850341796875,11.081740379333496,11.081740379333496,0
2023-05-26 21:00:00+01:00,11.080510139465332,11.087759971618652,11.076169967651367,11.08240032196045,11.08240032196045,0
2023-05-29 00:00:00+01:00,11.074950218200684,11.077489852905273,11.069299697875977,11.077099800109863,11.077099800109863,0
2023-05-29 01:00:00+01:00,11.07645034790039,11.090570449829102,11.074939727783203,11.087499618530273,11.087499618530273,0
2023-05-29 02:00:00+01:00,11.086910247802734,11.089090347290039,11.069740295410156,11.081620216369629,11.081620216369629,0
2023-05-29 03:00:00+01:00,11.08154010772705,11.082429885864258,11.071100234985352,11.080650329589844,11.080650329589844,0
2023-05-29 04:00:00+01:00,11.080750465393066,11.090100288391113,11.075499534606934,11.088399887084961,11.088399887084961,0
2023-05-29 05:00:00+01:00,11.08761978149414,11.090689659118652,11.079039573669434,11.079680442810059,11.079680442810059,0
2023-05-29 06:00:00+01:00,11.081230163574219,11.094149589538574,11.078189849853516,11.086669921875,11.086669921875,0
2023-05-29 07:00:00+01:00,11.0872802734375,11.093379974365234,11.074600219726562,11.086210250854492,11.086210250854492,0
2023-05-29 08:00:00+01:00,11.085909843444824,11.113510131835938,11.084019660949707,11.104769706726074,11.104769706726074,0
2023-05-29 09:00:00+01:00,11.103360176086426,11.116689682006836,11.094710350036621,11.099069595336914,11.099069595336914,0
2023-05-29 10:00:00+01:00,11.099069595336914,11.119270324707031,11.097649574279785,11.118619918823242,11.118619918823242,0
2023-05-29 11:00:00+01:00,11.118659973144531,11.125800132751465,11.109600067138672,11.11046028137207,11.11046028137207,0
2023-05-29 12:00:00+01:00,11.11143970489502,11.123459815979004,11.102849960327148,11.121919631958008,11.121919631958008,0
2023-05-29 13:00:00+01:00,11.12205982208252,11.13263988494873,11.118289947509766,11.120909690856934,11.120909690856934,0
2023-05-29 14:00:00+01:00,11.12069034576416,11.132040023803711,11.115779876708984,11.125120162963867,11.125120162963867,0
2023-05-29 15:00:00+01:00,11.125749588012695,11.13656997680664,11.121760368347168,11.131779670715332,11.131779670715332,0
2023-05-29 16:00:00+01:00,11.1326904296875,11.13284969329834,11.108200073242188,11.11104965209961,11.11104965209961,0
2023-05-29 17:00:00+01:00,11.112190246582031,11.1181001663208,11.107159614562988,11.109339714050293,11.109339714050293,0
2023-05-29 18:00:00+01:00,11.111319541931152,11.11493968963623,11.109390258789062,11.111760139465332,11.111760139465332,0
2023-05-29 19:00:00+01:00,11.11266040802002,11.113920211791992,11.10735034942627,11.111680030822754,11.111680030822754,0
2023-05-29 20:00:00+01:00,11.1118803024292,11.1173095703125,11.108380317687988,11.112529754638672,11.112529754638672,0
2023-05-29 21:00:00+01:00,11.112640380859375,11.114330291748047,11.093799591064453,11.098859786987305,11.098859786987305,0
2023-05-29 22:00:00+01:00,11.086810111999512,11.103440284729004,11.085100173950195,11.093250274658203,11.093250274658203,0
2023-05-29 23:00:00+01:00,11.093070030212402,11.099129676818848,11.090100288391113,11.096489906311035,11.096489906311035,0
2023-05-30 00:00:00+01:00,11.097399711608887,11.114899635314941,11.093879699707031,11.113889694213867,11.113889694213867,0
2023-05-30 01:00:00+01:00,11.113900184631348,11.116620063781738,11.097900390625,11.102829933166504,11.102829933166504,0
2023-05-30 02:00:00+01:00,11.10116958618164,11.102970123291016,11.074219703674316,11.07958984375,11.07958984375,0
2023-05-30 03:00:00+01:00,11.080989837646484,11.094329833984375,11.076539993286133,11.092909812927246,11.092909812927246,0
2023-05-30 04:00:00+01:00,11.094260215759277,11.132089614868164,11.090450286865234,11.125069618225098,11.125069618225098,0
2023-05-30 05:00:00+01:00,11.12440013885498,11.129249572753906,11.116100311279297,11.117090225219727,11.117090225219727,0
2023-05-30 06:00:00+01:00,11.117280006408691,11.160320281982422,11.116849899291992,11.15231990814209,11.15231990814209,0
2023-05-30 07:00:00+01:00,11.150300025939941,11.155630111694336,11.123550415039062,11.149860382080078,11.149860382080078,0
2023-05-30 08:00:00+01:00,11.14861011505127,11.16454029083252,11.13131046295166,11.137450218200684,11.137450218200684,0
2023-05-30 09:00:00+01:00,11.136099815368652,11.137869834899902,11.114609718322754,11.131919860839844,11.131919860839844,0
2023-05-30 10:00:00+01:00,11.131739616394043,11.140089988708496,11.090060234069824,11.097530364990234,11.097530364990234,0
2023-05-30 11:00:00+01:00,11.096389770507812,11.098150253295898,11.069769859313965,11.088489532470703,11.088489532470703,0
2023-05-30 12:00:00+01:00,11.087570190429688,11.090999603271484,11.043910026550293,11.04794979095459,11.04794979095459,0
2023-05-30 13:00:00+01:00,11.049409866333008,11.093400001525879,11.041839599609375,11.092570304870605,11.092570304870605,0
2023-05-30 14:00:00+01:00,11.091910362243652,11.177169799804688,11.090490341186523,11.176329612731934,11.176329612731934,0
2023-05-30 15:00:00+01:00,11.177809715270996,11.232919692993164,11.160140037536621,11.18336009979248,11.18336009979248,0
2023-05-30 16:00:00+01:00,11.18202018737793,11.205499649047852,11.173150062561035,11.196069717407227,11.196069717407227,0
2023-05-30 17:00:00+01:00,11.196089744567871,11.204489707946777,11.187609672546387,11.19987964630127,11.19987964630127,0
2023-05-30 18:00:00+01:00,11.199919700622559,11.220399856567383,11.197230339050293,11.214449882507324,11.214449882507324,0
2023-05-30 19:00:00+01:00,11.214360237121582,11.217630386352539,11.191889762878418,11.197990417480469,11.197990417480469,0
2023-05-30 20:00:00+01:00,11.197979927062988,11.203180313110352,11.181879997253418,11.18220043182373,11.18220043182373,0
2023-05-30 21:00:00+01:00,11.182999610900879,11.19202995300293,11.17216968536377,11.178359985351562,11.178359985351562,0
2023-05-30 22:00:00+01:00,11.178359985351562,11.182490348815918,11.16670036315918,11.176690101623535,11.176690101623535,0
2023-05-30 23:00:00+01:00,11.174300193786621,11.18416976928711,11.172109603881836,11.180950164794922,11.180950164794922,0
2023-05-31 00:00:00+01:00,11.17903995513916,11.182330131530762,11.172089576721191,11.178449630737305,11.178449630737305,0
2023-05-31 01:00:00+01:00,11.178449630737305,11.193710327148438,11.174420356750488,11.176679611206055,11.176679611206055,0
2023-05-31 02:00:00+01:00,11.178070068359375,11.224419593811035,11.17590045928955,11.218870162963867,11.218870162963867,0
2023-05-31 03:00:00+01:00,11.218870162963867,11.239540100097656,11.214240074157715,11.233260154724121,11.233260154724121,0
2023-05-31 04:00:00+01:00,11.233269691467285,11.250539779663086,11.231940269470215,11.248209953308105,11.248209953308105,0
2023-05-31 05:00:00+01:00,11.248209953308105,11.251500129699707,11.232080459594727,11.235859870910645,11.235859870910645,0
2023-05-31 06:00:00+01:00,11.23628044128418,11.258060455322266,11.21327018737793,11.217080116271973,11.217080116271973,0
2023-05-31 07:00:00+01:00,11.217479705810547,11.244230270385742,11.216070175170898,11.234029769897461,11.234029769897461,0
2023-05-31 08:00:00+01:00,11.2330904006958,11.263099670410156,11.22465991973877,11.245800018310547,11.245800018310547,0
2023-05-31 09:00:00+01:00,11.245590209960938,11.298430442810059,11.24059009552002,11.272899627685547,11.272899627685547,0
2023-05-31 10:00:00+01:00,11.272749900817871,11.273969650268555,11.251609802246094,11.256050109863281,11.256050109863281,0
2023-05-31 11:00:00+01:00,11.2564697265625,11.26986026763916,11.246709823608398,11.254830360412598,11.254830360412598,0
2023-05-31 12:00:00+01:00,11.25413990020752,11.262319564819336,11.224900245666504,11.236479759216309,11.236479759216309,0
2023-05-31 13:00:00+01:00,11.236470222473145,11.241239547729492,11.20656967163086,11.212929725646973,11.212929725646973,0
2023-05-31 14:00:00+01:00,11.21306037902832,11.216070175170898,11.120989799499512,11.138440132141113,11.138440132141113,0
2023-05-31 15:00:00+01:00,11.138449668884277,11.169190406799316,11.12576961517334,11.138859748840332,11.138859748840332,0
2023-05-31 16:00:00+01:00,11.138629913330078,11.17039966583252,11.13817024230957,11.16765022277832,11.16765022277832,0
2023-05-31 17:00:00+01:00,11.169190406799316,11.193719863891602,11.163920402526855,11.179340362548828,11.179340362548828,0
2023-05-31 18:00:00+01:00,11.179340362548828,11.183320045471191,11.096500396728516,11.127019882202148,11.127019882202148,0
2023-05-31 19:00:00+01:00,11.127010345458984,11.128219604492188,11.1080904006958,11.122909545898438,11.122909545898438,0
2023-05-31 20:00:00+01:00,11.122099876403809,11.126009941101074,11.097439765930176,11.102709770202637,11.102709770202637,0
2023-05-31 21:00:00+01:00,11.102740287780762,11.102740287780762,11.073200225830078,11.087459564208984,11.087459564208984,0
2023-05-31 22:00:00+01:00,11.08545970916748,11.086959838867188,11.071060180664062,11.071889877319336,11.071889877319336,0
2023-05-31 23:00:00+01:00,11.074029922485352,11.081930160522461,11.065810203552246,11.071450233459473,11.071450233459473,0
2023-06-01 00:00:00+01:00,11.069950103759766,11.07129955291748,11.055800437927246,11.063300132751465,11.063300132751465,0
2023-06-01 01:00:00+01:00,11.061980247497559,11.0731201171875,11.05840015411377,11.071260452270508,11.071260452270508,0
2023-06-01 02:00:00+01:00,11.072270393371582,11.075599670410156,11.046339988708496,11.04951000213623,11.04951000213623,0
2023-06-01 03:00:00+01:00,11.050299644470215,11.060020446777344,11.044170379638672,11.047300338745117,11.047300338745117,0
2023-06-01 04:00:00+01:00,11.047300338745117,11.055399894714355,11.04419994354248,11.051619529724121,11.051619529724121,0
2023-06-01 05:00:00+01:00,11.053299903869629,11.065349578857422,11.047969818115234,11.064900398254395,11.064900398254395,0
2023-06-01 06:00:00+01:00,11.06425952911377,11.08827018737793,11.061010360717773,11.085740089416504,11.085740089416504,0
2023-06-01 07:00:00+01:00,11.085249900817871,11.10669994354248,11.080789566040039,11.103540420532227,11.103540420532227,0
2023-06-01 08:00:00+01:00,11.125300407409668,11.1773099899292,11.123809814453125,11.165519714355469,11.165519714355469,0
2023-06-01 09:00:00+01:00,11.165510177612305,11.184300422668457,11.15820026397705,11.16571044921875,11.16571044921875,0
2023-06-01 10:00:00+01:00,11.165249824523926,11.18196964263916,11.129420280456543,11.131119728088379,11.131119728088379,0
2023-06-01 11:00:00+01:00,11.130370140075684,11.153719902038574,11.114839553833008,11.152239799499512,11.152239799499512,0
2023-06-01 12:00:00+01:00,11.153429985046387,11.177300453186035,11.137889862060547,11.174469947814941,11.174469947814941,0
2023-06-01 13:00:00+01:00,11.174639701843262,11.204339981079102,11.157859802246094,11.161060333251953,11.161060333251953,0
2023-06-01 14:00:00+01:00,11.160189628601074,11.174280166625977,11.128640174865723,11.142069816589355,11.142069816589355,0
2023-06-01 15:00:00+01:00,11.132080078125,11.148019790649414,11.101110458374023,11.111900329589844,11.111900329589844,0
2023-06-01 16:00:00+01:00,11.110830307006836,11.121040344238281,11.049690246582031,11.064749717712402,11.064749717712402,0
2023-06-01 17:00:00+01:00,11.066729545593262,11.068989753723145,11.04407024383545,11.048450469970703,11.048450469970703,0
2023-06-01 18:00:00+01:00,11.048669815063477,11.062640190124512,11.04397964477539,11.047289848327637,11.047289848327637,0
2023-06-01 19:00:00+01:00,11.047289848327637,11.060219764709473,11.044819831848145,11.058309555053711,11.058309555053711,0
2023-06-01 20:00:00+01:00,11.058199882507324,11.064959526062012,11.05033016204834,11.053420066833496,11.053420066833496,0
2023-06-01 21:00:00+01:00,11.052370071411133,11.056289672851562,11.045109748840332,11.053400039672852,11.053400039672852,0
2023-06-01 22:00:00+01:00,11.047590255737305,11.04800033569336,11.044790267944336,11.044790267944336,11.044790267944336,0
2023-06-01 23:00:00+01:00,11.053790092468262,11.053879737854004,11.04170036315918,11.045350074768066,11.045350074768066,0
2023-06-02 00:00:00+01:00,11.044150352478027,11.055299758911133,11.040900230407715,11.054059982299805,11.054059982299805,0
2023-06-02 01:00:00+01:00,11.053449630737305,11.056500434875488,11.048250198364258,11.05424976348877,11.05424976348877,0
2023-06-02 02:00:00+01:00,11.054349899291992,11.065199851989746,11.042909622192383,11.053950309753418,11.053950309753418,0
2023-06-02 03:00:00+01:00,11.053950309753418,11.057100296020508,11.03909969329834,11.039910316467285,11.039910316467285,0
2023-06-02 04:00:00+01:00,11.039910316467285,11.041720390319824,11.018619537353516,11.021650314331055,11.021650314331055,0
2023-06-02 05:00:00+01:00,11.02180004119873,11.03689956665039,11.019109725952148,11.03458023071289,11.03458023071289,0
2023-06-02 06:00:00+01:00,11.03456974029541,11.036999702453613,11.024029731750488,11.028169631958008,11.028169631958008,0
2023-06-02 07:00:00+01:00,11.028249740600586,11.048810005187988,11.007349967956543,11.03656005859375,11.03656005859375,0
2023-06-02 08:00:00+01:00,11.036439895629883,11.041669845581055,11.002260208129883,11.011369705200195,11.011369705200195,0
2023-06-02 09:00:00+01:00,11.00963020324707,11.014960289001465,10.961420059204102,10.973349571228027,10.973349571228027,0
2023-06-02 10:00:00+01:00,10.971599578857422,10.990389823913574,10.95518970489502,10.972060203552246,10.972060203552246,0
2023-06-02 11:00:00+01:00,10.971799850463867,10.979180335998535,10.955430030822754,10.964309692382812,10.964309692382812,0
2023-06-02 12:00:00+01:00,10.965310096740723,11.01259994506836,10.963749885559082,11.003450393676758,11.003450393676758,0
2023-06-02 13:00:00+01:00,11.003430366516113,11.05204963684082,10.983420372009277,11.034029960632324,11.034029960632324,0
2023-06-02 14:00:00+01:00,11.033060073852539,11.041130065917969,10.98036003112793,11.015800476074219,11.015800476074219,0
2023-06-02 15:00:00+01:00,11.015740394592285,11.032919883728027,10.99314022064209,11.018500328063965,11.018500328063965,0
2023-06-02 16:00:00+01:00,11.0172700881958,11.039859771728516,11.00374984741211,11.027039527893066,11.027039527893066,0
2023-06-02 17:00:00+01:00,11.026969909667969,11.036720275878906,11.019479751586914,11.023520469665527,11.023520469665527,0
2023-06-02 18:00:00+01:00,11.023309707641602,11.029339790344238,11.016349792480469,11.022669792175293,11.022669792175293,0
2023-06-02 19:00:00+01:00,11.021369934082031,11.042180061340332,11.019339561462402,11.026559829711914,11.026559829711914,0
2023-06-02 20:00:00+01:00,11.026559829711914,11.02698040008545,11.018850326538086,11.022820472717285,11.022820472717285,0
2023-06-02 21:00:00+01:00,11.022820472717285,11.023150444030762,11.013099670410156,11.018699645996094,11.018699645996094,0
2023-06-05 00:00:00+01:00,10.982839584350586,11.002510070800781,10.982460021972656,10.999190330505371,10.999190330505371,0
2023-06-05 01:00:00+01:00,10.99789047241211,11.022319793701172,10.997870445251465,11.016469955444336,11.016469955444336,0
2023-06-05 02:00:00+01:00,11.015460014343262,11.025449752807617,10.995809555053711,11.01039981842041,11.01039981842041,0
2023-06-05 03:00:00+01:00,11.010600090026855,11.017399787902832,11.006850242614746,11.015899658203125,11.015899658203125,0
2023-06-05 04:00:00+01:00,11.01630973815918,11.017169952392578,11.007100105285645,11.007909774780273,11.007909774780273,0
2023-06-05 05:00:00+01:00,11.007610321044922,11.01924991607666,11.00687026977539,11.012689590454102,11.012689590454102,0
2023-06-05 06:00:00+01:00,11.012700080871582,11.028849601745605,11.012689590454102,11.018099784851074,11.018099784851074,0
2023-06-05 07:00:00+01:00,11.017180442810059,11.044469833374023,11.010919570922852,11.040650367736816,11.040650367736816,0
2023-06-05 08:00:00+01:00,11.041729927062988,11.056469917297363,11.025810241699219,11.043450355529785,11.043450355529785,0
2023-06-05 09:00:00+01:00,11.043540000915527,11.049810409545898,11.024620056152344,11.033599853515625,11.033599853515625,0
2023-06-05 10:00:00+01:00,11.033379554748535,11.084400177001953,11.032349586486816,11.079449653625488,11.079449653625488,0
2023-06-05 11:00:00+01:00,11.080430030822754,11.088729858398438,11.070779800415039,11.073180198669434,11.073180198669434,0
2023-06-05 12:00:00+01:00,11.073180198669434,11.076600074768066,11.059300422668457,11.067020416259766,11.067020416259766,0
2023-06-05 13:00:00+01:00,11.068099975585938,11.09965991973877,11.055500030517578,11.085140228271484,11.085140228271484,0
2023-06-05 14:00:00+01:00,11.08528995513916,11.08528995513916,11.036270141601562,11.071769714355469,11.071769714355469,0
2023-06-05 15:00:00+01:00,11.06173038482666,11.06194019317627,11.021539688110352,11.048100471496582,11.048100471496582,0
2023-06-05 16:00:00+01:00,11.048190116882324,11.051759719848633,11.023059844970703,11.023229598999023,11.023229598999023,0
2023-06-05 17:00:00+01:00,11.023229598999023,11.032999992370605,11.018070220947266,11.024889945983887,11.024889945983887,0
2023-06-05 18:00:00+01:00,11.024889945983887,11.034589767456055,11.021400451660156,11.02904987335205,11.02904987335205,0
2023-06-05 19:00:00+01:00,11.029459953308105,11.041970252990723,11.023420333862305,11.034640312194824,11.034640312194824,0
2023-06-05 20:00:00+01:00,11.035099983215332,11.038649559020996,11.024060249328613,11.030659675598145,11.030659675598145,0
2023-06-05 21:00:00+01:00,11.030619621276855,11.039199829101562,11.022319793701172,11.031359672546387,11.031359672546387,0
2023-06-05 22:00:00+01:00,11.032600402832031,11.032600402832031,11.031359672546387,11.031359672546387,11.031359672546387,0
2023-06-05 23:00:00+01:00,11.033599853515625,11.034660339355469,11.025699615478516,11.029000282287598,11.029000282287598,0
2023-06-06 00:00:00+01:00,11.028949737548828,11.038610458374023,11.026430130004883,11.034199714660645,11.034199714660645,0
2023-06-06 01:00:00+01:00,11.035260200500488,11.036760330200195,11.02688980102539,11.029709815979004,11.029709815979004,0
2023-06-06 02:00:00+01:00,11.029709815979004,11.036520004272461,11.023839950561523,11.03462028503418,11.03462028503418,0
2023-06-06 03:00:00+01:00,11.034629821777344,11.036210060119629,11.007340431213379,11.016469955444336,11.016469955444336,0
2023-06-06 04:00:00+01:00,11.016469955444336,11.026040077209473,11.014920234680176,11.024439811706543,11.024439811706543,0
2023-06-06 05:00:00+01:00,11.023940086364746,11.024869918823242,10.993300437927246,10.997599601745605,10.997599601745605,0
2023-06-06 06:00:00+01:00,10.997730255126953,11.016079902648926,10.987019538879395,11.011329650878906,11.011329650878906,0
2023-06-06 07:00:00+01:00,11.011329650878906,11.028039932250977,10.993330001831055,11.023710250854492,11.023710250854492,0
2023-06-06 08:00:00+01:00,11.024720191955566,11.064229965209961,11.010600090026855,11.048110008239746,11.048110008239746,0
2023-06-06 09:00:00+01:00,11.048060417175293,11.06134033203125,11.036490440368652,11.051969528198242,11.051969528198242,0
2023-06-06 10:00:00+01:00,11.050990104675293,11.085619926452637,11.04485034942627,11.075149536132812,11.075149536132812,0
2023-06-06 11:00:00+01:00,11.07384967803955,11.092109680175781,11.066710472106934,11.080750465393066,11.080750465393066,0
2023-06-06 12:00:00+01:00,11.080169677734375,11.126279830932617,11.076310157775879,11.118969917297363,11.118969917297363,0
2023-06-06 13:00:00+01:00,11.119179725646973,11.158060073852539,11.10398006439209,11.1393404006958,11.1393404006958,0
2023-06-06 14:00:00+01:00,11.139039993286133,11.14501953125,11.116720199584961,11.12240982055664,11.12240982055664,0
2023-06-06 15:00:00+01:00,11.12228012084961,11.125229835510254,11.080060005187988,11.082940101623535,11.082940101623535,0
2023-06-06 16:00:00+01:00,11.084500312805176,11.095490455627441,11.071610450744629,11.076769828796387,11.076769828796387,0
2023-06-06 17:00:00+01:00,11.076769828796387,11.08545970916748,11.070269584655762,11.081239700317383,11.081239700317383,0
2023-06-06 18:00:00+01:00,11.080880165100098,11.103190422058105,11.080479621887207,11.096500396728516,11.096500396728516,0
2023-06-06 19:00:00+01:00,11.096170425415039,11.099300384521484,11.087800025939941,11.091190338134766,11.091190338134766,0
2023-06-06 20:00:00+01:00,11.094059944152832,11.097149848937988,11.08456039428711,11.092909812927246,11.092909812927246,0
2023-06-06 21:00:00+01:00,11.093070030212402,11.100419998168945,11.084090232849121,11.092960357666016,11.092960357666016,0
2023-06-06 22:00:00+01:00,11.084099769592285,11.08489990234375,11.074339866638184,11.08329963684082,11.08329963684082,0
2023-06-06 23:00:00+01:00,11.080459594726562,11.093799591064453,11.075550079345703,11.08590030670166,11.08590030670166,0
2023-06-07 00:00:00+01:00,11.087149620056152,11.094799995422363,11.082730293273926,11.09115982055664,11.09115982055664,0
2023-06-07 01:00:00+01:00,11.091150283813477,11.09533977508545,11.086299896240234,11.092320442199707,11.092320442199707,0
2023-06-07 02:00:00+01:00,11.092320442199707,11.098830223083496,11.089570045471191,11.0927095413208,11.0927095413208,0
2023-06-07 03:00:00+01:00,11.092140197753906,11.123359680175781,11.088769912719727,11.095870018005371,11.095870018005371,0
2023-06-07 04:00:00+01:00,11.09634017944336,11.107099533081055,11.0927095413208,11.095179557800293,11.095179557800293,0
2023-06-07 05:00:00+01:00,11.094550132751465,11.096699714660645,11.087639808654785,11.093669891357422,11.093669891357422,0
2023-06-07 06:00:00+01:00,11.093890190124512,11.109649658203125,11.092840194702148,11.101479530334473,11.101479530334473,0
2023-06-07 07:00:00+01:00,11.102359771728516,11.133790016174316,11.09943962097168,11.117620468139648,11.117620468139648,0
2023-06-07 08:00:00+01:00,11.117520332336426,11.122879981994629,11.090290069580078,11.095370292663574,11.095370292663574,0
2023-06-07 09:00:00+01:00,11.09457015991211,11.09939956665039,11.034700393676758,11.037489891052246,11.037489891052246,0
2023-06-07 10:00:00+01:00,11.037520408630371,11.046339988708496,11.02927017211914,11.042799949645996,11.042799949645996,0
2023-06-07 11:00:00+01:00,11.042900085449219,11.04407024383545,11.01237964630127,11.017060279846191,11.017060279846191,0
2023-06-07 12:00:00+01:00,11.017069816589355,11.019909858703613,10.996660232543945,11.00780963897705,11.00780963897705,0
2023-06-07 13:00:00+01:00,11.007820129394531,11.029009819030762,10.99512004852295,11.020230293273926,11.020230293273926,0
2023-06-07 14:00:00+01:00,11.02079963684082,11.029210090637207,10.987350463867188,10.989299774169922,10.989299774169922,0
2023-06-07 15:00:00+01:00,10.990360260009766,11.03905963897705,10.979479789733887,11.02871036529541,11.02871036529541,0
2023-06-07 16:00:00+01:00,11.029509544372559,11.044710159301758,11.019619941711426,11.03827953338623,11.03827953338623,0
2023-06-07 17:00:00+01:00,11.036600112915039,11.056900024414062,11.030179977416992,11.050370216369629,11.050370216369629,0
2023-06-07 18:00:00+01:00,11.04977035522461,11.061320304870605,11.042880058288574,11.04658031463623,11.04658031463623,0
2023-06-07 19:00:00+01:00,11.04677963256836,11.049200057983398,11.031649589538574,11.040599822998047,11.040599822998047,0
2023-06-07 20:00:00+01:00,11.040599822998047,11.053030014038086,11.033439636230469,11.051989555358887,11.051989555358887,0
2023-06-07 21:00:00+01:00,11.051980018615723,11.052490234375,11.031180381774902,11.031180381774902,11.031180381774902,0
2023-06-07 23:00:00+01:00,11.034950256347656,11.047410011291504,11.03320026397705,11.037790298461914,11.037790298461914,0
2023-06-08 00:00:00+01:00,11.040220260620117,11.05385971069336,11.031180381774902,11.042869567871094,11.042869567871094,0
2023-06-08 01:00:00+01:00,11.044389724731445,11.049309730529785,11.027999877929688,11.029500007629395,11.029500007629395,0
2023-06-08 02:00:00+01:00,11.029109954833984,11.037079811096191,11.0246000289917,11.032899856567383,11.032899856567383,0
2023-06-08 03:00:00+01:00,11.032899856567383,11.034899711608887,11.025870323181152,11.033980369567871,11.033980369567871,0
2023-06-08 04:00:00+01:00,11.033989906311035,11.035090446472168,11.028300285339355,11.033479690551758,11.033479690551758,0
2023-06-08 05:00:00+01:00,11.033599853515625,11.04397964477539,11.031000137329102,11.034939765930176,11.034939765930176,0
2023-06-08 06:00:00+01:00,11.03499984741211,11.036319732666016,11.01099967956543,11.017499923706055,11.017499923706055,0
2023-06-08 07:00:00+01:00,11.017149925231934,11.033599853515625,10.993900299072266,11.003399848937988,11.003399848937988,0
2023-06-08 08:00:00+01:00,11.003439903259277,11.00802993774414,10.974900245666504,10.990599632263184,10.990599632263184,0
2023-06-08 09:00:00+01:00,10.990300178527832,11.006759643554688,10.974849700927734,10.983480453491211,10.983480453491211,0
2023-06-08 10:00:00+01:00,10.983480453491211,10.993189811706543,10.969880104064941,10.97050952911377,10.97050952911377,0
2023-06-08 11:00:00+01:00,10.970410346984863,10.980270385742188,10.961870193481445,10.967140197753906,10.967140197753906,0
2023-06-08 12:00:00+01:00,10.96735954284668,10.973739624023438,10.946260452270508,10.950499534606934,10.950499534606934,0
2023-06-08 13:00:00+01:00,10.950499534606934,10.955570220947266,10.905909538269043,10.929280281066895,10.929280281066895,0
2023-06-08 14:00:00+01:00,10.927459716796875,10.942310333251953,10.908040046691895,10.91996955871582,10.91996955871582,0
2023-06-08 15:00:00+01:00,10.91759967803955,10.921879768371582,10.886469841003418,10.89171028137207,10.89171028137207,0
2023-06-08 16:00:00+01:00,10.892589569091797,10.9173002243042,10.878870010375977,10.915289878845215,10.915289878845215,0
2023-06-08 17:00:00+01:00,10.916620254516602,10.927160263061523,10.886850357055664,10.897080421447754,10.897080421447754,0
2023-06-08 18:00:00+01:00,10.897120475769043,10.899069786071777,10.881939888000488,10.891229629516602,10.891229629516602,0
2023-06-08 19:00:00+01:00,10.891229629516602,10.899189949035645,10.888400077819824,10.895310401916504,10.895310401916504,0
2023-06-08 20:00:00+01:00,10.89540958404541,10.901419639587402,10.890700340270996,10.894610404968262,10.894610404968262,0
2023-06-08 21:00:00+01:00,10.896010398864746,10.901490211486816,10.884260177612305,10.888059616088867,10.888059616088867,0
2023-06-08 23:00:00+01:00,10.894180297851562,10.89995002746582,10.890789985656738,10.89721965789795,10.89721965789795,0
2023-06-09 00:00:00+01:00,10.89523983001709,10.903389930725098,10.8887300491333,10.900199890136719,10.900199890136719,0
2023-06-09 01:00:00+01:00,10.900199890136719,10.90429973602295,10.896820068359375,10.90170955657959,10.90170955657959,0
2023-06-09 02:00:00+01:00,10.901519775390625,10.903590202331543,10.896200180053711,10.902689933776855,10.902689933776855,0
2023-06-09 03:00:00+01:00,10.90211009979248,10.912919998168945,10.900970458984375,10.912070274353027,10.912070274353027,0
2023-06-09 04:00:00+01:00,10.911910057067871,10.912139892578125,10.904970169067383,10.90880012512207,10.90880012512207,0
2023-06-09 05:00:00+01:00,10.909290313720703,10.915300369262695,10.907500267028809,10.914460182189941,10.914460182189941,0
2023-06-09 06:00:00+01:00,10.91405963897705,10.914469718933105,10.899160385131836,10.909469604492188,10.909469604492188,0
2023-06-09 07:00:00+01:00,10.909110069274902,10.909110069274902,10.812259674072266,10.819199562072754,10.819199562072754,0
2023-06-09 08:00:00+01:00,10.816760063171387,10.841300010681152,10.811670303344727,10.822239875793457,10.822239875793457,0
2023-06-09 09:00:00+01:00,10.822050094604492,10.8506498336792,10.81991958618164,10.840629577636719,10.840629577636719,0
2023-06-09 10:00:00+01:00,10.839189529418945,10.843270301818848,10.785120010375977,10.800430297851562,10.800430297851562,0
2023-06-09 11:00:00+01:00,10.800450325012207,10.809309959411621,10.777210235595703,10.79520034790039,10.79520034790039,0
2023-06-09 12:00:00+01:00,10.795100212097168,10.80282974243164,10.751709938049316,10.764960289001465,10.764960289001465,0
2023-06-09 13:00:00+01:00,10.767120361328125,10.801159858703613,10.754119873046875,10.796130180358887,10.796130180358887,0
2023-06-09 14:00:00+01:00,10.795729637145996,10.812410354614258,10.774499893188477,10.78324031829834,10.78324031829834,0
2023-06-09 15:00:00+01:00,10.782380104064941,10.784540176391602,10.737420082092285,10.74724006652832,10.74724006652832,0
2023-06-09 16:00:00+01:00,10.74724006652832,10.763219833374023,10.735139846801758,10.758049964904785,10.758049964904785,0
2023-06-09 17:00:00+01:00,10.759220123291016,10.76023006439209,10.742810249328613,10.747469902038574,10.747469902038574,0
2023-06-09 18:00:00+01:00,10.747300148010254,10.758569717407227,10.745409965515137,10.752440452575684,10.752440452575684,0
2023-06-09 19:00:00+01:00,10.75236988067627,10.765020370483398,10.744110107421875,10.758810043334961,10.758810043334961,0
2023-06-09 20:00:00+01:00,10.760379791259766,10.770520210266113,10.758299827575684,10.763250350952148,10.763250350952148,0
2023-06-09 21:00:00+01:00,10.763930320739746,10.766229629516602,10.74547004699707,10.75037956237793,10.75037956237793,0
2023-06-12 00:00:00+01:00,10.748869895935059,10.75590991973877,10.74176025390625,10.7498197555542,10.7498197555542,0
2023-06-12 01:00:00+01:00,10.75271987915039,10.765239715576172,10.75,10.753620147705078,10.753620147705078,0
2023-06-12 02:00:00+01:00,10.754220008850098,10.774410247802734,10.748920440673828,10.772820472717285,10.772820472717285,0
2023-06-12 03:00:00+01:00,10.772820472717285,10.776989936828613,10.768010139465332,10.771980285644531,10.771980285644531,0
2023-06-12 04:00:00+01:00,10.771490097045898,10.77433967590332,10.76729965209961,10.768099784851074,10.768099784851074,0
2023-06-12 05:00:00+01:00,10.768400192260742,10.773539543151855,10.762370109558105,10.765170097351074,10.765170097351074,0
2023-06-12 06:00:00+01:00,10.765179634094238,10.772780418395996,10.75160026550293,10.755789756774902,10.755789756774902,0
2023-06-12 07:00:00+01:00,10.755399703979492,10.760330200195312,10.725709915161133,10.731380462646484,10.731380462646484,0
2023-06-12 08:00:00+01:00,10.731369972229004,10.771240234375,10.725810050964355,10.750929832458496,10.750929832458496,0
2023-06-12 09:00:00+01:00,10.751049995422363,10.761500358581543,10.742210388183594,10.751090049743652,10.751090049743652,0
2023-06-12 10:00:00+01:00,10.750889778137207,10.768369674682617,10.735440254211426,10.753490447998047,10.753490447998047,0
2023-06-12 11:00:00+01:00,10.753580093383789,10.7949800491333,10.752679824829102,10.782609939575195,10.782609939575195,0
2023-06-12 12:00:00+01:00,10.78242015838623,10.810420036315918,10.763409614562988,10.807550430297852,10.807550430297852,0
2023-06-12 13:00:00+01:00,10.808520317077637,10.81035041809082,10.773360252380371,10.780019760131836,10.780019760131836,0
2023-06-12 14:00:00+01:00,10.780099868774414,10.826080322265625,10.778719902038574,10.80955982208252,10.80955982208252,0
2023-06-12 15:00:00+01:00,10.809479713439941,10.829310417175293,10.800089836120605,10.828829765319824,10.828829765319824,0
2023-06-12 16:00:00+01:00,10.827659606933594,10.829050064086914,10.787850379943848,10.812299728393555,10.812299728393555,0
2023-06-12 17:00:00+01:00,10.811079978942871,10.817950248718262,10.8058500289917,10.812640190124512,10.812640190124512,0
2023-06-12 18:00:00+01:00,10.811079978942871,10.814390182495117,10.791850090026855,10.798620223999023,10.798620223999023,0
2023-06-12 19:00:00+01:00,10.799639701843262,10.806429862976074,10.793230056762695,10.800350189208984,10.800350189208984,0
2023-06-12 20:00:00+01:00,10.79932975769043,10.800339698791504,10.790010452270508,10.797860145568848,10.797860145568848,0
2023-06-12 21:00:00+01:00,10.797650337219238,10.805720329284668,10.785360336303711,10.791060447692871,10.791060447692871,0
2023-06-12 22:00:00+01:00,10.7923002243042,10.795459747314453,10.7923002243042,10.793800354003906,10.793800354003906,0
2023-06-12 23:00:00+01:00,10.793800354003906,10.808560371398926,10.78969955444336,10.794179916381836,10.794179916381836,0
2023-06-13 00:00:00+01:00,10.792400360107422,10.800660133361816,10.788689613342285,10.79539966583252,10.79539966583252,0
2023-06-13 01:00:00+01:00,10.793999671936035,10.800530433654785,10.78969955444336,10.799400329589844,10.799400329589844,0
2023-06-13 02:00:00+01:00,10.797200202941895,10.800339698791504,10.790499687194824,10.792499542236328,10.792499542236328,0
2023-06-13 03:00:00+01:00,10.7923002243042,10.798749923706055,10.78849983215332,10.791319847106934,10.791319847106934,0
2023-06-13 04:00:00+01:00,10.790599822998047,10.791359901428223,10.762419700622559,10.766289710998535,10.766289710998535,0
2023-06-13 05:00:00+01:00,10.766400337219238,10.770919799804688,10.758390426635742,10.762999534606934,10.762999534606934,0
2023-06-13 06:00:00+01:00,10.763649940490723,10.78085994720459,10.754940032958984,10.780739784240723,10.780739784240723,0
2023-06-13 07:00:00+01:00,10.777569770812988,10.793000221252441,10.769120216369629,10.782919883728027,10.782919883728027,0
2023-06-13 08:00:00+01:00,10.780380249023438,10.785099983215332,10.754130363464355,10.780380249023438,10.780380249023438,0
2023-06-13 09:00:00+01:00,10.779399871826172,10.800860404968262,10.776269912719727,10.785880088806152,10.785880088806152,0
2023-06-13 10:00:00+01:00,10.784910202026367,10.808159828186035,10.778400421142578,10.799590110778809,10.799590110778809,0
2023-06-13 11:00:00+01:00,10.798649787902832,10.808699607849121,10.779060363769531,10.780850410461426,10.780850410461426,0
2023-06-13 12:00:00+01:00,10.780850410461426,10.786450386047363,10.762510299682617,10.765379905700684,10.765379905700684,0
2023-06-13 13:00:00+01:00,10.76515007019043,10.768969535827637,10.686579704284668,10.688480377197266,10.688480377197266,0
2023-06-13 14:00:00+01:00,10.690759658813477,10.698610305786133,10.659469604492188,10.68043041229248,10.68043041229248,0
2023-06-13 15:00:00+01:00,10.680439949035645,10.725099563598633,10.62913990020752,10.63241958618164,10.63241958618164,0
2023-06-13 16:00:00+01:00,10.630769729614258,10.655850410461426,10.628840446472168,10.649849891662598,10.649849891662598,0
2023-06-13 17:00:00+01:00,10.649849891662598,10.654890060424805,10.630579948425293,10.6326904296875,10.6326904296875,0
2023-06-13 18:00:00+01:00,10.632309913635254,10.656970024108887,10.629440307617188,10.655579566955566,10.655579566955566,0
2023-06-13 19:00:00+01:00,10.654560089111328,10.674320220947266,10.64877986907959,10.65802001953125,10.65802001953125,0
2023-06-13 20:00:00+01:00,10.65802001953125,10.664250373840332,10.64918041229248,10.652000427246094,10.652000427246094,0
2023-06-13 21:00:00+01:00,10.652170181274414,10.653829574584961,10.63759994506836,10.639559745788574,10.639559745788574,0
2023-06-13 22:00:00+01:00,10.639570236206055,10.665040016174316,10.639570236206055,10.662989616394043,10.662989616394043,0
2023-06-13 23:00:00+01:00,10.64799976348877,10.651100158691406,10.639439582824707,10.64367961883545,10.64367961883545,0
2023-06-14 00:00:00+01:00,10.645819664001465,10.657340049743652,10.641739845275879,10.648670196533203,10.648670196533203,0
2023-06-14 01:00:00+01:00,10.649680137634277,10.6527099609375,10.642600059509277,10.652440071105957,10.652440071105957,0
2023-06-14 02:00:00+01:00,10.649800300598145,10.654930114746094,10.637160301208496,10.642860412597656,10.642860412597656,0
2023-06-14 03:00:00+01:00,10.642860412597656,10.656299591064453,10.63914966583252,10.648659706115723,10.648659706115723,0
2023-06-14 04:00:00+01:00,10.647749900817871,10.64900016784668,10.64076042175293,10.643710136413574,10.643710136413574,0
2023-06-14 05:00:00+01:00,10.646160125732422,10.650739669799805,10.642620086669922,10.643699645996094,10.643699645996094,0
2023-06-14 06:00:00+01:00,10.643699645996094,10.660070419311523,10.639430046081543,10.657520294189453,10.657520294189453,0
2023-06-14 07:00:00+01:00,10.657649993896484,10.674619674682617,10.642680168151855,10.655360221862793,10.655360221862793,0
2023-06-14 08:00:00+01:00,10.655360221862793,10.664799690246582,10.639510154724121,10.646069526672363,10.646069526672363,0
2023-06-14 09:00:00+01:00,10.646010398864746,10.662050247192383,10.627599716186523,10.642919540405273,10.642919540405273,0
2023-06-14 10:00:00+01:00,10.642419815063477,10.648920059204102,10.61378002166748,10.616700172424316,10.616700172424316,0
2023-06-14 11:00:00+01:00,10.616939544677734,10.620050430297852,10.599820137023926,10.602069854736328,10.602069854736328,0
2023-06-14 12:00:00+01:00,10.601730346679688,10.615240097045898,10.568479537963867,10.610289573669434,10.610289573669434,0
2023-06-14 13:00:00+01:00,10.610320091247559,10.61909008026123,10.549779891967773,10.557259559631348,10.557259559631348,0
2023-06-14 14:00:00+01:00,10.55737018585205,10.561010360717773,10.529780387878418,10.548749923706055,10.548749923706055,0
2023-06-14 15:00:00+01:00,10.547189712524414,10.555170059204102,10.52042007446289,10.527660369873047,10.527660369873047,0
2023-06-14 16:00:00+01:00,10.528679847717285,10.559820175170898,10.526300430297852,10.551950454711914,10.551950454711914,0
2023-06-14 17:00:00+01:00,10.550399780273438,10.563050270080566,10.54673957824707,10.560199737548828,10.560199737548828,0
2023-06-14 18:00:00+01:00,10.5618896484375,10.608739852905273,10.559840202331543,10.603280067443848,10.603280067443848,0
2023-06-14 19:00:00+01:00,10.602640151977539,10.737649917602539,10.594070434570312,10.615670204162598,10.615670204162598,0
2023-06-14 20:00:00+01:00,10.618109703063965,10.656279563903809,10.607580184936523,10.644960403442383,10.644960403442383,0
2023-06-14 21:00:00+01:00,10.64529037475586,10.651689529418945,10.63659954071045,10.645299911499023,10.645299911499023,0
2023-06-14 22:00:00+01:00,10.64015007019043,10.64015007019043,10.64015007019043,10.64015007019043,10.64015007019043,0
2023-06-14 23:00:00+01:00,10.646080017089844,10.646080017089844,10.630149841308594,10.637700080871582,10.637700080871582,0
2023-06-15 00:00:00+01:00,10.639579772949219,10.645669937133789,10.631979942321777,10.636300086975098,10.636300086975098,0
2023-06-15 01:00:00+01:00,10.636320114135742,10.666080474853516,10.63383960723877,10.658949851989746,10.658949851989746,0
2023-06-15 02:00:00+01:00,10.659390449523926,10.700739860534668,10.648380279541016,10.700180053710938,10.700180053710938,0
2023-06-15 03:00:00+01:00,10.69629955291748,10.70343017578125,10.689840316772461,10.691300392150879,10.691300392150879,0
2023-06-15 04:00:00+01:00,10.692299842834473,10.697549819946289,10.685359954833984,10.69260025024414,10.69260025024414,0
2023-06-15 05:00:00+01:00,10.693880081176758,10.703800201416016,10.685850143432617,10.69575023651123,10.69575023651123,0
2023-06-15 06:00:00+01:00,10.695759773254395,10.70967960357666,10.666199684143066,10.686070442199707,10.686070442199707,0
2023-06-15 07:00:00+01:00,10.684599876403809,10.735540390014648,10.671449661254883,10.720970153808594,10.720970153808594,0
2023-06-15 08:00:00+01:00,10.720939636230469,10.722909927368164,10.659460067749023,10.663229942321777,10.663229942321777,0
2023-06-15 09:00:00+01:00,10.662980079650879,10.664799690246582,10.605469703674316,10.622380256652832,10.622380256652832,0
2023-06-15 10:00:00+01:00,10.624369621276855,10.628899574279785,10.573619842529297,10.586979866027832,10.586979866027832,0
2023-06-15 11:00:00+01:00,10.585949897766113,10.618749618530273,10.574379920959473,10.600919723510742,10.600919723510742,0
2023-06-15 12:00:00+01:00,10.599559783935547,10.6281099319458,10.586799621582031,10.627030372619629,10.627030372619629,0
2023-06-15 13:00:00+01:00,10.627030372619629,10.63241958618164,10.569060325622559,10.570639610290527,10.570639610290527,0
2023-06-15 14:00:00+01:00,10.569629669189453,10.576149940490723,10.491999626159668,10.520589828491211,10.520589828491211,0
2023-06-15 15:00:00+01:00,10.519339561462402,10.532480239868164,10.488320350646973,10.523280143737793,10.523280143737793,0
2023-06-15 16:00:00+01:00,10.524259567260742,10.525019645690918,10.488100051879883,10.505180358886719,10.505180358886719,0
2023-06-15 17:00:00+01:00,10.506500244140625,10.508110046386719,10.475500106811523,10.48865032196045,10.48865032196045,0
2023-06-15 18:00:00+01:00,10.488249778747559,10.49977970123291,10.472169876098633,10.486769676208496,10.486769676208496,0
2023-06-15 19:00:00+01:00,10.486680030822754,10.493120193481445,10.475870132446289,10.476479530334473,10.476479530334473,0
2023-06-15 20:00:00+01:00,10.477219581604004,10.487199783325195,10.475139617919922,10.484939575195312,10.484939575195312,0
2023-06-15 21:00:00+01:00,10.486289978027344,10.49489974975586,10.480620384216309,10.48311996459961,10.48311996459961,0
2023-06-15 22:00:00+01:00,10.48960018157959,10.494099617004395,10.483240127563477,10.487420082092285,10.487420082092285,0
2023-06-15 23:00:00+01:00,10.48921012878418,10.498100280761719,10.482099533081055,10.484780311584473,10.484780311584473,0
2023-06-16 00:00:00+01:00,10.484869956970215,10.500889778137207,10.480899810791016,10.497420310974121,10.497420310974121,0
2023-06-16 01:00:00+01:00,10.497320175170898,10.511899948120117,10.492050170898438,10.509690284729004,10.509690284729004,0
2023-06-16 02:00:00+01:00,10.509690284729004,10.509770393371582,10.495400428771973,10.500920295715332,10.500920295715332,0
2023-06-16 03:00:00+01:00,10.500829696655273,10.528389930725098,10.497170448303223,10.52653980255127,10.52653980255127,0
2023-06-16 04:00:00+01:00,10.526729583740234,10.527050018310547,10.491609573364258,10.519209861755371,10.519209861755371,0
2023-06-16 05:00:00+01:00,10.519579887390137,10.523200035095215,10.512359619140625,10.51786994934082,10.51786994934082,0
2023-06-16 06:00:00+01:00,10.517620086669922,10.520429611206055,10.50648021697998,10.512280464172363,10.512280464172363,0
2023-06-16 07:00:00+01:00,10.512280464172363,10.5137300491333,10.465680122375488,10.49392032623291,10.49392032623291,0
2023-06-16 08:00:00+01:00,10.49392032623291,10.508170127868652,10.479680061340332,10.503259658813477,10.503259658813477,0
2023-06-16 09:00:00+01:00,10.503140449523926,10.508930206298828,10.483269691467285,10.491840362548828,10.491840362548828,0
2023-06-16 10:00:00+01:00,10.492810249328613,10.522780418395996,10.48816967010498,10.504289627075195,10.504289627075195,0
2023-06-16 11:00:00+01:00,10.505000114440918,10.528590202331543,10.503089904785156,10.51587963104248,10.51587963104248,0
2023-06-16 12:00:00+01:00,10.515819549560547,10.524800300598145,10.496339797973633,10.500020027160645,10.500020027160645,0
2023-06-16 13:00:00+01:00,10.499349594116211,10.527159690856934,10.491299629211426,10.52283000946045,10.52283000946045,0
2023-06-16 14:00:00+01:00,10.52206039428711,10.55739974975586,10.521400451660156,10.544039726257324,10.544039726257324,0
2023-06-16 15:00:00+01:00,10.545149803161621,10.581769943237305,10.520819664001465,10.56387996673584,10.56387996673584,0
2023-06-16 16:00:00+01:00,10.56460952758789,10.581219673156738,10.546319961547852,10.57094955444336,10.57094955444336,0
2023-06-16 17:00:00+01:00,10.572449684143066,10.608189582824707,10.566780090332031,10.582389831542969,10.582389831542969,0
2023-06-16 18:00:00+01:00,10.582169532775879,10.582969665527344,10.54751968383789,10.549240112304688,10.549240112304688,0
2023-06-16 19:00:00+01:00,10.549530029296875,10.557869911193848,10.538080215454102,10.542759895324707,10.542759895324707,0
2023-06-16 20:00:00+01:00,10.54281997680664,10.562470436096191,10.54131031036377,10.560810089111328,10.560810089111328,0
2023-06-16 21:00:00+01:00,10.560429573059082,10.565179824829102,10.519370079040527,10.549579620361328,10.549579620361328,0
2023-06-19 00:00:00+01:00,10.554490089416504,10.576419830322266,10.54401969909668,10.553330421447754,10.553330421447754,0
2023-06-19 01:00:00+01:00,10.555649757385254,10.600930213928223,10.553250312805176,10.590239524841309,10.590239524841309,0
2023-06-19 02:00:00+01:00,10.589739799499512,10.595060348510742,10.570460319519043,10.591930389404297,10.591930389404297,0
2023-06-19 03:00:00+01:00,10.591939926147461,10.59257984161377,10.581299781799316,10.585490226745605,10.585490226745605,0
2023-06-19 04:00:00+01:00,10.586299896240234,10.601349830627441,10.578760147094727,10.597860336303711,10.597860336303711,0
2023-06-19 05:00:00+01:00,10.597539901733398,10.600130081176758,10.589400291442871,10.590649604797363,10.590649604797363,0
2023-06-19 06:00:00+01:00,10.590749740600586,10.596269607543945,10.578940391540527,10.585020065307617,10.585020065307617,0
2023-06-19 07:00:00+01:00,10.585550308227539,10.59319019317627,10.566240310668945,10.573539733886719,10.573539733886719,0
2023-06-19 08:00:00+01:00,10.573539733886719,10.605070114135742,10.566679954528809,10.586319923400879,10.586319923400879,0
2023-06-19 09:00:00+01:00,10.585260391235352,10.615889549255371,10.577759742736816,10.612719535827637,10.612719535827637,0
2023-06-19 10:00:00+01:00,10.61281967163086,10.643659591674805,10.599479675292969,10.641900062561035,10.641900062561035,0
2023-06-19 11:00:00+01:00,10.641369819641113,10.654210090637207,10.62660026550293,10.6466703414917,10.6466703414917,0
2023-06-19 12:00:00+01:00,10.647439956665039,10.652039527893066,10.628609657287598,10.647870063781738,10.647870063781738,0
2023-06-19 13:00:00+01:00,10.647549629211426,10.66172981262207,10.635379791259766,10.63700008392334,10.63700008392334,0
2023-06-19 14:00:00+01:00,10.63621997833252,10.658329963684082,10.63523006439209,10.654350280761719,10.654350280761719,0
2023-06-19 15:00:00+01:00,10.653220176696777,10.673299789428711,10.644499778747559,10.672069549560547,10.672069549560547,0
2023-06-19 16:00:00+01:00,10.672869682312012,10.683699607849121,10.667340278625488,10.673700332641602,10.673700332641602,0
2023-06-19 17:00:00+01:00,10.67378044128418,10.68181037902832,10.664910316467285,10.67963981628418,10.67963981628418,0
2023-06-19 18:00:00+01:00,10.675840377807617,10.681380271911621,10.654950141906738,10.665080070495605,10.665080070495605,0
2023-06-19 19:00:00+01:00,10.665069580078125,10.675299644470215,10.655969619750977,10.667149543762207,10.667149543762207,0
2023-06-19 20:00:00+01:00,10.667149543762207,10.672160148620605,10.65723991394043,10.666620254516602,10.666620254516602,0
2023-06-19 21:00:00+01:00,10.669079780578613,10.669170379638672,10.648619651794434,10.655099868774414,10.655099868774414,0
2023-06-19 22:00:00+01:00,10.653770446777344,10.653770446777344,10.651659965515137,10.652899742126465,10.652899742126465,0
2023-06-19 23:00:00+01:00,10.669389724731445,10.68340015411377,10.668279647827148,10.68274974822998,10.68274974822998,0
2023-06-20 00:00:00+01:00,10.682000160217285,10.694100379943848,10.6497802734375,10.684800148010254,10.684800148010254,0
2023-06-20 01:00:00+01:00,10.685370445251465,10.693220138549805,10.676560401916504,10.690750122070312,10.690750122070312,0
2023-06-20 02:00:00+01:00,10.690620422363281,10.722209930419922,10.681269645690918,10.71914005279541,10.71914005279541,0
2023-06-20 03:00:00+01:00,10.720159530639648,10.727439880371094,10.70259952545166,10.705400466918945,10.705400466918945,0
2023-06-20 04:00:00+01:00,10.705499649047852,10.710229873657227,10.702699661254883,10.708780288696289,10.708780288696289,0
2023-06-20 05:00:00+01:00,10.709460258483887,10.716790199279785,10.707050323486328,10.71597957611084,10.71597957611084,0
2023-06-20 06:00:00+01:00,10.71597957611084,10.727120399475098,10.710089683532715,10.711480140686035,10.711480140686035,0
2023-06-20 07:00:00+01:00,10.713029861450195,10.717679977416992,10.68667984008789,10.709280014038086,10.709280014038086,0
2023-06-20 08:00:00+01:00,10.710430145263672,10.716219902038574,10.647419929504395,10.663780212402344,10.663780212402344,0
2023-06-20 09:00:00+01:00,10.664130210876465,10.684089660644531,10.634119987487793,10.660719871520996,10.660719871520996,0
2023-06-20 10:00:00+01:00,10.659680366516113,10.691100120544434,10.655830383300781,10.685429573059082,10.685429573059082,0
2023-06-20 11:00:00+01:00,10.683870315551758,10.6875,10.659139633178711,10.677570343017578,10.677570343017578,0
2023-06-20 12:00:00+01:00,10.67650032043457,10.708620071411133,10.67101001739502,10.699299812316895,10.699299812316895,0
2023-06-20 13:00:00+01:00,10.69948959350586,10.738590240478516,10.69540023803711,10.735960006713867,10.735960006713867,0
2023-06-20 14:00:00+01:00,10.735600471496582,10.763139724731445,10.731579780578613,10.745579719543457,10.745579719543457,0
2023-06-20 15:00:00+01:00,10.74586009979248,10.796629905700684,10.744250297546387,10.78674030303955,10.78674030303955,0
2023-06-20 16:00:00+01:00,10.786669731140137,10.786669731140137,10.763640403747559,10.775859832763672,10.775859832763672,0
2023-06-20 17:00:00+01:00,10.777070045471191,10.784330368041992,10.741840362548828,10.743269920349121,10.743269920349121,0
2023-06-20 18:00:00+01:00,10.743169784545898,10.754369735717773,10.738590240478516,10.741809844970703,10.741809844970703,0
2023-06-20 19:00:00+01:00,10.743229866027832,10.748700141906738,10.728529930114746,10.731459617614746,10.731459617614746,0
2023-06-20 20:00:00+01:00,10.731459617614746,10.741350173950195,10.722319602966309,10.725310325622559,10.725310325622559,0
2023-06-20 21:00:00+01:00,10.72642993927002,10.727580070495605,10.711999893188477,10.714360237121582,10.714360237121582,0
2023-06-20 22:00:00+01:00,10.71576976776123,10.71576976776123,10.71576976776123,10.71576976776123,10.71576976776123,0
2023-06-20 23:00:00+01:00,10.723420143127441,10.726200103759766,10.717459678649902,10.723899841308594,10.723899841308594,0
2023-06-21 00:00:00+01:00,10.724220275878906,10.727680206298828,10.71796989440918,10.72406005859375,10.72406005859375,0
2023-06-21 01:00:00+01:00,10.724579811096191,10.732099533081055,10.720100402832031,10.727959632873535,10.727959632873535,0
2023-06-21 02:00:00+01:00,10.727959632873535,10.73093032836914,10.719499588012695,10.72350025177002,10.72350025177002,0
2023-06-21 03:00:00+01:00,10.72350025177002,10.730259895324707,10.717599868774414,10.729599952697754,10.729599952697754,0
2023-06-21 04:00:00+01:00,10.728699684143066,10.730600357055664,10.718199729919434,10.720370292663574,10.720370292663574,0
2023-06-21 05:00:00+01:00,10.720359802246094,10.721150398254395,10.699520111083984,10.70442008972168,10.70442008972168,0
2023-06-21 06:00:00+01:00,10.705849647521973,10.730560302734375,10.702369689941406,10.723199844360352,10.723199844360352,0
2023-06-21 07:00:00+01:00,10.723199844360352,10.748570442199707,10.7193603515625,10.745599746704102,10.745599746704102,0
2023-06-21 08:00:00+01:00,10.745570182800293,10.752280235290527,10.710140228271484,10.721980094909668,10.721980094909668,0
2023-06-21 09:00:00+01:00,10.720890045166016,10.75253963470459,10.7085599899292,10.742429733276367,10.742429733276367,0
2023-06-21 10:00:00+01:00,10.742259979248047,10.763629913330078,10.708919525146484,10.721030235290527,10.721030235290527,0
2023-06-21 11:00:00+01:00,10.721099853515625,10.748680114746094,10.714380264282227,10.74487018585205,10.74487018585205,0
2023-06-21 12:00:00+01:00,10.74487018585205,10.762009620666504,10.73840045928955,10.759920120239258,10.759920120239258,0
2023-06-21 13:00:00+01:00,10.760210037231445,10.788450241088867,10.747030258178711,10.759750366210938,10.759750366210938,0
2023-06-21 14:00:00+01:00,10.76045036315918,10.781120300292969,10.73781967163086,10.744569778442383,10.744569778442383,0
2023-06-21 15:00:00+01:00,10.744279861450195,10.7468900680542,10.680990219116211,10.684920310974121,10.684920310974121,0
2023-06-21 16:00:00+01:00,10.68478012084961,10.711709976196289,10.681220054626465,10.695719718933105,10.695719718933105,0
2023-06-21 17:00:00+01:00,10.696120262145996,10.699979782104492,10.665519714355469,10.671660423278809,10.671660423278809,0
2023-06-21 18:00:00+01:00,10.671469688415527,10.679490089416504,10.648340225219727,10.652170181274414,10.652170181274414,0
2023-06-21 19:00:00+01:00,10.652170181274414,10.654239654541016,10.624279975891113,10.637140274047852,10.637140274047852,0
2023-06-21 20:00:00+01:00,10.637869834899902,10.650919914245605,10.631799697875977,10.643899917602539,10.643899917602539,0
2023-06-21 21:00:00+01:00,10.64447021484375,10.652999877929688,10.639800071716309,10.642709732055664,10.642709732055664,0
2023-06-21 22:00:00+01:00,10.648300170898438,10.649100303649902,10.64113998413086,10.648300170898438,10.648300170898438,0
2023-06-21 23:00:00+01:00,10.650500297546387,10.650500297546387,10.63759994506836,10.639389991760254,10.639389991760254,0
2023-06-22 00:00:00+01:00,10.637399673461914,10.644949913024902,10.634570121765137,10.64363956451416,10.64363956451416,0
2023-06-22 01:00:00+01:00,10.64363956451416,10.647509574890137,10.639599800109863,10.642290115356445,10.642290115356445,0
2023-06-22 02:00:00+01:00,10.6422700881958,10.649169921875,10.633179664611816,10.634090423583984,10.634090423583984,0
2023-06-22 03:00:00+01:00,10.634180068969727,10.652870178222656,10.633879661560059,10.650639533996582,10.650639533996582,0
2023-06-22 04:00:00+01:00,10.65060043334961,10.654470443725586,10.64037036895752,10.641799926757812,10.641799926757812,0
2023-06-22 05:00:00+01:00,10.641639709472656,10.662229537963867,10.635499954223633,10.660340309143066,10.660340309143066,0
2023-06-22 06:00:00+01:00,10.660409927368164,10.663350105285645,10.648599624633789,10.653420448303223,10.653420448303223,0
2023-06-22 07:00:00+01:00,10.653300285339355,10.662079811096191,10.634499549865723,10.656399726867676,10.656399726867676,0
2023-06-22 08:00:00+01:00,10.656390190124512,10.663909912109375,10.610199928283691,10.641220092773438,10.641220092773438,0
2023-06-22 09:00:00+01:00,10.63113021850586,10.63113021850586,10.481710433959961,10.537910461425781,10.537910461425781,0
2023-06-22 10:00:00+01:00,10.536890029907227,10.547100067138672,10.503620147705078,10.509360313415527,10.509360313415527,0
2023-06-22 11:00:00+01:00,10.509400367736816,10.53596019744873,10.506099700927734,10.524589538574219,10.524589538574219,0
2023-06-22 12:00:00+01:00,10.52455997467041,10.55720043182373,10.518699645996094,10.550580024719238,10.550580024719238,0
2023-06-22 13:00:00+01:00,10.549409866333008,10.576899528503418,10.540019989013672,10.569700241088867,10.569700241088867,0
2023-06-22 14:00:00+01:00,10.569860458374023,10.621350288391113,10.569199562072754,10.596980094909668,10.596980094909668,0
2023-06-22 15:00:00+01:00,10.59926986694336,10.628029823303223,10.594499588012695,10.610480308532715,10.610480308532715,0
2023-06-22 16:00:00+01:00,10.61122989654541,10.660980224609375,10.602100372314453,10.634329795837402,10.634329795837402,0
2023-06-22 17:00:00+01:00,10.633990287780762,10.644410133361816,10.625579833984375,10.633769989013672,10.633769989013672,0
2023-06-22 18:00:00+01:00,10.63344955444336,10.651900291442871,10.632120132446289,10.638500213623047,10.638500213623047,0
2023-06-22 19:00:00+01:00,10.637660026550293,10.645970344543457,10.630709648132324,10.6356201171875,10.6356201171875,0
2023-06-22 20:00:00+01:00,10.635180473327637,10.649689674377441,10.631640434265137,10.646900177001953,10.646900177001953,0
2023-06-22 21:00:00+01:00,10.647199630737305,10.656100273132324,10.644800186157227,10.651140213012695,10.651140213012695,0
2023-06-22 22:00:00+01:00,10.651220321655273,10.653770446777344,10.636670112609863,10.644800186157227,10.644800186157227,0
2023-06-22 23:00:00+01:00,10.645899772644043,10.651100158691406,10.63877010345459,10.642760276794434,10.642760276794434,0
2023-06-23 00:00:00+01:00,10.642250061035156,10.655400276184082,10.64074993133545,10.652759552001953,10.652759552001953,0
2023-06-23 01:00:00+01:00,10.652680397033691,10.657999992370605,10.648139953613281,10.65330982208252,10.65330982208252,0
2023-06-23 02:00:00+01:00,10.653440475463867,10.704270362854004,10.650199890136719,10.701549530029297,10.701549530029297,0
2023-06-23 03:00:00+01:00,10.700480461120605,10.731149673461914,10.697099685668945,10.723620414733887,10.723620414733887,0
2023-06-23 04:00:00+01:00,10.724100112915039,10.746419906616211,10.720490455627441,10.737449645996094,10.737449645996094,0
2023-06-23 05:00:00+01:00,10.73744010925293,10.754500389099121,10.734700202941895,10.747969627380371,10.747969627380371,0
2023-06-23 06:00:00+01:00,10.748080253601074,10.750300407409668,10.727100372314453,10.742600440979004,10.742600440979004,0
2023-06-23 07:00:00+01:00,10.743379592895508,10.769559860229492,10.738800048828125,10.764479637145996,10.764479637145996,0
2023-06-23 08:00:00+01:00,10.76410961151123,10.858790397644043,10.75448989868164,10.847000122070312,10.847000122070312,0
2023-06-23 09:00:00+01:00,10.847299575805664,10.870149612426758,10.839520454406738,10.861350059509277,10.861350059509277,0
2023-06-23 10:00:00+01:00,10.860600471496582,10.876099586486816,10.841580390930176,10.848259925842285,10.848259925842285,0
2023-06-23 11:00:00+01:00,10.847979545593262,10.857430458068848,10.829400062561035,10.843379974365234,10.843379974365234,0
2023-06-23 12:00:00+01:00,10.842659950256348,10.90427017211914,10.831560134887695,10.885970115661621,10.885970115661621,0
2023-06-23 13:00:00+01:00,10.88679027557373,10.912599563598633,10.860919952392578,10.86443042755127,10.86443042755127,0
2023-06-23 14:00:00+01:00,10.86443042755127,10.86870002746582,10.825949668884277,10.854299545288086,10.854299545288086,0
2023-06-23 15:00:00+01:00,10.854450225830078,10.872340202331543,10.830559730529785,10.865220069885254,10.865220069885254,0
2023-06-23 16:00:00+01:00,10.866109848022461,10.883720397949219,10.860469818115234,10.865400314331055,10.865400314331055,0
2023-06-23 17:00:00+01:00,10.86520004272461,10.876669883728027,10.850310325622559,10.856980323791504,10.856980323791504,0
2023-06-23 18:00:00+01:00,10.85690975189209,10.858480453491211,10.816980361938477,10.820879936218262,10.820879936218262,0
2023-06-23 19:00:00+01:00,10.821550369262695,10.832169532775879,10.820409774780273,10.830389976501465,10.830389976501465,0
2023-06-23 20:00:00+01:00,10.830389976501465,10.835439682006836,10.824899673461914,10.83018970489502,10.83018970489502,0
2023-06-23 21:00:00+01:00,10.829190254211426,10.832690238952637,10.811570167541504,10.815699577331543,10.815699577331543,0
2023-06-26 00:00:00+01:00,10.813170433044434,10.818900108337402,10.800060272216797,10.811249732971191,10.811249732971191,0
2023-06-26 01:00:00+01:00,10.811220169067383,10.818120002746582,10.801389694213867,10.813199996948242,10.813199996948242,0
2023-06-26 02:00:00+01:00,10.813300132751465,10.822400093078613,10.80171012878418,10.809510231018066,10.809510231018066,0
2023-06-26 03:00:00+01:00,10.809700012207031,10.815309524536133,10.79977035522461,10.811400413513184,10.811400413513184,0
2023-06-26 04:00:00+01:00,10.811400413513184,10.813199996948242,10.804869651794434,10.808219909667969,10.808219909667969,0
2023-06-26 05:00:00+01:00,10.808259963989258,10.815320014953613,10.805830001831055,10.810449600219727,10.810449600219727,0
2023-06-26 06:00:00+01:00,10.812150001525879,10.829090118408203,10.793410301208496,10.80286979675293,10.80286979675293,0
2023-06-26 07:00:00+01:00,10.801309585571289,10.823260307312012,10.78672981262207,10.793330192565918,10.793330192565918,0
2023-06-26 08:00:00+01:00,10.792320251464844,10.798879623413086,10.7633695602417,10.776679992675781,10.776679992675781,0
2023-06-26 09:00:00+01:00,10.776949882507324,10.82151985168457,10.774669647216797,10.814510345458984,10.814510345458984,0
2023-06-26 10:00:00+01:00,10.814510345458984,10.8160400390625,10.777589797973633,10.778400421142578,10.778400421142578,0
2023-06-26 11:00:00+01:00,10.778340339660645,10.784500122070312,10.745109558105469,10.751190185546875,10.751190185546875,0
2023-06-26 12:00:00+01:00,10.751179695129395,10.759200096130371,10.7083101272583,10.714980125427246,10.714980125427246,0
2023-06-26 13:00:00+01:00,10.715370178222656,10.753390312194824,10.714269638061523,10.752530097961426,10.752530097961426,0
2023-06-26 14:00:00+01:00,10.753089904785156,10.766619682312012,10.724820137023926,10.727879524230957,10.727879524230957,0
2023-06-26 15:00:00+01:00,10.727569580078125,10.747550010681152,10.69983959197998,10.704569816589355,10.704569816589355,0
2023-06-26 16:00:00+01:00,10.70403003692627,10.721199989318848,10.700770378112793,10.711999893188477,10.711999893188477,0
2023-06-26 17:00:00+01:00,10.712599754333496,10.733499526977539,10.710160255432129,10.721110343933105,10.721110343933105,0
2023-06-26 18:00:00+01:00,10.720930099487305,10.723779678344727,10.711199760437012,10.718979835510254,10.718979835510254,0
2023-06-26 19:00:00+01:00,10.71951961517334,10.728850364685059,10.716890335083008,10.717889785766602,10.717889785766602,0
2023-06-26 20:00:00+01:00,10.717880249023438,10.737629890441895,10.717880249023438,10.728930473327637,10.728930473327637,0
2023-06-26 21:00:00+01:00,10.728919982910156,10.734189987182617,10.720199584960938,10.720259666442871,10.720259666442871,0
2023-06-26 22:00:00+01:00,10.720259666442871,10.720270156860352,10.720259666442871,10.720270156860352,10.720270156860352,0
2023-06-26 23:00:00+01:00,10.71858024597168,10.730999946594238,10.717530250549316,10.725419998168945,10.725419998168945,0
2023-06-27 00:00:00+01:00,10.723649978637695,10.738679885864258,10.722570419311523,10.733160018920898,10.733160018920898,0
2023-06-27 01:00:00+01:00,10.732919692993164,10.74351978302002,10.73069953918457,10.740150451660156,10.740150451660156,0
2023-06-27 02:00:00+01:00,10.74077033996582,10.741809844970703,10.671310424804688,10.695320129394531,10.695320129394531,0
2023-06-27 03:00:00+01:00,10.695779800415039,10.706009864807129,10.683979988098145,10.689769744873047,10.689769744873047,0
2023-06-27 04:00:00+01:00,10.68988037109375,10.691479682922363,10.677900314331055,10.682689666748047,10.682689666748047,0
2023-06-27 05:00:00+01:00,10.682939529418945,10.687450408935547,10.681130409240723,10.687359809875488,10.687359809875488,0
2023-06-27 06:00:00+01:00,10.68727970123291,10.6912202835083,10.675100326538086,10.68805980682373,10.68805980682373,0
2023-06-27 07:00:00+01:00,10.686599731445312,10.69320011138916,10.666040420532227,10.676400184631348,10.676400184631348,0
2023-06-27 08:00:00+01:00,10.677180290222168,10.691390037536621,10.6566801071167,10.687859535217285,10.687859535217285,0
2023-06-27 09:00:00+01:00,10.687080383300781,10.717960357666016,10.685279846191406,10.713910102844238,10.713910102844238,0
2023-06-27 10:00:00+01:00,10.71364974975586,10.75625991821289,10.712940216064453,10.743439674377441,10.743439674377441,0
2023-06-27 11:00:00+01:00,10.743160247802734,10.745189666748047,10.720529556274414,10.725589752197266,10.725589752197266,0
2023-06-27 12:00:00+01:00,10.725589752197266,10.761199951171875,10.723190307617188,10.745800018310547,10.745800018310547,0
2023-06-27 13:00:00+01:00,10.746540069580078,10.7489595413208,10.713689804077148,10.723170280456543,10.723170280456543,0
2023-06-27 14:00:00+01:00,10.723170280456543,10.732399940490723,10.695119857788086,10.718009948730469,10.718009948730469,0
2023-06-27 15:00:00+01:00,10.718350410461426,10.755109786987305,10.713520050048828,10.750490188598633,10.750490188598633,0
2023-06-27 16:00:00+01:00,10.750699996948242,10.762720108032227,10.745479583740234,10.756400108337402,10.756400108337402,0
2023-06-27 17:00:00+01:00,10.756219863891602,10.773079872131348,10.750320434570312,10.771710395812988,10.771710395812988,0
2023-06-27 18:00:00+01:00,10.77196979522705,10.783100128173828,10.768199920654297,10.775930404663086,10.775930404663086,0
2023-06-27 19:00:00+01:00,10.776320457458496,10.787300109863281,10.774200439453125,10.779749870300293,10.779749870300293,0
2023-06-27 20:00:00+01:00,10.780320167541504,10.785369873046875,10.771200180053711,10.776280403137207,10.776280403137207,0
2023-06-27 21:00:00+01:00,10.77698040008545,10.77970027923584,10.766500473022461,10.771759986877441,10.771759986877441,0
2023-06-27 22:00:00+01:00,10.771860122680664,10.774860382080078,10.76002025604248,10.763500213623047,10.763500213623047,0
2023-06-27 23:00:00+01:00,10.771200180053711,10.776000022888184,10.756600379943848,10.769149780273438,10.769149780273438,0
2023-06-28 00:00:00+01:00,10.76924991607666,10.79397964477539,10.766380310058594,10.790639877319336,10.790639877319336,0
2023-06-28 01:00:00+01:00,10.790060043334961,10.801790237426758,10.788599967956543,10.796850204467773,10.796850204467773,0
2023-06-28 02:00:00+01:00,10.796819686889648,10.826560020446777,10.791999816894531,10.82349967956543,10.82349967956543,0
2023-06-28 03:00:00+01:00,10.823960304260254,10.826169967651367,10.792989730834961,10.81305980682373,10.81305980682373,0
2023-06-28 04:00:00+01:00,10.811960220336914,10.814419746398926,10.801400184631348,10.808659553527832,10.808659553527832,0
2023-06-28 05:00:00+01:00,10.807000160217285,10.820579528808594,10.804140090942383,10.81764030456543,10.81764030456543,0
2023-06-28 06:00:00+01:00,10.81764030456543,10.82017993927002,10.788680076599121,10.797619819641113,10.797619819641113,0
2023-06-28 07:00:00+01:00,10.7979097366333,10.815250396728516,10.787420272827148,10.806500434875488,10.806500434875488,0
2023-06-28 08:00:00+01:00,10.804590225219727,10.807990074157715,10.754380226135254,10.755709648132324,10.755709648132324,0
2023-06-28 09:00:00+01:00,10.755459785461426,10.794360160827637,10.749380111694336,10.78512954711914,10.78512954711914,0
2023-06-28 10:00:00+01:00,10.78534984588623,10.797289848327637,10.753390312194824,10.764089584350586,10.764089584350586,0
2023-06-28 11:00:00+01:00,10.763999938964844,10.774620056152344,10.741649627685547,10.768019676208496,10.768019676208496,0
2023-06-28 12:00:00+01:00,10.76764965057373,10.825169563293457,10.767580032348633,10.822190284729004,10.822190284729004,0
2023-06-28 13:00:00+01:00,10.82157039642334,10.83411979675293,10.803930282592773,10.807510375976562,10.807510375976562,0
2023-06-28 14:00:00+01:00,10.807510375976562,10.840780258178711,10.798800468444824,10.809670448303223,10.809670448303223,0
2023-06-28 15:00:00+01:00,10.809820175170898,10.832509994506836,10.80150032043457,10.810489654541016,10.810489654541016,0
2023-06-28 16:00:00+01:00,10.810500144958496,10.814149856567383,10.764670372009277,10.781180381774902,10.781180381774902,0
2023-06-28 17:00:00+01:00,10.781189918518066,10.781900405883789,10.747989654541016,10.768569946289062,10.768569946289062,0
2023-06-28 18:00:00+01:00,10.768919944763184,10.769630432128906,10.760129928588867,10.764749526977539,10.764749526977539,0
2023-06-28 19:00:00+01:00,10.764479637145996,10.766619682312012,10.748120307922363,10.765800476074219,10.765800476074219,0
2023-06-28 20:00:00+01:00,10.765800476074219,10.76848030090332,10.757699966430664,10.762499809265137,10.762499809265137,0
2023-06-28 21:00:00+01:00,10.762089729309082,10.773929595947266,10.756199836730957,10.758660316467285,10.758660316467285,0
2023-06-28 22:00:00+01:00,10.758939743041992,10.758939743041992,10.758939743041992,10.758939743041992,10.758939743041992,0
2023-06-28 23:00:00+01:00,10.764780044555664,10.769659996032715,10.758000373840332,10.761079788208008,10.761079788208008,0
2023-06-29 00:00:00+01:00,10.760720252990723,10.765449523925781,10.753950119018555,10.76272964477539,10.76272964477539,0
2023-06-29 01:00:00+01:00,10.763400077819824,10.779999732971191,10.760000228881836,10.772459983825684,10.772459983825684,0
2023-06-29 02:00:00+01:00,10.772319793701172,10.773249626159668,10.748200416564941,10.76276969909668,10.76276969909668,0
2023-06-29 03:00:00+01:00,10.763099670410156,10.784600257873535,10.76159954071045,10.783920288085938,10.783920288085938,0
2023-06-29 04:00:00+01:00,10.783809661865234,10.79246997833252,10.782099723815918,10.790630340576172,10.790630340576172,0
2023-06-29 05:00:00+01:00,10.790619850158691,10.799039840698242,10.786499977111816,10.794879913330078,10.794879913330078,0
2023-06-29 06:00:00+01:00,10.795180320739746,10.803899765014648,10.784549713134766,10.795169830322266,10.795169830322266,0
2023-06-29 07:00:00+01:00,10.7949800491333,10.813260078430176,10.78030014038086,10.805910110473633,10.805910110473633,0
2023-06-29 08:00:00+01:00,10.803990364074707,10.808309555053711,10.760250091552734,10.797089576721191,10.797089576721191,0
2023-06-29 09:00:00+01:00,10.796560287475586,10.803330421447754,10.778070449829102,10.787099838256836,10.787099838256836,0
2023-06-29 10:00:00+01:00,10.788040161132812,10.79911994934082,10.769720077514648,10.771360397338867,10.771360397338867,0
2023-06-29 11:00:00+01:00,10.769969940185547,10.777569770812988,10.743109703063965,10.746399879455566,10.746399879455566,0
2023-06-29 12:00:00+01:00,10.746000289916992,10.752799987792969,10.735560417175293,10.735560417175293,10.735560417175293,0
2023-06-29 13:00:00+01:00,10.7327299118042,10.832650184631348,10.724120140075684,10.821969985961914,10.821969985961914,0
2023-06-29 14:00:00+01:00,10.820549964904785,10.83650016784668,10.801910400390625,10.820320129394531,10.820320129394531,0
2023-06-29 15:00:00+01:00,10.820549964904785,10.820679664611816,10.765640258789062,10.77344036102295,10.77344036102295,0
2023-06-29 16:00:00+01:00,10.773650169372559,10.805330276489258,10.766949653625488,10.793700218200684,10.793700218200684,0
2023-06-29 17:00:00+01:00,10.79364013671875,10.7991304397583,10.787699699401855,10.79541015625,10.79541015625,0
2023-06-29 18:00:00+01:00,10.79617977142334,10.802840232849121,10.789799690246582,10.801010131835938,10.801010131835938,0
2023-06-29 19:00:00+01:00,10.80053997039795,10.805950164794922,10.79580020904541,10.799630165100098,10.799630165100098,0
2023-06-29 20:00:00+01:00,10.80070972442627,10.80167007446289,10.7923002243042,10.797499656677246,10.797499656677246,0
2023-06-29 21:00:00+01:00,10.797699928283691,10.801650047302246,10.792200088500977,10.795940399169922,10.795940399169922,0
2023-06-29 23:00:00+01:00,10.795269966125488,10.80226993560791,10.793000221252441,10.79541015625,10.79541015625,0
2023-06-30 00:00:00+01:00,10.795660018920898,10.805780410766602,10.792200088500977,10.798800468444824,10.798800468444824,0
2023-06-30 01:00:00+01:00,10.798810005187988,10.802430152893066,10.793990135192871,10.79623031616211,10.79623031616211,0
2023-06-30 02:00:00+01:00,10.79539966583252,10.803239822387695,10.779780387878418,10.79988956451416,10.79988956451416,0
2023-06-30 03:00:00+01:00,10.799880027770996,10.800189971923828,10.771699905395508,10.779820442199707,10.779820442199707,0
2023-06-30 04:00:00+01:00,10.779820442199707,10.78147029876709,10.770700454711914,10.775369644165039,10.775369644165039,0
2023-06-30 05:00:00+01:00,10.775389671325684,10.777680397033691,10.76891040802002,10.776430130004883,10.776430130004883,0
2023-06-30 06:00:00+01:00,10.776769638061523,10.78180980682373,10.759699821472168,10.77853012084961,10.77853012084961,0
2023-06-30 07:00:00+01:00,10.778539657592773,10.793410301208496,10.768119812011719,10.781120300292969,10.781120300292969,0
2023-06-30 08:00:00+01:00,10.781559944152832,10.788999557495117,10.740909576416016,10.777219772338867,10.777219772338867,0
2023-06-30 09:00:00+01:00,10.774410247802734,10.805410385131836,10.750789642333984,10.770540237426758,10.770540237426758,0
2023-06-30 10:00:00+01:00,10.771739959716797,10.78695011138916,10.745169639587402,10.749480247497559,10.749480247497559,0
2023-06-30 11:00:00+01:00,10.749079704284668,10.782930374145508,10.742799758911133,10.756560325622559,10.756560325622559,0
2023-06-30 12:00:00+01:00,10.7564697265625,10.786680221557617,10.753490447998047,10.77865982055664,10.77865982055664,0
2023-06-30 13:00:00+01:00,10.77830982208252,10.783300399780273,10.709659576416016,10.712470054626465,10.712470054626465,0
2023-06-30 14:00:00+01:00,10.711359977722168,10.745369911193848,10.699790000915527,10.701849937438965,10.701849937438965,0
2023-06-30 15:00:00+01:00,10.69972038269043,10.720569610595703,10.666999816894531,10.71537971496582,10.71537971496582,0
2023-06-30 16:00:00+01:00,10.715180397033691,10.724430084228516,10.703559875488281,10.706780433654785,10.706780433654785,0
2023-06-30 17:00:00+01:00,10.707509994506836,10.716939926147461,10.702190399169922,10.708900451660156,10.708900451660156,0
2023-06-30 18:00:00+01:00,10.708669662475586,10.733819961547852,10.702400207519531,10.729120254516602,10.729120254516602,0
2023-06-30 19:00:00+01:00,10.728300094604492,10.729849815368652,10.721850395202637,10.727149963378906,10.727149963378906,0
2023-06-30 20:00:00+01:00,10.727720260620117,10.73628044128418,10.72189998626709,10.73031997680664,10.73031997680664,0
2023-06-30 21:00:00+01:00,10.73031997680664,10.744950294494629,10.726770401000977,10.73190975189209,10.73190975189209,0
2023-06-30 22:00:00+01:00,10.733200073242188,10.733200073242188,10.733200073242188,10.733200073242188,10.733200073242188,0
2023-07-03 00:00:00+01:00,10.747679710388184,10.75687026977539,10.740300178527832,10.745949745178223,10.745949745178223,0
2023-07-03 01:00:00+01:00,10.74314022064209,10.74804973602295,10.734700202941895,10.74137020111084,10.74137020111084,0
2023-07-03 02:00:00+01:00,10.74135971069336,10.746740341186523,10.71090030670166,10.723580360412598,10.723580360412598,0
2023-07-03 03:00:00+01:00,10.72227954864502,10.736769676208496,10.719499588012695,10.733200073242188,10.733200073242188,0
2023-07-03 04:00:00+01:00,10.732879638671875,10.73462963104248,10.712900161743164,10.716019630432129,10.716019630432129,0
2023-07-03 05:00:00+01:00,10.715920448303223,10.717889785766602,10.710200309753418,10.712719917297363,10.712719917297363,0
2023-07-03 06:00:00+01:00,10.712800025939941,10.728300094604492,10.70680046081543,10.727620124816895,10.727620124816895,0
2023-07-03 07:00:00+01:00,10.727129936218262,10.760290145874023,10.721969604492188,10.741999626159668,10.741999626159668,0
2023-07-03 08:00:00+01:00,10.742329597473145,10.761170387268066,10.730230331420898,10.758540153503418,10.758540153503418,0
2023-07-03 09:00:00+01:00,10.757989883422852,10.762669563293457,10.7289400100708,10.73270034790039,10.73270034790039,0
2023-07-03 10:00:00+01:00,10.73311996459961,10.750249862670898,10.71183967590332,10.736949920654297,10.736949920654297,0
2023-07-03 11:00:00+01:00,10.736080169677734,10.751680374145508,10.735569953918457,10.74155044555664,10.74155044555664,0
2023-07-03 12:00:00+01:00,10.741439819335938,10.75724983215332,10.732099533081055,10.732460021972656,10.732460021972656,0
2023-07-03 13:00:00+01:00,10.732449531555176,10.738100051879883,10.699199676513672,10.718950271606445,10.718950271606445,0
2023-07-03 14:00:00+01:00,10.719169616699219,10.741379737854004,10.696410179138184,10.705940246582031,10.705940246582031,0
2023-07-03 15:00:00+01:00,10.710320472717285,10.723699569702148,10.68220043182373,10.69933032989502,10.69933032989502,0
2023-07-03 16:00:00+01:00,10.698280334472656,10.708789825439453,10.669790267944336,10.68556022644043,10.68556022644043,0
2023-07-03 17:00:00+01:00,10.68655014038086,10.695170402526855,10.68274974822998,10.690959930419922,10.690959930419922,0
2023-07-03 18:00:00+01:00,10.69120979309082,10.712969779968262,10.690119743347168,10.707759857177734,10.707759857177734,0
2023-07-03 19:00:00+01:00,10.707929611206055,10.708169937133789,10.690349578857422,10.700909614562988,10.700909614562988,0
2023-07-03 20:00:00+01:00,10.700900077819824,10.702320098876953,10.685649871826172,10.691969871520996,10.691969871520996,0
2023-07-03 21:00:00+01:00,10.692270278930664,10.69929027557373,10.681489944458008,10.692999839782715,10.692999839782715,0
2023-07-03 23:00:00+01:00,10.687439918518066,10.699150085449219,10.685580253601074,10.69402027130127,10.69402027130127,0
2023-07-04 00:00:00+01:00,10.694390296936035,10.696470260620117,10.684760093688965,10.6879301071167,10.6879301071167,0
2023-07-04 01:00:00+01:00,10.689519882202148,10.691849708557129,10.68239974975586,10.690670013427734,10.690670013427734,0
2023-07-04 02:00:00+01:00,10.690509796142578,10.697420120239258,10.680500030517578,10.686260223388672,10.686260223388672,0
2023-07-04 03:00:00+01:00,10.686260223388672,10.697919845581055,10.68416976928711,10.691320419311523,10.691320419311523,0
2023-07-04 04:00:00+01:00,10.691320419311523,10.693440437316895,10.685099601745605,10.69081974029541,10.69081974029541,0
2023-07-04 05:00:00+01:00,10.691390037536621,10.70022964477539,10.686100006103516,10.696479797363281,10.696479797363281,0
2023-07-04 06:00:00+01:00,10.696479797363281,10.711819648742676,10.693699836730957,10.71129035949707,10.71129035949707,0
2023-07-04 07:00:00+01:00,10.710350036621094,10.711799621582031,10.668020248413086,10.671440124511719,10.671440124511719,0
2023-07-04 08:00:00+01:00,10.668899536132812,10.68097972869873,10.654780387878418,10.67333984375,10.67333984375,0
2023-07-04 09:00:00+01:00,10.67335033416748,10.698249816894531,10.668740272521973,10.681839942932129,10.681839942932129,0
2023-07-04 10:00:00+01:00,10.68181037902832,10.682229995727539,10.639800071716309,10.650670051574707,10.650670051574707,0
2023-07-04 11:00:00+01:00,10.650879859924316,10.654339790344238,10.633350372314453,10.647299766540527,10.647299766540527,0
2023-07-04 12:00:00+01:00,10.647299766540527,10.654809951782227,10.625880241394043,10.631369590759277,10.631369590759277,0
2023-07-04 13:00:00+01:00,10.630889892578125,10.656539916992188,10.630889892578125,10.635540008544922,10.635540008544922,0
2023-07-04 14:00:00+01:00,10.635540008544922,10.659810066223145,10.63344955444336,10.65723991394043,10.65723991394043,0
2023-07-04 15:00:00+01:00,10.657230377197266,10.668120384216309,10.634969711303711,10.635109901428223,10.635109901428223,0
2023-07-04 16:00:00+01:00,10.635299682617188,10.63821029663086,10.611700057983398,10.623160362243652,10.623160362243652,0
2023-07-04 17:00:00+01:00,10.623129844665527,10.650460243225098,10.62125015258789,10.638319969177246,10.638319969177246,0
2023-07-04 18:00:00+01:00,10.638259887695312,10.638620376586914,10.625749588012695,10.630760192871094,10.630760192871094,0
2023-07-04 19:00:00+01:00,10.631110191345215,10.643440246582031,10.626999855041504,10.642250061035156,10.642250061035156,0
2023-07-04 20:00:00+01:00,10.642239570617676,10.646280288696289,10.632189750671387,10.642539978027344,10.642539978027344,0
2023-07-04 21:00:00+01:00,10.641850471496582,10.654410362243652,10.634969711303711,10.65310001373291,10.65310001373291,0
2023-07-05 00:00:00+01:00,10.631460189819336,10.64857006072998,10.629799842834473,10.648079872131348,10.648079872131348,0
2023-07-05 01:00:00+01:00,10.648079872131348,10.651670455932617,10.628439903259277,10.64188003540039,10.64188003540039,0
2023-07-05 02:00:00+01:00,10.641759872436523,10.66250991821289,10.63599967956543,10.6591796875,10.6591796875,0
2023-07-05 03:00:00+01:00,10.6591796875,10.665499687194824,10.654850006103516,10.659090042114258,10.659090042114258,0
2023-07-05 04:00:00+01:00,10.658570289611816,10.664299964904785,10.654509544372559,10.65740966796875,10.65740966796875,0
2023-07-05 05:00:00+01:00,10.659379959106445,10.66450023651123,10.657119750976562,10.662480354309082,10.662480354309082,0
2023-07-05 06:00:00+01:00,10.66238021850586,10.672900199890137,10.646039962768555,10.654080390930176,10.654080390930176,0
2023-07-05 07:00:00+01:00,10.653550148010254,10.671469688415527,10.622139930725098,10.627300262451172,10.627300262451172,0
2023-07-05 08:00:00+01:00,10.627949714660645,10.64780044555664,10.599129676818848,10.646909713745117,10.646909713745117,0
2023-07-05 09:00:00+01:00,10.647100448608398,10.685239791870117,10.642939567565918,10.66897964477539,10.66897964477539,0
2023-07-05 10:00:00+01:00,10.668549537658691,10.696260452270508,10.66094970703125,10.67885971069336,10.67885971069336,0
2023-07-05 11:00:00+01:00,10.678950309753418,10.693129539489746,10.671449661254883,10.687780380249023,10.687780380249023,0
2023-07-05 12:00:00+01:00,10.687780380249023,10.707489967346191,10.681819915771484,10.697959899902344,10.697959899902344,0
2023-07-05 13:00:00+01:00,10.698040008544922,10.708709716796875,10.670929908752441,10.68159008026123,10.68159008026123,0
2023-07-05 14:00:00+01:00,10.681229591369629,10.681750297546387,10.630620002746582,10.635760307312012,10.635760307312012,0
2023-07-05 15:00:00+01:00,10.63595962524414,10.664779663085938,10.611080169677734,10.653400421142578,10.653400421142578,0
2023-07-05 16:00:00+01:00,10.653400421142578,10.664629936218262,10.638520240783691,10.661580085754395,10.661580085754395,0
2023-07-05 17:00:00+01:00,10.66215991973877,10.66703987121582,10.64568042755127,10.662540435791016,10.662540435791016,0
2023-07-05 18:00:00+01:00,10.663260459899902,10.66489028930664,10.656149864196777,10.660929679870605,10.660929679870605,0
2023-07-05 19:00:00+01:00,10.660280227661133,10.691800117492676,10.653800010681152,10.682559967041016,10.682559967041016,0
2023-07-05 20:00:00+01:00,10.681879997253418,10.689200401306152,10.676170349121094,10.682609558105469,10.682609558105469,0
2023-07-05 21:00:00+01:00,10.68280029296875,10.684980392456055,10.671899795532227,10.673259735107422,10.673259735107422,0
2023-07-05 22:00:00+01:00,10.671719551086426,10.678389549255371,10.659279823303223,10.678389549255371,10.678389549255371,0
2023-07-05 23:00:00+01:00,10.673319816589355,10.681320190429688,10.672599792480469,10.679400444030762,10.679400444030762,0
2023-07-06 00:00:00+01:00,10.679900169372559,10.683199882507324,10.674079895019531,10.67527961730957,10.67527961730957,0
2023-07-06 01:00:00+01:00,10.676509857177734,10.68472957611084,10.673319816589355,10.681949615478516,10.681949615478516,0
2023-07-06 02:00:00+01:00,10.682999610900879,10.68970012664795,10.669480323791504,10.674519538879395,10.674519538879395,0
2023-07-06 03:00:00+01:00,10.673850059509277,10.680540084838867,10.663459777832031,10.67512035369873,10.67512035369873,0
2023-07-06 04:00:00+01:00,10.675149917602539,10.694649696350098,10.673819541931152,10.688960075378418,10.688960075378418,0
2023-07-06 05:00:00+01:00,10.689200401306152,10.7044095993042,10.686599731445312,10.687569618225098,10.687569618225098,0
2023-07-06 06:00:00+01:00,10.687640190124512,10.68982982635498,10.668569564819336,10.67378044128418,10.67378044128418,0
2023-07-06 07:00:00+01:00,10.675919532775879,10.684049606323242,10.645400047302246,10.65764045715332,10.65764045715332,0
2023-07-06 08:00:00+01:00,10.65764045715332,10.705220222473145,10.642979621887207,10.702280044555664,10.702280044555664,0
2023-07-06 09:00:00+01:00,10.702199935913086,10.720020294189453,10.692520141601562,10.700119972229004,10.700119972229004,0
2023-07-06 10:00:00+01:00,10.700119972229004,10.734999656677246,10.700119972229004,10.727890014648438,10.727890014648438,0
2023-07-06 11:00:00+01:00,10.727950096130371,10.728349685668945,10.68120002746582,10.691909790039062,10.691909790039062,0
2023-07-06 12:00:00+01:00,10.690770149230957,10.699430465698242,10.674599647521973,10.678890228271484,10.678890228271484,0
2023-07-06 13:00:00+01:00,10.678779602050781,10.747679710388184,10.65845012664795,10.726469993591309,10.726469993591309,0
2023-07-06 14:00:00+01:00,10.726469993591309,10.737339973449707,10.702449798583984,10.730999946594238,10.730999946594238,0
2023-07-06 15:00:00+01:00,10.731650352478027,10.828499794006348,10.72819995880127,10.799599647521973,10.799599647521973,0
2023-07-06 16:00:00+01:00,10.799480438232422,10.80519962310791,10.766079902648926,10.767930030822754,10.767930030822754,0
2023-07-06 17:00:00+01:00,10.766980171203613,10.782210350036621,10.755450248718262,10.773639678955078,10.773639678955078,0
2023-07-06 18:00:00+01:00,10.773530006408691,10.782600402832031,10.763500213623047,10.764780044555664,10.764780044555664,0
2023-07-06 19:00:00+01:00,10.764780044555664,10.776430130004883,10.763199806213379,10.765130043029785,10.765130043029785,0
2023-07-06 20:00:00+01:00,10.765629768371582,10.774450302124023,10.761420249938965,10.765700340270996,10.765700340270996,0
2023-07-06 21:00:00+01:00,10.76570987701416,10.769309997558594,10.757200241088867,10.759570121765137,10.759570121765137,0
2023-07-06 22:00:00+01:00,10.757719993591309,10.757719993591309,10.757710456848145,10.757719993591309,10.757719993591309,0
2023-07-06 23:00:00+01:00,10.754520416259766,10.764080047607422,10.746760368347168,10.761919975280762,10.761919975280762,0
2023-07-07 00:00:00+01:00,10.761380195617676,10.762459754943848,10.747200012207031,10.758930206298828,10.758930206298828,0
2023-07-07 01:00:00+01:00,10.759750366210938,10.777350425720215,10.754300117492676,10.76511001586914,10.76511001586914,0
2023-07-07 02:00:00+01:00,10.764960289001465,10.774089813232422,10.758330345153809,10.76179027557373,10.76179027557373,0
2023-07-07 03:00:00+01:00,10.762499809265137,10.770899772644043,10.7568998336792,10.769599914550781,10.769599914550781,0
2023-07-07 04:00:00+01:00,10.768710136413574,10.774109840393066,10.753700256347656,10.765279769897461,10.765279769897461,0
2023-07-07 05:00:00+01:00,10.765279769897461,10.768170356750488,10.755399703979492,10.759699821472168,10.759699821472168,0
2023-07-07 06:00:00+01:00,10.759699821472168,10.768899917602539,10.742199897766113,10.760069847106934,10.760069847106934,0
2023-07-07 07:00:00+01:00,10.760849952697754,10.768630027770996,10.745220184326172,10.760880470275879,10.760880470275879,0
2023-07-07 08:00:00+01:00,10.760910034179688,10.762089729309082,10.73250961303711,10.748029708862305,10.748029708862305,0
2023-07-07 09:00:00+01:00,10.749349594116211,10.766289710998535,10.739119529724121,10.751420021057129,10.751420021057129,0
2023-07-07 10:00:00+01:00,10.751790046691895,10.7608003616333,10.742650032043457,10.75469970703125,10.75469970703125,0
2023-07-07 11:00:00+01:00,10.754770278930664,10.768699645996094,10.747099876403809,10.748499870300293,10.748499870300293,0
2023-07-07 12:00:00+01:00,10.749110221862793,10.770400047302246,10.745940208435059,10.757530212402344,10.757530212402344,0
2023-07-07 13:00:00+01:00,10.75706958770752,10.766949653625488,10.665450096130371,10.716099739074707,10.716099739074707,0
2023-07-07 14:00:00+01:00,10.716890335083008,10.754989624023438,10.667699813842773,10.68539047241211,10.68539047241211,0
2023-07-07 15:00:00+01:00,10.68539047241211,10.702719688415527,10.629980087280273,10.631270408630371,10.631270408630371,0
2023-07-07 16:00:00+01:00,10.631600379943848,10.63776969909668,10.605810165405273,10.610269546508789,10.610269546508789,0
2023-07-07 17:00:00+01:00,10.609399795532227,10.614830017089844,10.597960472106934,10.600299835205078,10.600299835205078,0
2023-07-07 18:00:00+01:00,10.600460052490234,10.6189603805542,10.598799705505371,10.616290092468262,10.616290092468262,0
2023-07-07 19:00:00+01:00,10.616220474243164,10.62936019897461,10.611310005187988,10.617280006408691,10.617280006408691,0
2023-07-07 20:00:00+01:00,10.616100311279297,10.62798023223877,10.613129615783691,10.621479988098145,10.621479988098145,0
2023-07-07 21:00:00+01:00,10.621580123901367,10.621999740600586,10.608220100402832,10.616399765014648,10.616399765014648,0
2023-07-10 00:00:00+01:00,10.62030029296875,10.637940406799316,10.61493968963623,10.625880241394043,10.625880241394043,0
2023-07-10 01:00:00+01:00,10.625439643859863,10.640020370483398,10.621760368347168,10.631560325622559,10.631560325622559,0
2023-07-10 02:00:00+01:00,10.630820274353027,10.645879745483398,10.61676025390625,10.635239601135254,10.635239601135254,0
2023-07-10 03:00:00+01:00,10.63677978515625,10.648200035095215,10.624770164489746,10.640600204467773,10.640600204467773,0
2023-07-10 04:00:00+01:00,10.640179634094238,10.65857982635498,10.63405990600586,10.652270317077637,10.652270317077637,0
2023-07-10 05:00:00+01:00,10.652449607849121,10.663200378417969,10.648599624633789,10.660400390625,10.660400390625,0
2023-07-10 06:00:00+01:00,10.660400390625,10.677350044250488,10.648260116577148,10.675939559936523,10.675939559936523,0
2023-07-10 07:00:00+01:00,10.652070045471191,10.652070045471191,10.56564998626709,10.595809936523438,10.595809936523438,0
2023-07-10 08:00:00+01:00,10.595809936523438,10.600210189819336,10.55066967010498,10.551919937133789,10.551919937133789,0
2023-07-10 09:00:00+01:00,10.552419662475586,10.554459571838379,10.526860237121582,10.532719612121582,10.532719612121582,0
2023-07-10 10:00:00+01:00,10.532890319824219,10.56039047241211,10.532050132751465,10.544710159301758,10.544710159301758,0
2023-07-10 11:00:00+01:00,10.544839859008789,10.566720008850098,10.541060447692871,10.556150436401367,10.556150436401367,0
2023-07-10 12:00:00+01:00,10.555939674377441,10.573610305786133,10.543649673461914,10.547889709472656,10.547889709472656,0
2023-07-10 13:00:00+01:00,10.547880172729492,10.60120964050293,10.547160148620605,10.597220420837402,10.597220420837402,0
2023-07-10 14:00:00+01:00,10.596500396728516,10.597209930419922,10.54835033416748,10.554100036621094,10.554100036621094,0
2023-07-10 15:00:00+01:00,10.553420066833496,10.555580139160156,10.526280403137207,10.532859802246094,10.532859802246094,0
2023-07-10 16:00:00+01:00,10.533530235290527,10.541159629821777,10.501370429992676,10.510869979858398,10.510869979858398,0
2023-07-10 17:00:00+01:00,10.511280059814453,10.519269943237305,10.501859664916992,10.50337028503418,10.50337028503418,0
2023-07-10 18:00:00+01:00,10.504130363464355,10.508310317993164,10.490449905395508,10.497289657592773,10.497289657592773,0
2023-07-10 19:00:00+01:00,10.497719764709473,10.506600379943848,10.492119789123535,10.495129585266113,10.495129585266113,0
2023-07-10 20:00:00+01:00,10.494420051574707,10.4993896484375,10.486000061035156,10.487770080566406,10.487770080566406,0
2023-07-10 21:00:00+01:00,10.487770080566406,10.48960018157959,10.47033977508545,10.474459648132324,10.474459648132324,0
2023-07-10 22:00:00+01:00,10.474260330200195,10.474260330200195,10.46560001373291,10.471039772033691,10.471039772033691,0
2023-07-10 23:00:00+01:00,10.471799850463867,10.476750373840332,10.470800399780273,10.472700119018555,10.472700119018555,0
2023-07-11 00:00:00+01:00,10.474180221557617,10.47776985168457,10.468290328979492,10.474519729614258,10.474519729614258,0
2023-07-11 01:00:00+01:00,10.474200248718262,10.480719566345215,10.460800170898438,10.465160369873047,10.465160369873047,0
2023-07-11 02:00:00+01:00,10.466349601745605,10.46858024597168,10.451040267944336,10.462860107421875,10.462860107421875,0
2023-07-11 03:00:00+01:00,10.462860107421875,10.466879844665527,10.449080467224121,10.451149940490723,10.451149940490723,0
2023-07-11 04:00:00+01:00,10.451020240783691,10.46045970916748,10.450149536132812,10.452520370483398,10.452520370483398,0
2023-07-11 05:00:00+01:00,10.452520370483398,10.459010124206543,10.4470796585083,10.45302963256836,10.45302963256836,0
2023-07-11 06:00:00+01:00,10.45302963256836,10.468400001525879,10.443880081176758,10.467439651489258,10.467439651489258,0
2023-07-11 07:00:00+01:00,10.46759033203125,10.46759033203125,10.43772029876709,10.449580192565918,10.449580192565918,0
2023-07-11 08:00:00+01:00,10.448869705200195,10.478119850158691,10.442440032958984,10.473420143127441,10.473420143127441,0
2023-07-11 09:00:00+01:00,10.473400115966797,10.47622013092041,10.45009994506836,10.470600128173828,10.470600128173828,0
2023-07-11 10:00:00+01:00,10.470640182495117,10.477569580078125,10.416170120239258,10.418169975280762,10.418169975280762,0
2023-07-11 11:00:00+01:00,10.417539596557617,10.419890403747559,10.39247989654541,10.40939998626709,10.40939998626709,0
2023-07-11 12:00:00+01:00,10.408980369567871,10.426070213317871,10.404230117797852,10.418950080871582,10.418950080871582,0
2023-07-11 13:00:00+01:00,10.418939590454102,10.42473030090332,10.401679992675781,10.409600257873535,10.409600257873535,0
2023-07-11 14:00:00+01:00,10.4096097946167,10.419790267944336,10.382100105285645,10.390870094299316,10.390870094299316,0
2023-07-11 15:00:00+01:00,10.390119552612305,10.402779579162598,10.367059707641602,10.384889602661133,10.384889602661133,0
2023-07-11 16:00:00+01:00,10.385160446166992,10.392900466918945,10.360300064086914,10.372260093688965,10.372260093688965,0
2023-07-11 17:00:00+01:00,10.372269630432129,10.375699996948242,10.365249633789062,10.365340232849121,10.365340232849121,0
2023-07-11 18:00:00+01:00,10.365799903869629,10.366849899291992,10.350740432739258,10.357979774475098,10.357979774475098,0
2023-07-11 19:00:00+01:00,10.357979774475098,10.36814022064209,10.356100082397461,10.356120109558105,10.356120109558105,0
2023-07-11 20:00:00+01:00,10.356120109558105,10.357439994812012,10.348730087280273,10.35293960571289,10.35293960571289,0
2023-07-11 21:00:00+01:00,10.35398006439209,10.355409622192383,10.340060234069824,10.344980239868164,10.344980239868164,0
2023-07-11 23:00:00+01:00,10.344039916992188,10.356579780578613,10.334770202636719,10.338700294494629,10.338700294494629,0
2023-07-12 00:00:00+01:00,10.340880393981934,10.350079536437988,10.336600303649902,10.347450256347656,10.347450256347656,0
2023-07-12 01:00:00+01:00,10.348170280456543,10.350480079650879,10.324899673461914,10.333669662475586,10.333669662475586,0
2023-07-12 02:00:00+01:00,10.333769798278809,10.334190368652344,10.30288028717041,10.311579704284668,10.311579704284668,0
2023-07-12 03:00:00+01:00,10.311590194702148,10.315070152282715,10.296870231628418,10.3016996383667,10.3016996383667,0
2023-07-12 04:00:00+01:00,10.303059577941895,10.308719635009766,10.300689697265625,10.30762004852295,10.30762004852295,0
2023-07-12 05:00:00+01:00,10.307499885559082,10.308730125427246,10.298450469970703,10.299920082092285,10.299920082092285,0
2023-07-12 06:00:00+01:00,10.299469947814941,10.326310157775879,10.29872989654541,10.316780090332031,10.316780090332031,0
2023-07-12 07:00:00+01:00,10.316949844360352,10.325849533081055,10.300339698791504,10.321880340576172,10.321880340576172,0
2023-07-12 08:00:00+01:00,10.322150230407715,10.347990036010742,10.31212043762207,10.335820198059082,10.335820198059082,0
2023-07-12 09:00:00+01:00,10.335659980773926,10.34216022491455,10.310179710388184,10.315500259399414,10.315500259399414,0
2023-07-12 10:00:00+01:00,10.315589904785156,10.32837963104248,10.293769836425781,10.294949531555176,10.294949531555176,0
2023-07-12 11:00:00+01:00,10.295149803161621,10.336139678955078,10.29485034942627,10.325819969177246,10.325819969177246,0
2023-07-12 12:00:00+01:00,10.325920104980469,10.330719947814941,10.28108024597168,10.287079811096191,10.287079811096191,0
2023-07-12 13:00:00+01:00,10.287460327148438,10.293259620666504,10.174980163574219,10.219200134277344,10.219200134277344,0
2023-07-12 14:00:00+01:00,10.219090461730957,10.224800109863281,10.151920318603516,10.16508960723877,10.16508960723877,0
2023-07-12 15:00:00+01:00,10.165240287780762,10.17710018157959,10.119420051574707,10.120280265808105,10.120280265808105,0
2023-07-12 16:00:00+01:00,10.12024974822998,10.127019882202148,10.098170280456543,10.110770225524902,10.110770225524902,0
2023-07-12 17:00:00+01:00,10.110099792480469,10.114130020141602,10.098170280456543,10.10321044921875,10.10321044921875,0
2023-07-12 18:00:00+01:00,10.103219985961914,10.124799728393555,10.101200103759766,10.114230155944824,10.114230155944824,0
2023-07-12 19:00:00+01:00,10.114089965820312,10.127400398254395,10.105799674987793,10.10811996459961,10.10811996459961,0
2023-07-12 20:00:00+01:00,10.108429908752441,10.11532974243164,10.105899810791016,10.108880043029785,10.108880043029785,0
2023-07-12 21:00:00+01:00,10.108839988708496,10.119709968566895,10.106459617614746,10.111459732055664,10.111459732055664,0
2023-07-12 22:00:00+01:00,10.101309776306152,10.11143970489502,10.098790168762207,10.11143970489502,10.11143970489502,0
2023-07-12 23:00:00+01:00,10.10673999786377,10.109700202941895,10.101550102233887,10.107589721679688,10.107589721679688,0
2023-07-13 00:00:00+01:00,10.1071195602417,10.11355972290039,10.103240013122559,10.109869956970215,10.109869956970215,0
2023-07-13 01:00:00+01:00,10.107919692993164,10.119759559631348,10.105899810791016,10.114870071411133,10.114870071411133,0
2023-07-13 02:00:00+01:00,10.114500045776367,10.124259948730469,10.105899810791016,10.107110023498535,10.107110023498535,0
2023-07-13 03:00:00+01:00,10.107179641723633,10.114339828491211,10.104169845581055,10.105420112609863,10.105420112609863,0
2023-07-13 04:00:00+01:00,10.10513973236084,10.10846996307373,10.098299980163574,10.10381031036377,10.10381031036377,0
2023-07-13 05:00:00+01:00,10.103690147399902,10.105850219726562,10.090700149536133,10.105019569396973,10.105019569396973,0
2023-07-13 06:00:00+01:00,10.105680465698242,10.119580268859863,10.10319995880127,10.117879867553711,10.117879867553711,0
2023-07-13 07:00:00+01:00,10.116999626159668,10.121950149536133,10.075389862060547,10.078579902648926,10.078579902648926,0
2023-07-13 08:00:00+01:00,10.077679634094238,10.10886001586914,10.05321979522705,10.087499618530273,10.087499618530273,0
2023-07-13 09:00:00+01:00,10.087499618530273,10.097379684448242,10.055069923400879,10.084739685058594,10.084739685058594,0
2023-07-13 10:00:00+01:00,10.084799766540527,10.094730377197266,10.062299728393555,10.065279960632324,10.065279960632324,0
2023-07-13 11:00:00+01:00,10.065099716186523,10.090169906616211,10.06173038482666,10.081689834594727,10.081689834594727,0
2023-07-13 12:00:00+01:00,10.08176040649414,10.086370468139648,10.06505012512207,10.065329551696777,10.065329551696777,0
2023-07-13 13:00:00+01:00,10.065210342407227,10.085709571838379,10.042880058288574,10.055950164794922,10.055950164794922,0
2023-07-13 14:00:00+01:00,10.055740356445312,10.059040069580078,10.005829811096191,10.006409645080566,10.006409645080566,0
2023-07-13 15:00:00+01:00,10.006409645080566,10.029769897460938,9.980999946594238,9.983610153198242,9.983610153198242,0
2023-07-13 16:00:00+01:00,9.982870101928711,10.016209602355957,9.980560302734375,9.999859809875488,9.999859809875488,0
2023-07-13 17:00:00+01:00,10.000670433044434,10.001509666442871,9.984749794006348,9.986909866333008,9.986909866333008,0
2023-07-13 18:00:00+01:00,9.986900329589844,9.990180015563965,9.970170021057129,9.974519729614258,9.974519729614258,0
2023-07-13 19:00:00+01:00,9.974530220031738,9.978110313415527,9.942529678344727,9.943140029907227,9.943140029907227,0
2023-07-13 20:00:00+01:00,9.942709922790527,9.957269668579102,9.942489624023438,9.951860427856445,9.951860427856445,0
2023-07-13 21:00:00+01:00,9.95221996307373,9.954700469970703,9.939009666442871,9.939709663391113,9.939709663391113,0
2023-07-13 22:00:00+01:00,9.9406099319458,9.949049949645996,9.9406099319458,9.949049949645996,9.949049949645996,0
2023-07-13 23:00:00+01:00,9.941120147705078,9.94635009765625,9.938460350036621,9.94237995147705,9.94237995147705,0
2023-07-14 00:00:00+01:00,9.943550109863281,9.950400352478027,9.938340187072754,9.944620132446289,9.944620132446289,0
2023-07-14 01:00:00+01:00,9.944210052490234,9.962750434875488,9.940400123596191,9.961689949035645,9.961689949035645,0
2023-07-14 02:00:00+01:00,9.961700439453125,9.963930130004883,9.948200225830078,9.953490257263184,9.953490257263184,0
2023-07-14 03:00:00+01:00,9.951789855957031,9.954010009765625,9.94025993347168,9.94398021697998,9.94398021697998,0
2023-07-14 04:00:00+01:00,9.942790031433105,9.945429801940918,9.935079574584961,9.937179565429688,9.937179565429688,0
2023-07-14 05:00:00+01:00,9.937179565429688,9.9481201171875,9.936539649963379,9.946889877319336,9.946889877319336,0
2023-07-14 06:00:00+01:00,9.946640014648438,9.959799766540527,9.940779685974121,9.958279609680176,9.958279609680176,0
2023-07-14 07:00:00+01:00,9.958450317382812,10.033120155334473,9.94871997833252,10.022749900817871,10.022749900817871,0
2023-07-14 08:00:00+01:00,10.022689819335938,10.035099983215332,9.976579666137695,10.001319885253906,10.001319885253906,0
2023-07-14 09:00:00+01:00,10.001119613647461,10.009349822998047,9.961440086364746,9.963809967041016,9.963809967041016,0
2023-07-14 10:00:00+01:00,9.964520454406738,9.967260360717773,9.940919876098633,9.964099884033203,9.964099884033203,0
2023-07-14 11:00:00+01:00,9.964850425720215,9.996709823608398,9.964030265808105,9.9931001663208,9.9931001663208,0
2023-07-14 12:00:00+01:00,9.992939949035645,9.997579574584961,9.972749710083008,9.978699684143066,9.978699684143066,0
2023-07-14 13:00:00+01:00,9.979069709777832,10.01852035522461,9.978899955749512,9.98865032196045,9.98865032196045,0
2023-07-14 14:00:00+01:00,9.988659858703613,10.011170387268066,9.962240219116211,9.964090347290039,9.964090347290039,0
2023-07-14 15:00:00+01:00,9.960880279541016,10.037859916687012,9.960880279541016,10.009300231933594,10.009300231933594,0
2023-07-14 16:00:00+01:00,10.008410453796387,10.01708984375,9.991609573364258,10.013190269470215,10.013190269470215,0
2023-07-14 17:00:00+01:00,10.012249946594238,10.020009994506836,10.008299827575684,10.014869689941406,10.014869689941406,0
2023-07-14 18:00:00+01:00,10.014869689941406,10.03339958190918,10.01410961151123,10.021650314331055,10.021650314331055,0
2023-07-14 19:00:00+01:00,10.021439552307129,10.026350021362305,10.0178804397583,10.023759841918945,10.023759841918945,0
2023-07-14 20:00:00+01:00,10.024029731750488,10.057809829711914,10.020669937133789,10.055549621582031,10.055549621582031,0
2023-07-14 21:00:00+01:00,10.055830001831055,10.056139945983887,10.03810977935791,10.042409896850586,10.042409896850586,0
2023-07-17 00:00:00+01:00,10.04835033416748,10.055999755859375,10.031000137329102,10.052140235900879,10.052140235900879,0
2023-07-17 01:00:00+01:00,10.052149772644043,10.057100296020508,10.04345989227295,10.04916000366211,10.04916000366211,0
2023-07-17 02:00:00+01:00,10.04916000366211,10.063179969787598,10.031599998474121,10.060489654541016,10.060489654541016,0
2023-07-17 03:00:00+01:00,10.059800148010254,10.064849853515625,10.049500465393066,10.052080154418945,10.052080154418945,0
2023-07-17 04:00:00+01:00,10.052240371704102,10.055439949035645,10.048720359802246,10.049920082092285,10.049920082092285,0
2023-07-17 05:00:00+01:00,10.050049781799316,10.056570053100586,10.048199653625488,10.04932975769043,10.04932975769043,0
2023-07-17 06:00:00+01:00,10.04932975769043,10.051409721374512,10.040209770202637,10.044090270996094,10.044090270996094,0
2023-07-17 07:00:00+01:00,10.04364013671875,10.077360153198242,10.041250228881836,10.049229621887207,10.049229621887207,0
2023-07-17 08:00:00+01:00,10.047800064086914,10.04889965057373,9.996020317077637,10.00139045715332,10.00139045715332,0
2023-07-17 09:00:00+01:00,10.001970291137695,10.048870086669922,10.000539779663086,10.046759605407715,10.046759605407715,0
2023-07-17 10:00:00+01:00,10.046870231628418,10.068900108337402,10.008210182189941,10.041279792785645,10.041279792785645,0
2023-07-17 11:00:00+01:00,10.04131031036377,10.047889709472656,10.028429985046387,10.03734016418457,10.03734016418457,0
2023-07-17 12:00:00+01:00,10.037320137023926,10.03915023803711,10.006340026855469,10.00806999206543,10.00806999206543,0
2023-07-17 13:00:00+01:00,10.00829029083252,10.033069610595703,10.001059532165527,10.027759552001953,10.027759552001953,0
2023-07-17 14:00:00+01:00,10.027770042419434,10.090330123901367,10.019200325012207,10.053159713745117,10.053159713745117,0
2023-07-17 15:00:00+01:00,10.053159713745117,10.060850143432617,10.010709762573242,10.011719703674316,10.011719703674316,0
2023-07-17 16:00:00+01:00,10.011429786682129,10.037500381469727,10.006290435791016,10.02737045288086,10.02737045288086,0
2023-07-17 17:00:00+01:00,10.026610374450684,10.036529541015625,10.0201997756958,10.03551959991455,10.03551959991455,0
2023-07-17 18:00:00+01:00,10.03551959991455,10.03689956665039,10.023139953613281,10.030830383300781,10.030830383300781,0
2023-07-17 19:00:00+01:00,10.030839920043945,10.031769752502441,10.025400161743164,10.02550983428955,10.02550983428955,0
2023-07-17 20:00:00+01:00,10.025959968566895,10.033550262451172,10.022899627685547,10.032369613647461,10.032369613647461,0
2023-07-17 21:00:00+01:00,10.032219886779785,10.06322956085205,10.031949996948242,10.049570083618164,10.049570083618164,0
2023-07-17 22:00:00+01:00,10.042699813842773,10.053299903869629,10.042099952697754,10.050869941711426,10.050869941711426,0
2023-07-17 23:00:00+01:00,10.051600456237793,10.067359924316406,10.04500961303711,10.057080268859863,10.057080268859863,0
2023-07-18 00:00:00+01:00,10.057069778442383,10.064530372619629,10.051469802856445,10.063570022583008,10.063570022583008,0
2023-07-18 01:00:00+01:00,10.06389045715332,10.068099975585938,10.053799629211426,10.061050415039062,10.061050415039062,0
2023-07-18 02:00:00+01:00,10.06128978729248,10.065629959106445,10.038310050964355,10.052820205688477,10.052820205688477,0
2023-07-18 03:00:00+01:00,10.0529203414917,10.055910110473633,10.045269966125488,10.046770095825195,10.046770095825195,0
2023-07-18 04:00:00+01:00,10.046629905700684,10.05051040649414,10.039010047912598,10.040559768676758,10.040559768676758,0
2023-07-18 05:00:00+01:00,10.041680335998535,10.045269966125488,10.038069725036621,10.043680191040039,10.043680191040039,0
2023-07-18 06:00:00+01:00,10.043669700622559,10.053489685058594,10.032899856567383,10.05171012878418,10.05171012878418,0
2023-07-18 07:00:00+01:00,10.050869941711426,10.084259986877441,10.046799659729004,10.057660102844238,10.057660102844238,0
2023-07-18 08:00:00+01:00,10.056889533996582,10.058079719543457,10.012040138244629,10.043009757995605,10.043009757995605,0
2023-07-18 09:00:00+01:00,10.043049812316895,10.06173038482666,10.026490211486816,10.058380126953125,10.058380126953125,0
2023-07-18 10:00:00+01:00,10.058440208435059,10.05972957611084,10.025979995727539,10.026860237121582,10.026860237121582,0
2023-07-18 11:00:00+01:00,10.026390075683594,10.063960075378418,10.020560264587402,10.056559562683105,10.056559562683105,0
2023-07-18 12:00:00+01:00,10.056559562683105,10.089599609375,10.053250312805176,10.071929931640625,10.071929931640625,0
2023-07-18 13:00:00+01:00,10.072429656982422,10.1183500289917,10.041359901428223,10.079569816589355,10.079569816589355,0
2023-07-18 14:00:00+01:00,10.080439567565918,10.108380317687988,10.060159683227539,10.069609642028809,10.069609642028809,0
2023-07-18 15:00:00+01:00,10.068639755249023,10.071849822998047,10.035090446472168,10.043000221252441,10.043000221252441,0
2023-07-18 16:00:00+01:00,10.043120384216309,10.069239616394043,10.038089752197266,10.056070327758789,10.056070327758789,0
2023-07-18 17:00:00+01:00,10.055990219116211,10.067660331726074,10.038849830627441,10.061989784240723,10.061989784240723,0
2023-07-18 18:00:00+01:00,10.06177043914795,10.067649841308594,10.05344009399414,10.059240341186523,10.059240341186523,0
2023-07-18 19:00:00+01:00,10.059240341186523,10.064279556274414,10.041419982910156,10.046719551086426,10.046719551086426,0
2023-07-18 20:00:00+01:00,10.046719551086426,10.055680274963379,10.04601001739502,10.050559997558594,10.050559997558594,0
2023-07-18 21:00:00+01:00,10.050559997558594,10.056719779968262,10.04325008392334,10.05226993560791,10.05226993560791,0
2023-07-18 22:00:00+01:00,10.046770095825195,10.046770095825195,10.046770095825195,10.046770095825195,10.046770095825195,0
2023-07-18 23:00:00+01:00,10.043700218200684,10.047929763793945,10.035699844360352,10.039480209350586,10.039480209350586,0
2023-07-19 00:00:00+01:00,10.04030990600586,10.055990219116211,10.037599563598633,10.048609733581543,10.048609733581543,0
2023-07-19 01:00:00+01:00,10.048609733581543,10.051039695739746,10.040679931640625,10.047100067138672,10.047100067138672,0
2023-07-19 02:00:00+01:00,10.045109748840332,10.05618953704834,10.040679931640625,10.050990104675293,10.050990104675293,0
2023-07-19 03:00:00+01:00,10.050990104675293,10.070810317993164,10.050979614257812,10.058650016784668,10.058650016784668,0
2023-07-19 04:00:00+01:00,10.060709953308105,10.062970161437988,10.053009986877441,10.057629585266113,10.057629585266113,0
2023-07-19 05:00:00+01:00,10.056380271911621,10.078160285949707,10.053609848022461,10.07664966583252,10.07664966583252,0
2023-07-19 06:00:00+01:00,10.07666015625,10.07802963256836,10.051679611206055,10.053999900817871,10.053999900817871,0
2023-07-19 07:00:00+01:00,10.054360389709473,10.090729713439941,10.048060417175293,10.067429542541504,10.067429542541504,0
2023-07-19 08:00:00+01:00,10.068209648132324,10.086529731750488,10.047550201416016,10.081549644470215,10.081549644470215,0
2023-07-19 09:00:00+01:00,10.08154010772705,10.095660209655762,10.070240020751953,10.088629722595215,10.088629722595215,0
2023-07-19 10:00:00+01:00,10.088640213012695,10.097129821777344,10.075329780578613,10.083040237426758,10.083040237426758,0
2023-07-19 11:00:00+01:00,10.082880020141602,10.090049743652344,10.068530082702637,10.077980041503906,10.077980041503906,0
2023-07-19 12:00:00+01:00,10.07798957824707,10.08749008178711,10.039349555969238,10.044699668884277,10.044699668884277,0
2023-07-19 13:00:00+01:00,10.043899536132812,10.050530433654785,10.01488971710205,10.023969650268555,10.023969650268555,0
2023-07-19 14:00:00+01:00,10.023889541625977,10.02517032623291,9.98993968963623,10.005610466003418,10.005610466003418,0
2023-07-19 15:00:00+01:00,10.00475025177002,10.05875015258789,10.002260208129883,10.031310081481934,10.031310081481934,0
2023-07-19 16:00:00+01:00,10.031319618225098,10.065950393676758,10.024669647216797,10.052379608154297,10.052379608154297,0
2023-07-19 17:00:00+01:00,10.052390098571777,10.071040153503418,10.045470237731934,10.048709869384766,10.048709869384766,0
2023-07-19 18:00:00+01:00,10.048540115356445,10.050820350646973,10.026900291442871,10.044010162353516,10.044010162353516,0
2023-07-19 19:00:00+01:00,10.04401969909668,10.049110412597656,10.03069019317627,10.034990310668945,10.034990310668945,0
2023-07-19 20:00:00+01:00,10.035140037536621,10.037179946899414,10.029399871826172,10.033140182495117,10.033140182495117,0
2023-07-19 21:00:00+01:00,10.033140182495117,10.038680076599121,10.027339935302734,10.035770416259766,10.035770416259766,0
2023-07-19 23:00:00+01:00,10.028889656066895,10.048089981079102,10.024800300598145,10.031479835510254,10.031479835510254,0
2023-07-20 00:00:00+01:00,10.030380249023438,10.0389404296875,10.026399612426758,10.037309646606445,10.037309646606445,0
2023-07-20 01:00:00+01:00,10.037810325622559,10.038490295410156,10.00790023803711,10.010549545288086,10.010549545288086,0
2023-07-20 02:00:00+01:00,10.010680198669434,10.01196002960205,9.965519905090332,9.973130226135254,9.973130226135254,0
2023-07-20 03:00:00+01:00,9.973130226135254,9.981220245361328,9.954170227050781,9.971810340881348,9.971810340881348,0
2023-07-20 04:00:00+01:00,9.971739768981934,9.980279922485352,9.964590072631836,9.973489761352539,9.973489761352539,0
2023-07-20 05:00:00+01:00,9.973589897155762,9.983409881591797,9.970060348510742,9.977680206298828,9.977680206298828,0
2023-07-20 06:00:00+01:00,9.97778034210205,9.993450164794922,9.974499702453613,9.979999542236328,9.979999542236328,0
2023-07-20 07:00:00+01:00,9.979960441589355,10.01410961151123,9.97284984588623,10.000530242919922,10.000530242919922,0
2023-07-20 08:00:00+01:00,10.000320434570312,10.01278018951416,9.973560333251953,10.003660202026367,10.003660202026367,0
2023-07-20 09:00:00+01:00,10.003620147705078,10.00454044342041,9.96207046508789,9.964030265808105,9.964030265808105,0
2023-07-20 10:00:00+01:00,9.963990211486816,9.974550247192383,9.952500343322754,9.953829765319824,9.953829765319824,0
2023-07-20 11:00:00+01:00,9.954039573669434,9.966050148010254,9.937840461730957,9.954290390014648,9.954290390014648,0
2023-07-20 12:00:00+01:00,9.95421028137207,9.964750289916992,9.922789573669434,9.938579559326172,9.938579559326172,0
2023-07-20 13:00:00+01:00,9.938579559326172,10.001110076904297,9.9381103515625,9.978960037231445,9.978960037231445,0
2023-07-20 14:00:00+01:00,9.978850364685059,10.00253963470459,9.968009948730469,9.978130340576172,9.978130340576172,0
2023-07-20 15:00:00+01:00,9.978690147399902,10.071869850158691,9.978569984436035,10.039070129394531,10.039070129394531,0
2023-07-20 16:00:00+01:00,10.039070129394531,10.098649978637695,10.03048038482666,10.090559959411621,10.090559959411621,0
2023-07-20 17:00:00+01:00,10.090020179748535,10.1002197265625,10.081509590148926,10.088479995727539,10.088479995727539,0
2023-07-20 18:00:00+01:00,10.088379859924316,10.09179973602295,10.076600074768066,10.078689575195312,10.078689575195312,0
2023-07-20 19:00:00+01:00,10.078689575195312,10.089119911193848,10.076160430908203,10.07876968383789,10.07876968383789,0
2023-07-20 20:00:00+01:00,10.07865047454834,10.080479621887207,10.066909790039062,10.067870140075684,10.067870140075684,0
2023-07-20 21:00:00+01:00,10.067740440368652,10.075209617614746,10.064109802246094,10.072870254516602,10.072870254516602,0
2023-07-20 22:00:00+01:00,10.072469711303711,10.072469711303711,10.066370010375977,10.066370010375977,10.066370010375977,0
2023-07-20 23:00:00+01:00,10.054450035095215,10.067549705505371,10.048919677734375,10.063989639282227,10.063989639282227,0
2023-07-21 00:00:00+01:00,10.065010070800781,10.070579528808594,10.052929878234863,10.06702995300293,10.06702995300293,0
2023-07-21 01:00:00+01:00,10.06698989868164,10.07091999053955,10.052800178527832,10.055279731750488,10.055279731750488,0
2023-07-21 02:00:00+01:00,10.05508041381836,10.059679985046387,10.03335952758789,10.047089576721191,10.047089576721191,0
2023-07-21 03:00:00+01:00,10.047089576721191,10.054450035095215,10.041799545288086,10.045120239257812,10.045120239257812,0
2023-07-21 04:00:00+01:00,10.045120239257812,10.059359550476074,10.043899536132812,10.056750297546387,10.056750297546387,0
2023-07-21 05:00:00+01:00,10.056750297546387,10.06033992767334,10.046899795532227,10.048450469970703,10.048450469970703,0
2023-07-21 06:00:00+01:00,10.048279762268066,10.066200256347656,10.045900344848633,10.055130004882812,10.055130004882812,0
2023-07-21 07:00:00+01:00,10.055130004882812,10.069589614868164,10.04343032836914,10.052789688110352,10.052789688110352,0
2023-07-21 08:00:00+01:00,10.052709579467773,10.071720123291016,10.025890350341797,10.06095027923584,10.06095027923584,0
2023-07-21 09:00:00+01:00,10.061129570007324,10.075440406799316,10.048089981079102,10.060529708862305,10.060529708862305,0
2023-07-21 10:00:00+01:00,10.060689926147461,10.061800003051758,10.014860153198242,10.039750099182129,10.039750099182129,0
2023-07-21 11:00:00+01:00,10.039750099182129,10.046939849853516,10.02178955078125,10.037260055541992,10.037260055541992,0
2023-07-21 12:00:00+01:00,10.037199974060059,10.054109573364258,10.024609565734863,10.048620223999023,10.048620223999023,0
2023-07-21 13:00:00+01:00,10.04833984375,10.05482006072998,10.040470123291016,10.04796028137207,10.04796028137207,0
2023-07-21 14:00:00+01:00,10.047889709472656,10.090760231018066,10.03637981414795,10.08825969696045,10.08825969696045,0
2023-07-21 15:00:00+01:00,10.08823013305664,10.105159759521484,10.076950073242188,10.092100143432617,10.092100143432617,0
2023-07-21 16:00:00+01:00,10.09214973449707,10.0977201461792,10.0733003616333,10.086709976196289,10.086709976196289,0
2023-07-21 17:00:00+01:00,10.086600303649902,10.090089797973633,10.069879531860352,10.072859764099121,10.072859764099121,0
2023-07-21 18:00:00+01:00,10.073369979858398,10.074850082397461,10.06624984741211,10.073220252990723,10.073220252990723,0
2023-07-21 19:00:00+01:00,10.072879791259766,10.076359748840332,10.058309555053711,10.076359748840332,10.076359748840332,0
2023-07-21 20:00:00+01:00,10.075679779052734,10.079549789428711,10.06980037689209,10.070929527282715,10.070929527282715,0
2023-07-21 21:00:00+01:00,10.070940017700195,10.080120086669922,10.064579963684082,10.069939613342285,10.069939613342285,0
2023-07-24 00:00:00+01:00,10.060540199279785,10.091919898986816,10.057350158691406,10.091919898986816,10.091919898986816,0
2023-07-24 01:00:00+01:00,10.089369773864746,10.092960357666016,10.07155990600586,10.077710151672363,10.077710151672363,0
2023-07-24 02:00:00+01:00,10.077710151672363,10.0872802734375,10.062299728393555,10.08230972290039,10.08230972290039,0
2023-07-24 03:00:00+01:00,10.08230972290039,10.089520454406738,10.063599586486816,10.06719970703125,10.06719970703125,0
2023-07-24 04:00:00+01:00,10.066829681396484,10.075860023498535,10.059599876403809,10.074810028076172,10.074810028076172,0
2023-07-24 05:00:00+01:00,10.074810028076172,10.087980270385742,10.068099975585938,10.078180313110352,10.078180313110352,0
2023-07-24 06:00:00+01:00,10.07859992980957,10.093440055847168,10.06470012664795,10.075900077819824,10.075900077819824,0
2023-07-24 07:00:00+01:00,10.075900077819824,10.094690322875977,10.0523099899292,10.064350128173828,10.064350128173828,0
2023-07-24 08:00:00+01:00,10.064459800720215,10.10984992980957,10.038909912109375,10.087459564208984,10.087459564208984,0
2023-07-24 09:00:00+01:00,10.088640213012695,10.106639862060547,10.080069541931152,10.100979804992676,10.100979804992676,0
2023-07-24 10:00:00+01:00,10.100970268249512,10.105589866638184,10.052969932556152,10.081430435180664,10.081430435180664,0
2023-07-24 11:00:00+01:00,10.084039688110352,10.106769561767578,10.07759952545166,10.094599723815918,10.094599723815918,0
2023-07-24 12:00:00+01:00,10.094610214233398,10.106200218200684,10.070440292358398,10.076910018920898,10.076910018920898,0
2023-07-24 13:00:00+01:00,10.076549530029297,10.104889869689941,10.07211971282959,10.084810256958008,10.084810256958008,0
2023-07-24 14:00:00+01:00,10.084810256958008,10.110360145568848,10.069589614868164,10.104339599609375,10.104339599609375,0
2023-07-24 15:00:00+01:00,10.103659629821777,10.114450454711914,10.07118034362793,10.076950073242188,10.076950073242188,0
2023-07-24 16:00:00+01:00,10.076789855957031,10.080820083618164,10.051619529724121,10.05640983581543,10.05640983581543,0
2023-07-24 17:00:00+01:00,10.056349754333496,10.074480056762695,10.055020332336426,10.058799743652344,10.058799743652344,0
2023-07-24 18:00:00+01:00,10.058059692382812,10.06212043762207,10.039369583129883,10.059149742126465,10.059149742126465,0
2023-07-24 19:00:00+01:00,10.058919906616211,10.067899703979492,10.058300018310547,10.064620018005371,10.064620018005371,0
2023-07-24 20:00:00+01:00,10.064559936523438,10.0701904296875,10.059220314025879,10.063409805297852,10.063409805297852,0
2023-07-24 21:00:00+01:00,10.063389778137207,10.065600395202637,10.05109977722168,10.05580997467041,10.05580997467041,0
2023-07-24 22:00:00+01:00,10.054770469665527,10.05580997467041,10.052969932556152,10.05580997467041,10.05580997467041,0
2023-07-24 23:00:00+01:00,10.061860084533691,10.06272029876709,10.04699993133545,10.057510375976562,10.057510375976562,0
2023-07-25 00:00:00+01:00,10.055780410766602,10.063199996948242,10.048979759216309,10.056989669799805,10.056989669799805,0
2023-07-25 01:00:00+01:00,10.057290077209473,10.061479568481445,10.04856014251709,10.053380012512207,10.053380012512207,0
2023-07-25 02:00:00+01:00,10.05288028717041,10.055689811706543,10.039469718933105,10.045180320739746,10.045180320739746,0
2023-07-25 03:00:00+01:00,10.045289993286133,10.048310279846191,10.030599594116211,10.03197956085205,10.03197956085205,0
2023-07-25 04:00:00+01:00,10.031970024108887,10.037199974060059,10.029000282287598,10.03108024597168,10.03108024597168,0
2023-07-25 05:00:00+01:00,10.030619621276855,10.033880233764648,10.02239990234375,10.028679847717285,10.028679847717285,0
2023-07-25 06:00:00+01:00,10.027159690856934,10.033349990844727,10.021490097045898,10.028989791870117,10.028989791870117,0
2023-07-25 07:00:00+01:00,10.028400421142578,10.034589767456055,10.011469841003418,10.019490242004395,10.019490242004395,0
2023-07-25 08:00:00+01:00,10.019789695739746,10.048999786376953,10.016889572143555,10.043319702148438,10.043319702148438,0
2023-07-25 09:00:00+01:00,10.043319702148438,10.069100379943848,10.041799545288086,10.062999725341797,10.062999725341797,0
2023-07-25 10:00:00+01:00,10.063010215759277,10.081000328063965,10.058670043945312,10.072250366210938,10.072250366210938,0
2023-07-25 11:00:00+01:00,10.072649955749512,10.08230972290039,10.059650421142578,10.078129768371582,10.078129768371582,0
2023-07-25 12:00:00+01:00,10.07699966430664,10.102800369262695,10.076089859008789,10.092690467834473,10.092690467834473,0
2023-07-25 13:00:00+01:00,10.093090057373047,10.13230037689209,10.093090057373047,10.121199607849121,10.121199607849121,0
2023-07-25 14:00:00+01:00,10.120820045471191,10.155699729919434,10.108409881591797,10.12516975402832,10.12516975402832,0
2023-07-25 15:00:00+01:00,10.125160217285156,10.143879890441895,10.084770202636719,10.085689544677734,10.085689544677734,0
2023-07-25 16:00:00+01:00,10.085780143737793,10.090550422668457,10.056559562683105,10.070150375366211,10.070150375366211,0
2023-07-25 17:00:00+01:00,10.07030963897705,10.074970245361328,10.056320190429688,10.073019981384277,10.073019981384277,0
2023-07-25 18:00:00+01:00,10.072979927062988,10.084050178527832,10.072779655456543,10.07583999633789,10.07583999633789,0
2023-07-25 19:00:00+01:00,10.075860023498535,10.076640129089355,10.060500144958496,10.068140029907227,10.068140029907227,0
2023-07-25 20:00:00+01:00,10.06818962097168,10.06937026977539,10.054309844970703,10.059590339660645,10.059590339660645,0
2023-07-25 21:00:00+01:00,10.059539794921875,10.062899589538574,10.04889965057373,10.055410385131836,10.055410385131836,0
2023-07-25 22:00:00+01:00,10.055410385131836,10.055410385131836,10.050999641418457,10.050999641418457,10.050999641418457,0
2023-07-25 23:00:00+01:00,10.06760025024414,10.071310043334961,10.054490089416504,10.062450408935547,10.062450408935547,0
2023-07-26 00:00:00+01:00,10.066960334777832,10.074150085449219,10.058670043945312,10.063010215759277,10.063010215759277,0
2023-07-26 01:00:00+01:00,10.062780380249023,10.09099006652832,10.057900428771973,10.085630416870117,10.085630416870117,0
2023-07-26 02:00:00+01:00,10.085630416870117,10.103429794311523,10.077730178833008,10.09607982635498,10.09607982635498,0
2023-07-26 03:00:00+01:00,10.09607982635498,10.10297966003418,10.07649040222168,10.087900161743164,10.087900161743164,0
2023-07-26 04:00:00+01:00,10.088390350341797,10.095120429992676,10.08240032196045,10.090299606323242,10.090299606323242,0
2023-07-26 05:00:00+01:00,10.090089797973633,10.097700119018555,10.080849647521973,10.095179557800293,10.095179557800293,0
2023-07-26 06:00:00+01:00,10.094880104064941,10.098999977111816,10.072199821472168,10.075739860534668,10.075739860534668,0
2023-07-26 07:00:00+01:00,10.075420379638672,10.087650299072266,10.04916000366211,10.072649955749512,10.072649955749512,0
2023-07-26 08:00:00+01:00,10.072230339050293,10.086350440979004,10.053319931030273,10.063019752502441,10.063019752502441,0
2023-07-26 09:00:00+01:00,10.063019752502441,10.089520454406738,10.062009811401367,10.081060409545898,10.081060409545898,0
2023-07-26 10:00:00+01:00,10.081290245056152,10.11931037902832,10.07699966430664,10.091039657592773,10.091039657592773,0
2023-07-26 11:00:00+01:00,10.091039657592773,10.107040405273438,10.087030410766602,10.092780113220215,10.092780113220215,0
2023-07-26 12:00:00+01:00,10.092780113220215,10.11493968963623,10.081729888916016,10.111479759216309,10.111479759216309,0
2023-07-26 13:00:00+01:00,10.111550331115723,10.145500183105469,10.110699653625488,10.141980171203613,10.141980171203613,0
2023-07-26 14:00:00+01:00,10.142250061035156,10.156599998474121,10.117879867553711,10.139399528503418,10.139399528503418,0
2023-07-26 15:00:00+01:00,10.13938045501709,10.14840030670166,10.118379592895508,10.132719993591309,10.132719993591309,0
2023-07-26 16:00:00+01:00,10.132719993591309,10.133500099182129,10.102029800415039,10.121319770812988,10.121319770812988,0
2023-07-26 17:00:00+01:00,10.121210098266602,10.12440013885498,10.108810424804688,10.11555004119873,10.11555004119873,0
2023-07-26 18:00:00+01:00,10.115619659423828,10.143569946289062,10.114879608154297,10.135780334472656,10.135780334472656,0
2023-07-26 19:00:00+01:00,10.133219718933105,10.149279594421387,10.05675983428955,10.083239555358887,10.083239555358887,0
2023-07-26 20:00:00+01:00,10.082779884338379,10.110690116882324,10.077569961547852,10.096590042114258,10.096590042114258,0
2023-07-26 21:00:00+01:00,10.096590042114258,10.107460021972656,10.0841703414917,10.100600242614746,10.100600242614746,0
2023-07-26 22:00:00+01:00,10.100600242614746,10.129719734191895,10.100600242614746,10.12576961517334,10.12576961517334,0
2023-07-26 23:00:00+01:00,10.128390312194824,10.131159782409668,10.107720375061035,10.118060111999512,10.118060111999512,0
2023-07-27 00:00:00+01:00,10.118900299072266,10.125450134277344,10.113739967346191,10.123169898986816,10.123169898986816,0
2023-07-27 01:00:00+01:00,10.123160362243652,10.12479019165039,10.099800109863281,10.104020118713379,10.104020118713379,0
2023-07-27 02:00:00+01:00,10.103480339050293,10.10398006439209,10.068169593811035,10.07958984375,10.07958984375,0
2023-07-27 03:00:00+01:00,10.079119682312012,10.080069541931152,10.037199974060059,10.063730239868164,10.063730239868164,0
2023-07-27 04:00:00+01:00,10.064760208129883,10.065299987792969,10.053959846496582,10.057869911193848,10.057869911193848,0
2023-07-27 05:00:00+01:00,10.058119773864746,10.061610221862793,10.05150032043457,10.061519622802734,10.061519622802734,0
2023-07-27 06:00:00+01:00,10.061610221862793,10.081609725952148,10.060790061950684,10.080739974975586,10.080739974975586,0
2023-07-27 07:00:00+01:00,10.080180168151855,10.09119987487793,10.072179794311523,10.086549758911133,10.086549758911133,0
2023-07-27 08:00:00+01:00,10.086009979248047,10.087920188903809,10.007180213928223,10.01636028289795,10.01636028289795,0
2023-07-27 09:00:00+01:00,10.01636028289795,10.03279972076416,10.002909660339355,10.002969741821289,10.002969741821289,0
2023-07-27 10:00:00+01:00,10.002900123596191,10.043939590454102,9.998880386352539,10.029239654541016,10.029239654541016,0
2023-07-27 11:00:00+01:00,10.029760360717773,10.044779777526855,10.00553035736084,10.025019645690918,10.025019645690918,0
2023-07-27 12:00:00+01:00,10.024999618530273,10.031299591064453,9.982270240783691,9.982600212097168,9.982600212097168,0
2023-07-27 13:00:00+01:00,9.982680320739746,10.093700408935547,9.982259750366211,10.0800199508667,10.0800199508667,0
2023-07-27 14:00:00+01:00,10.080269813537598,10.162710189819336,10.075960159301758,10.130900382995605,10.130900382995605,0
2023-07-27 15:00:00+01:00,10.130009651184082,10.156599998474121,10.121339797973633,10.121339797973633,10.121339797973633,0
2023-07-27 16:00:00+01:00,10.12162971496582,10.142780303955078,10.115579605102539,10.124239921569824,10.124239921569824,0
2023-07-27 17:00:00+01:00,10.124059677124023,10.128060340881348,10.109620094299316,10.120849609375,10.120849609375,0
2023-07-27 18:00:00+01:00,10.120479583740234,10.132100105285645,10.089320182800293,10.122770309448242,10.122770309448242,0
2023-07-27 19:00:00+01:00,10.122819900512695,10.19834041595459,10.122380256652832,10.185469627380371,10.185469627380371,0
2023-07-27 20:00:00+01:00,10.185469627380371,10.203969955444336,10.1806001663208,10.197440147399902,10.197440147399902,0
2023-07-27 21:00:00+01:00,10.197489738464355,10.204629898071289,10.183250427246094,10.183369636535645,10.183369636535645,0
2023-07-27 22:00:00+01:00,10.182160377502441,10.182160377502441,10.182160377502441,10.182160377502441,10.182160377502441,0
2023-07-27 23:00:00+01:00,10.176079750061035,10.182080268859863,10.16942024230957,10.175419807434082,10.175419807434082,0
2023-07-28 00:00:00+01:00,10.178250312805176,10.192429542541504,10.175749778747559,10.184080123901367,10.184080123901367,0
2023-07-28 01:00:00+01:00,10.184080123901367,10.18970012664795,10.173970222473145,10.185270309448242,10.185270309448242,0
2023-07-28 02:00:00+01:00,10.184849739074707,10.191069602966309,10.165450096130371,10.174880027770996,10.174880027770996,0
2023-07-28 03:00:00+01:00,10.175000190734863,10.182180404663086,10.16627025604248,10.169520378112793,10.169520378112793,0
2023-07-28 04:00:00+01:00,10.169079780578613,10.183130264282227,10.151140213012695,10.170459747314453,10.170459747314453,0
2023-07-28 05:00:00+01:00,10.169599533081055,10.21914005279541,10.166910171508789,10.207240104675293,10.207240104675293,0
2023-07-28 06:00:00+01:00,10.209360122680664,10.212519645690918,10.149490356445312,10.159110069274902,10.159110069274902,0
2023-07-28 07:00:00+01:00,10.159090042114258,10.200050354003906,10.157919883728027,10.199810028076172,10.199810028076172,0
2023-07-28 08:00:00+01:00,10.198699951171875,10.234720230102539,10.168740272521973,10.218799591064453,10.218799591064453,0
2023-07-28 09:00:00+01:00,10.22035026550293,10.233929634094238,10.19906997680664,10.206910133361816,10.206910133361816,0
2023-07-28 10:00:00+01:00,10.206899642944336,10.211759567260742,10.16569995880127,10.172550201416016,10.172550201416016,0
2023-07-28 11:00:00+01:00,10.172969818115234,10.197019577026367,10.171199798583984,10.192620277404785,10.192620277404785,0
2023-07-28 12:00:00+01:00,10.192620277404785,10.196800231933594,10.134909629821777,10.13595962524414,10.13595962524414,0
2023-07-28 13:00:00+01:00,10.136650085449219,10.170319557189941,10.131119728088379,10.16215991973877,10.16215991973877,0
2023-07-28 14:00:00+01:00,10.162910461425781,10.20322036743164,10.162199974060059,10.174750328063965,10.174750328063965,0
2023-07-28 15:00:00+01:00,10.170900344848633,10.17471981048584,10.129770278930664,10.167449951171875,10.167449951171875,0
2023-07-28 16:00:00+01:00,10.1666898727417,10.181180000305176,10.151800155639648,10.159480094909668,10.159480094909668,0
2023-07-28 17:00:00+01:00,10.160039901733398,10.172699928283691,10.152819633483887,10.170669555664062,10.170669555664062,0
2023-07-28 18:00:00+01:00,10.169659614562988,10.193690299987793,10.165510177612305,10.182379722595215,10.182379722595215,0
2023-07-28 19:00:00+01:00,10.18262004852295,10.19163990020752,10.177260398864746,10.184209823608398,10.184209823608398,0
2023-07-28 20:00:00+01:00,10.184359550476074,10.197879791259766,10.181659698486328,10.192079544067383,10.192079544067383,0
2023-07-28 21:00:00+01:00,10.192009925842285,10.203180313110352,10.187919616699219,10.189789772033691,10.189789772033691,0
2023-07-31 00:00:00+01:00,10.178569793701172,10.189709663391113,10.178079605102539,10.189629554748535,10.189629554748535,0
2023-07-31 01:00:00+01:00,10.189629554748535,10.197440147399902,10.182999610900879,10.195159912109375,10.195159912109375,0
2023-07-31 02:00:00+01:00,10.194869995117188,10.201430320739746,10.182100296020508,10.196849822998047,10.196849822998047,0
2023-07-31 03:00:00+01:00,10.196969985961914,10.209349632263184,10.19513988494873,10.19871997833252,10.19871997833252,0
2023-07-31 04:00:00+01:00,10.19871997833252,10.207590103149414,10.195500373840332,10.20602035522461,10.20602035522461,0
2023-07-31 05:00:00+01:00,10.206720352172852,10.213789939880371,10.203200340270996,10.211919784545898,10.211919784545898,0
2023-07-31 06:00:00+01:00,10.212849617004395,10.214460372924805,10.19690990447998,10.197859764099121,10.197859764099121,0
2023-07-31 07:00:00+01:00,10.196920394897461,10.208589553833008,10.177860260009766,10.20259952545166,10.20259952545166,0
2023-07-31 08:00:00+01:00,10.203680038452148,10.20773983001709,10.156100273132324,10.168889999389648,10.168889999389648,0
2023-07-31 09:00:00+01:00,10.168519973754883,10.219820022583008,10.159040451049805,10.159279823303223,10.159279823303223,0
2023-07-31 10:00:00+01:00,10.162480354309082,10.174240112304688,10.13638973236084,10.145170211791992,10.145170211791992,0
2023-07-31 11:00:00+01:00,10.144550323486328,10.150790214538574,10.121600151062012,10.129810333251953,10.129810333251953,0
2023-07-31 12:00:00+01:00,10.129799842834473,10.140000343322754,10.120989799499512,10.134099960327148,10.134099960327148,0
2023-07-31 13:00:00+01:00,10.133890151977539,10.141949653625488,10.102140426635742,10.113530158996582,10.113530158996582,0
2023-07-31 14:00:00+01:00,10.113679885864258,10.145620346069336,10.100110054016113,10.108309745788574,10.108309745788574,0
2023-07-31 15:00:00+01:00,10.108320236206055,10.132719993591309,10.098950386047363,10.116780281066895,10.116780281066895,0
2023-07-31 16:00:00+01:00,10.115599632263184,10.118169784545898,10.091719627380371,10.110699653625488,10.110699653625488,0
2023-07-31 17:00:00+01:00,10.110440254211426,10.128609657287598,10.105159759521484,10.125229835510254,10.125229835510254,0
2023-07-31 18:00:00+01:00,10.12572956085205,10.127900123596191,10.116410255432129,10.12483024597168,10.12483024597168,0
2023-07-31 19:00:00+01:00,10.123729705810547,10.132519721984863,10.121720314025879,10.130290031433105,10.130290031433105,0
2023-07-31 20:00:00+01:00,10.129570007324219,10.136910438537598,10.12677001953125,10.132149696350098,10.132149696350098,0
2023-07-31 21:00:00+01:00,10.133480072021484,10.135700225830078,10.120200157165527,10.122079849243164,10.122079849243164,0
2023-07-31 22:00:00+01:00,10.126580238342285,10.126580238342285,10.119529724121094,10.123649597167969,10.123649597167969,0
2023-07-31 23:00:00+01:00,10.123220443725586,10.125619888305664,10.116399765014648,10.123069763183594,10.123069763183594,0
2023-08-01 00:00:00+01:00,10.123419761657715,10.131119728088379,10.120550155639648,10.127309799194336,10.127309799194336,0
2023-08-01 01:00:00+01:00,10.127309799194336,10.130880355834961,10.110380172729492,10.12909984588623,10.12909984588623,0
2023-08-01 02:00:00+01:00,10.12870979309082,10.146069526672363,10.124899864196777,10.14546012878418,10.14546012878418,0
2023-08-01 03:00:00+01:00,10.1454496383667,10.155229568481445,10.13821029663086,10.146479606628418,10.146479606628418,0
2023-08-01 04:00:00+01:00,10.146900177001953,10.150070190429688,10.135519981384277,10.145930290222168,10.145930290222168,0
2023-08-01 05:00:00+01:00,10.143950462341309,10.156760215759277,10.130270004272461,10.144439697265625,10.144439697265625,0
2023-08-01 06:00:00+01:00,10.144370079040527,10.150199890136719,10.126370429992676,10.135820388793945,10.135820388793945,0
2023-08-01 07:00:00+01:00,10.135820388793945,10.154780387878418,10.126999855041504,10.151189804077148,10.151189804077148,0
2023-08-01 08:00:00+01:00,10.151089668273926,10.199090003967285,10.145310401916504,10.189769744873047,10.189769744873047,0
2023-08-01 09:00:00+01:00,10.192299842834473,10.21049976348877,10.1697998046875,10.194390296936035,10.194390296936035,0
2023-08-01 10:00:00+01:00,10.194390296936035,10.209409713745117,10.19025993347168,10.194470405578613,10.194470405578613,0
2023-08-01 11:00:00+01:00,10.194479942321777,10.224220275878906,10.189749717712402,10.195619583129883,10.195619583129883,0
2023-08-01 12:00:00+01:00,10.195170402526855,10.22443962097168,10.191619873046875,10.196969985961914,10.196969985961914,0
2023-08-01 13:00:00+01:00,10.197990417480469,10.25037956237793,10.196160316467285,10.233969688415527,10.233969688415527,0
2023-08-01 14:00:00+01:00,10.234709739685059,10.237709999084473,10.18375015258789,10.18883991241455,10.18883991241455,0
2023-08-01 15:00:00+01:00,10.185609817504883,10.22566032409668,10.175760269165039,10.19087028503418,10.19087028503418,0
2023-08-01 16:00:00+01:00,10.190750122070312,10.234869956970215,10.184479713439941,10.220849990844727,10.220849990844727,0
2023-08-01 17:00:00+01:00,10.219869613647461,10.226630210876465,10.213939666748047,10.220009803771973,10.220009803771973,0
2023-08-01 18:00:00+01:00,10.219099998474121,10.23311996459961,10.217499732971191,10.229249954223633,10.229249954223633,0
2023-08-01 19:00:00+01:00,10.230070114135742,10.230290412902832,10.215689659118652,10.219400405883789,10.219400405883789,0
2023-08-01 20:00:00+01:00,10.220450401306152,10.22191047668457,10.20460033416748,10.206119537353516,10.206119537353516,0
2023-08-01 21:00:00+01:00,10.206310272216797,10.20973014831543,10.191289901733398,10.201169967651367,10.201169967651367,0
2023-08-01 22:00:00+01:00,10.199660301208496,10.199660301208496,10.195409774780273,10.198399543762207,10.198399543762207,0
2023-08-01 23:00:00+01:00,10.1181001663208,10.17039966583252,10.114629745483398,10.163390159606934,10.163390159606934,0
2023-08-02 00:00:00+01:00,10.16724967956543,10.174400329589844,10.149250030517578,10.165889739990234,10.165889739990234,0
2023-08-02 01:00:00+01:00,10.166319847106934,10.190279960632324,10.163680076599121,10.182049751281738,10.182049751281738,0
2023-08-02 02:00:00+01:00,10.182109832763672,10.183659553527832,10.15470027923584,10.167420387268066,10.167420387268066,0
2023-08-02 03:00:00+01:00,10.166970252990723,10.194140434265137,10.166930198669434,10.190799713134766,10.190799713134766,0
2023-08-02 04:00:00+01:00,10.190679550170898,10.21951961517334,10.18910026550293,10.205479621887207,10.205479621887207,0
2023-08-02 05:00:00+01:00,10.205880165100098,10.216569900512695,10.20143985748291,10.207679748535156,10.207679748535156,0
2023-08-02 06:00:00+01:00,10.208760261535645,10.209199905395508,10.188170433044434,10.202130317687988,10.202130317687988,0
2023-08-02 07:00:00+01:00,10.202130317687988,10.223830223083496,10.19204044342041,10.205519676208496,10.205519676208496,0
2023-08-02 08:00:00+01:00,10.205320358276367,10.218700408935547,10.190979957580566,10.209320068359375,10.209320068359375,0
2023-08-02 09:00:00+01:00,10.209320068359375,10.225680351257324,10.186960220336914,10.19186019897461,10.19186019897461,0
2023-08-02 10:00:00+01:00,10.192999839782715,10.200260162353516,10.162260055541992,10.163450241088867,10.163450241088867,0
2023-08-02 11:00:00+01:00,10.163040161132812,10.184920310974121,10.147290229797363,10.147290229797363,10.147290229797363,0
2023-08-02 12:00:00+01:00,10.148209571838379,10.170379638671875,10.146849632263184,10.156920433044434,10.156920433044434,0
2023-08-02 13:00:00+01:00,10.156920433044434,10.211030006408691,10.149399757385254,10.205459594726562,10.205459594726562,0
2023-08-02 14:00:00+01:00,10.205490112304688,10.219120025634766,10.188819885253906,10.210659980773926,10.210659980773926,0
2023-08-02 15:00:00+01:00,10.210650444030762,10.306790351867676,10.206159591674805,10.301719665527344,10.301719665527344,0
2023-08-02 16:00:00+01:00,10.302550315856934,10.311619758605957,10.273759841918945,10.281769752502441,10.281769752502441,0
2023-08-02 17:00:00+01:00,10.281599998474121,10.289409637451172,10.26449966430664,10.26636028289795,10.26636028289795,0
2023-08-02 18:00:00+01:00,10.267589569091797,10.285440444946289,10.258899688720703,10.280830383300781,10.280830383300781,0
2023-08-02 19:00:00+01:00,10.280879974365234,10.286009788513184,10.273289680480957,10.278400421142578,10.278400421142578,0
2023-08-02 20:00:00+01:00,10.27865982055664,10.287429809570312,10.271220207214355,10.280059814453125,10.280059814453125,0
2023-08-02 21:00:00+01:00,10.279800415039062,10.30167007446289,10.279080390930176,10.30167007446289,10.30167007446289,0
2023-08-02 22:00:00+01:00,10.29893970489502,10.29893970489502,10.286299705505371,10.2949800491333,10.2949800491333,0
2023-08-02 23:00:00+01:00,10.281900405883789,10.282270431518555,10.27046012878418,10.271490097045898,10.271490097045898,0
2023-08-03 00:00:00+01:00,10.271739959716797,10.289170265197754,10.269499778747559,10.288419723510742,10.288419723510742,0
2023-08-03 01:00:00+01:00,10.288430213928223,10.293330192565918,10.27869987487793,10.282830238342285,10.282830238342285,0
2023-08-03 02:00:00+01:00,10.282819747924805,10.284810066223145,10.255849838256836,10.26471996307373,10.26471996307373,0
2023-08-03 03:00:00+01:00,10.26488971710205,10.28499984741211,10.258970260620117,10.284159660339355,10.284159660339355,0
2023-08-03 04:00:00+01:00,10.282469749450684,10.297249794006348,10.279850006103516,10.290769577026367,10.290769577026367,0
2023-08-03 05:00:00+01:00,10.290499687194824,10.309880256652832,10.282179832458496,10.297380447387695,10.297380447387695,0
2023-08-03 06:00:00+01:00,10.29701042175293,10.313369750976562,10.271169662475586,10.273929595947266,10.273929595947266,0
2023-08-03 07:00:00+01:00,10.273929595947266,10.291290283203125,10.264690399169922,10.283659934997559,10.283659934997559,0
2023-08-03 08:00:00+01:00,10.283490180969238,10.295490264892578,10.262639999389648,10.28855037689209,10.28855037689209,0
2023-08-03 09:00:00+01:00,10.288920402526855,10.328700065612793,10.287469863891602,10.324700355529785,10.324700355529785,0
2023-08-03 10:00:00+01:00,10.324219703674316,10.32705020904541,10.289620399475098,10.310270309448242,10.310270309448242,0
2023-08-03 11:00:00+01:00,10.310480117797852,10.323909759521484,10.303059577941895,10.30403995513916,10.30403995513916,0
2023-08-03 12:00:00+01:00,10.303750038146973,10.319709777832031,10.286529541015625,10.308799743652344,10.308799743652344,0
2023-08-03 13:00:00+01:00,10.309590339660645,10.321330070495605,10.257220268249512,10.27433967590332,10.27433967590332,0
2023-08-03 14:00:00+01:00,10.274149894714355,10.301300048828125,10.269309997558594,10.295080184936523,10.295080184936523,0
2023-08-03 15:00:00+01:00,10.285699844360352,10.307129859924316,10.241869926452637,10.262619972229004,10.262619972229004,0
2023-08-03 16:00:00+01:00,10.262479782104492,10.2666597366333,10.20553970336914,10.235179901123047,10.235179901123047,0
2023-08-03 17:00:00+01:00,10.23585033416748,10.237099647521973,10.20518970489502,10.218939781188965,10.218939781188965,0
2023-08-03 18:00:00+01:00,10.218830108642578,10.233240127563477,10.215609550476074,10.232879638671875,10.232879638671875,0
2023-08-03 19:00:00+01:00,10.233169555664062,10.242569923400879,10.227849960327148,10.239130020141602,10.239130020141602,0
2023-08-03 20:00:00+01:00,10.239359855651855,10.256719589233398,10.236160278320312,10.240429878234863,10.240429878234863,0
2023-08-03 21:00:00+01:00,10.240050315856934,10.24312973022461,10.219249725341797,10.24096965789795,10.24096965789795,0
2023-08-03 22:00:00+01:00,10.241250038146973,10.241250038146973,10.232850074768066,10.234049797058105,10.234049797058105,0
2023-08-03 23:00:00+01:00,10.234219551086426,10.243000030517578,10.226280212402344,10.23408031463623,10.23408031463623,0
2023-08-04 00:00:00+01:00,10.235130310058594,10.23742961883545,10.227760314941406,10.230690002441406,10.230690002441406,0
2023-08-04 01:00:00+01:00,10.230369567871094,10.239439964294434,10.208550453186035,10.209320068359375,10.209320068359375,0
2023-08-04 02:00:00+01:00,10.210129737854004,10.214879989624023,10.197050094604492,10.211529731750488,10.211529731750488,0
2023-08-04 03:00:00+01:00,10.211540222167969,10.226400375366211,10.196849822998047,10.219369888305664,10.219369888305664,0
2023-08-04 04:00:00+01:00,10.219770431518555,10.226090431213379,10.195420265197754,10.214529991149902,10.214529991149902,0
2023-08-04 05:00:00+01:00,10.214529991149902,10.224180221557617,10.207599639892578,10.21947956085205,10.21947956085205,0
2023-08-04 06:00:00+01:00,10.219510078430176,10.2253999710083,10.209839820861816,10.215510368347168,10.215510368347168,0
2023-08-04 07:00:00+01:00,10.21498966217041,10.23490047454834,10.204480171203613,10.228469848632812,10.228469848632812,0
2023-08-04 08:00:00+01:00,10.228240013122559,10.241290092468262,10.219900131225586,10.222270011901855,10.222270011901855,0
2023-08-04 09:00:00+01:00,10.222270011901855,10.233670234680176,10.204899787902832,10.211589813232422,10.211589813232422,0
2023-08-04 10:00:00+01:00,10.211919784545898,10.225749969482422,10.197799682617188,10.209099769592285,10.209099769592285,0
2023-08-04 11:00:00+01:00,10.209059715270996,10.219880104064941,10.198670387268066,10.209039688110352,10.209039688110352,0
2023-08-04 12:00:00+01:00,10.208700180053711,10.231010437011719,10.207090377807617,10.21969985961914,10.21969985961914,0
2023-08-04 13:00:00+01:00,10.220829963684082,10.235710144042969,10.149009704589844,10.161720275878906,10.161720275878906,0
2023-08-04 14:00:00+01:00,10.160639762878418,10.163880348205566,10.095769882202148,10.126230239868164,10.126230239868164,0
2023-08-04 15:00:00+01:00,10.126029968261719,10.150239944458008,10.09924030303955,10.111080169677734,10.111080169677734,0
2023-08-04 16:00:00+01:00,10.111200332641602,10.124540328979492,10.091910362243652,10.101570129394531,10.101570129394531,0
2023-08-04 17:00:00+01:00,10.101479530334473,10.111459732055664,10.07645034790039,10.087599754333496,10.087599754333496,0
2023-08-04 18:00:00+01:00,10.089119911193848,10.105039596557617,10.08471965789795,10.100540161132812,10.100540161132812,0
2023-08-04 19:00:00+01:00,10.101810455322266,10.137479782104492,10.100540161132812,10.133099555969238,10.133099555969238,0
2023-08-04 20:00:00+01:00,10.133099555969238,10.140290260314941,10.129429817199707,10.137149810791016,10.137149810791016,0
2023-08-04 21:00:00+01:00,10.136910438537598,10.141209602355957,10.127679824829102,10.130849838256836,10.130849838256836,0
2023-08-07 00:00:00+01:00,10.136520385742188,10.14741039276123,10.133529663085938,10.13910961151123,10.13910961151123,0
2023-08-07 01:00:00+01:00,10.136870384216309,10.14109992980957,10.107500076293945,10.11454963684082,10.11454963684082,0
2023-08-07 02:00:00+01:00,10.11454963684082,10.143159866333008,10.111949920654297,10.128549575805664,10.128549575805664,0
2023-08-07 03:00:00+01:00,10.127470016479492,10.138050079345703,10.112500190734863,10.116129875183105,10.116129875183105,0
2023-08-07 04:00:00+01:00,10.116140365600586,10.134380340576172,10.112569808959961,10.128999710083008,10.128999710083008,0
2023-08-07 05:00:00+01:00,10.12891960144043,10.145050048828125,10.127570152282715,10.138629913330078,10.138629913330078,0
2023-08-07 06:00:00+01:00,10.138629913330078,10.156310081481934,10.128470420837402,10.136119842529297,10.136119842529297,0
2023-08-07 07:00:00+01:00,10.134810447692871,10.165040016174316,10.13329029083252,10.140219688415527,10.140219688415527,0
2023-08-07 08:00:00+01:00,10.141429901123047,10.160550117492676,10.121580123901367,10.139309883117676,10.139309883117676,0
2023-08-07 09:00:00+01:00,10.140569686889648,10.180540084838867,10.139510154724121,10.170960426330566,10.170960426330566,0
2023-08-07 10:00:00+01:00,10.169989585876465,10.190290451049805,10.16469955444336,10.17881965637207,10.17881965637207,0
2023-08-07 11:00:00+01:00,10.177969932556152,10.20125961303711,10.173330307006836,10.182430267333984,10.182430267333984,0
2023-08-07 12:00:00+01:00,10.181440353393555,10.189599990844727,10.14249038696289,10.149160385131836,10.149160385131836,0
2023-08-07 13:00:00+01:00,10.148200035095215,10.15878963470459,10.123900413513184,10.124520301818848,10.124520301818848,0
2023-08-07 14:00:00+01:00,10.124520301818848,10.161100387573242,10.114609718322754,10.1597900390625,10.1597900390625,0
2023-08-07 15:00:00+01:00,10.160380363464355,10.170929908752441,10.138520240783691,10.155050277709961,10.155050277709961,0
2023-08-07 16:00:00+01:00,10.15608024597168,10.172670364379883,10.15503978729248,10.162639617919922,10.162639617919922,0
2023-08-07 17:00:00+01:00,10.162859916687012,10.168100357055664,10.150659561157227,10.154520034790039,10.154520034790039,0
2023-08-07 18:00:00+01:00,10.153539657592773,10.161450386047363,10.142959594726562,10.147729873657227,10.147729873657227,0
2023-08-07 19:00:00+01:00,10.146880149841309,10.153610229492188,10.140990257263184,10.144969940185547,10.144969940185547,0
2023-08-07 20:00:00+01:00,10.14696979522705,10.151599884033203,10.139490127563477,10.146269798278809,10.146269798278809,0
2023-08-07 21:00:00+01:00,10.146260261535645,10.154009819030762,10.136799812316895,10.138279914855957,10.138279914855957,0
2023-08-07 22:00:00+01:00,10.136710166931152,10.137100219726562,10.129799842834473,10.135700225830078,10.135700225830078,0
2023-08-07 23:00:00+01:00,10.139399528503418,10.147520065307617,10.139399528503418,10.144969940185547,10.144969940185547,0
2023-08-08 00:00:00+01:00,10.144599914550781,10.153679847717285,10.140299797058105,10.144880294799805,10.144880294799805,0
2023-08-08 01:00:00+01:00,10.145170211791992,10.156720161437988,10.137399673461914,10.153200149536133,10.153200149536133,0
2023-08-08 02:00:00+01:00,10.153790473937988,10.189249992370605,10.152899742126465,10.188859939575195,10.188859939575195,0
2023-08-08 03:00:00+01:00,10.188859939575195,10.205780029296875,10.175169944763184,10.177000045776367,10.177000045776367,0
2023-08-08 04:00:00+01:00,10.179570198059082,10.192079544067383,10.17317008972168,10.191690444946289,10.191690444946289,0
2023-08-08 05:00:00+01:00,10.191659927368164,10.193829536437988,10.180660247802734,10.18157958984375,10.18157958984375,0
2023-08-08 06:00:00+01:00,10.18157958984375,10.18690013885498,10.173279762268066,10.18239974975586,10.18239974975586,0
2023-08-08 07:00:00+01:00,10.184929847717285,10.201800346374512,10.159879684448242,10.199259757995605,10.199259757995605,0
2023-08-08 08:00:00+01:00,10.20044994354248,10.234800338745117,10.182880401611328,10.229669570922852,10.229669570922852,0
2023-08-08 09:00:00+01:00,10.230489730834961,10.252189636230469,10.222240447998047,10.230520248413086,10.230520248413086,0
2023-08-08 10:00:00+01:00,10.230420112609863,10.270369529724121,10.225870132446289,10.264399528503418,10.264399528503418,0
2023-08-08 11:00:00+01:00,10.265170097351074,10.290149688720703,10.261119842529297,10.278209686279297,10.278209686279297,0
2023-08-08 12:00:00+01:00,10.27966022491455,10.308449745178223,10.275010108947754,10.306010246276855,10.306010246276855,0
2023-08-08 13:00:00+01:00,10.306010246276855,10.34241008758545,10.304590225219727,10.31941032409668,10.31941032409668,0
2023-08-08 14:00:00+01:00,10.319419860839844,10.342000007629395,10.294939994812012,10.329099655151367,10.329099655151367,0
2023-08-08 15:00:00+01:00,10.325130462646484,10.343090057373047,10.301409721374512,10.325599670410156,10.325599670410156,0
2023-08-08 16:00:00+01:00,10.32583999633789,10.331199645996094,10.274789810180664,10.295960426330566,10.295960426330566,0
2023-08-08 17:00:00+01:00,10.29596996307373,10.296589851379395,10.260100364685059,10.280659675598145,10.280659675598145,0
2023-08-08 18:00:00+01:00,10.28069019317627,10.28219985961914,10.258020401000977,10.26220989227295,10.26220989227295,0
2023-08-08 19:00:00+01:00,10.262200355529785,10.271949768066406,10.255009651184082,10.259300231933594,10.259300231933594,0
2023-08-08 20:00:00+01:00,10.258709907531738,10.268589973449707,10.254500389099121,10.263799667358398,10.263799667358398,0
2023-08-08 21:00:00+01:00,10.264519691467285,10.26626968383789,10.249460220336914,10.256730079650879,10.256730079650879,0
2023-08-08 22:00:00+01:00,10.26200008392334,10.26200008392334,10.26200008392334,10.26200008392334,10.26200008392334,0
2023-08-08 23:00:00+01:00,10.263819694519043,10.269000053405762,10.252880096435547,10.264570236206055,10.264570236206055,0
2023-08-09 00:00:00+01:00,10.264630317687988,10.282659530639648,10.25885009765625,10.265560150146484,10.265560150146484,0
2023-08-09 01:00:00+01:00,10.265239715576172,10.274040222167969,10.258620262145996,10.274040222167969,10.274040222167969,0
2023-08-09 02:00:00+01:00,10.273469924926758,10.278420448303223,10.25669002532959,10.266119956970215,10.266119956970215,0
2023-08-09 03:00:00+01:00,10.266280174255371,10.26891040802002,10.24983024597168,10.254019737243652,10.254019737243652,0
2023-08-09 04:00:00+01:00,10.254570007324219,10.256409645080566,10.241999626159668,10.254420280456543,10.254420280456543,0
2023-08-09 05:00:00+01:00,10.25436019897461,10.259880065917969,10.249340057373047,10.253040313720703,10.253040313720703,0
2023-08-09 06:00:00+01:00,10.253399848937988,10.254110336303711,10.23740005493164,10.248669624328613,10.248669624328613,0
2023-08-09 07:00:00+01:00,10.248080253601074,10.25574016571045,10.229689598083496,10.240309715270996,10.240309715270996,0
2023-08-09 08:00:00+01:00,10.238539695739746,10.24209976196289,10.190799713134766,10.192859649658203,10.192859649658203,0
2023-08-09 09:00:00+01:00,10.193829536437988,10.217470169067383,10.185580253601074,10.192859649658203,10.192859649658203,0
2023-08-09 10:00:00+01:00,10.192910194396973,10.203800201416016,10.182259559631348,10.198200225830078,10.198200225830078,0
2023-08-09 11:00:00+01:00,10.198180198669434,10.210359573364258,10.188400268554688,10.20186996459961,10.20186996459961,0
2023-08-09 12:00:00+01:00,10.202489852905273,10.219409942626953,10.1910400390625,10.21498966217041,10.21498966217041,0
2023-08-09 13:00:00+01:00,10.215510368347168,10.236800193786621,10.209360122680664,10.219630241394043,10.219630241394043,0
2023-08-09 14:00:00+01:00,10.2193603515625,10.222599983215332,10.19324016571045,10.20598030090332,10.20598030090332,0
2023-08-09 15:00:00+01:00,10.205419540405273,10.22836971282959,10.182510375976562,10.212050437927246,10.212050437927246,0
2023-08-09 16:00:00+01:00,10.21306037902832,10.233309745788574,10.20398998260498,10.22227954864502,10.22227954864502,0
2023-08-09 17:00:00+01:00,10.222780227661133,10.226189613342285,10.215370178222656,10.217100143432617,10.217100143432617,0
2023-08-09 18:00:00+01:00,10.217309951782227,10.218050003051758,10.192399978637695,10.206740379333496,10.206740379333496,0
2023-08-09 19:00:00+01:00,10.206729888916016,10.211770057678223,10.196470260620117,10.20536994934082,10.20536994934082,0
2023-08-09 20:00:00+01:00,10.204259872436523,10.207779884338379,10.188220024108887,10.20265007019043,10.20265007019043,0
2023-08-09 21:00:00+01:00,10.202770233154297,10.207610130310059,10.1908597946167,10.198559761047363,10.198559761047363,0
2023-08-09 22:00:00+01:00,10.198769569396973,10.201000213623047,10.194700241088867,10.200699806213379,10.200699806213379,0
2023-08-09 23:00:00+01:00,10.206000328063965,10.206000328063965,10.191780090332031,10.193750381469727,10.193750381469727,0
2023-08-10 00:00:00+01:00,10.196479797363281,10.203200340270996,10.192489624023438,10.1970796585083,10.1970796585083,0
2023-08-10 01:00:00+01:00,10.197609901428223,10.212599754333496,10.193180084228516,10.19612979888916,10.19612979888916,0
2023-08-10 02:00:00+01:00,10.196929931640625,10.207900047302246,10.1943998336792,10.202110290527344,10.202110290527344,0
2023-08-10 03:00:00+01:00,10.201709747314453,10.21226978302002,10.194899559020996,10.19909954071045,10.19909954071045,0
2023-08-10 04:00:00+01:00,10.19927978515625,10.207590103149414,10.196100234985352,10.201979637145996,10.201979637145996,0
2023-08-10 05:00:00+01:00,10.20248031616211,10.206839561462402,10.191670417785645,10.206009864807129,10.206009864807129,0
2023-08-10 06:00:00+01:00,10.204689979553223,10.20637035369873,10.182479858398438,10.195839881896973,10.195839881896973,0
2023-08-10 07:00:00+01:00,10.211939811706543,10.24297046661377,10.164369583129883,10.181320190429688,10.181320190429688,0
2023-08-10 08:00:00+01:00,10.180999755859375,10.193400382995605,10.159819602966309,10.182860374450684,10.182860374450684,0
2023-08-10 09:00:00+01:00,10.182860374450684,10.19789981842041,10.1658296585083,10.185999870300293,10.185999870300293,0
2023-08-10 10:00:00+01:00,10.18610954284668,10.195099830627441,10.175880432128906,10.179889678955078,10.179889678955078,0
2023-08-10 11:00:00+01:00,10.179579734802246,10.184670448303223,10.161640167236328,10.162759780883789,10.162759780883789,0
2023-08-10 12:00:00+01:00,10.163570404052734,10.166359901428223,10.141169548034668,10.15071964263916,10.15071964263916,0
2023-08-10 13:00:00+01:00,10.150480270385742,10.170149803161621,10.081159591674805,10.12578010559082,10.12578010559082,0
2023-08-10 14:00:00+01:00,10.127120018005371,10.175390243530273,10.119000434875488,10.14583969116211,10.14583969116211,0
2023-08-10 15:00:00+01:00,10.145350456237793,10.218250274658203,10.139659881591797,10.209400177001953,10.209400177001953,0
2023-08-10 16:00:00+01:00,10.209380149841309,10.238869667053223,10.206620216369629,10.227450370788574,10.227450370788574,0
2023-08-10 17:00:00+01:00,10.22758960723877,10.250929832458496,10.223990440368652,10.246100425720215,10.246100425720215,0
2023-08-10 18:00:00+01:00,10.246100425720215,10.306790351867676,10.239100456237793,10.30093002319336,10.30093002319336,0
2023-08-10 19:00:00+01:00,10.300379753112793,10.302000045776367,10.277170181274414,10.277939796447754,10.277939796447754,0
2023-08-10 20:00:00+01:00,10.277270317077637,10.302639961242676,10.275300025939941,10.30012035369873,10.30012035369873,0
2023-08-10 21:00:00+01:00,10.30109977722168,10.325860023498535,10.299139976501465,10.31937026977539,10.31937026977539,0
2023-08-10 22:00:00+01:00,10.31937026977539,10.32349967956543,10.304550170898438,10.310440063476562,10.310440063476562,0
2023-08-10 23:00:00+01:00,10.306360244750977,10.318679809570312,10.303239822387695,10.305020332336426,10.305020332336426,0
2023-08-11 00:00:00+01:00,10.307149887084961,10.31365966796875,10.301179885864258,10.312569618225098,10.312569618225098,0
2023-08-11 01:00:00+01:00,10.312620162963867,10.314979553222656,10.303600311279297,10.305959701538086,10.305959701538086,0
2023-08-11 02:00:00+01:00,10.305970191955566,10.310979843139648,10.300359725952148,10.307900428771973,10.307900428771973,0
2023-08-11 03:00:00+01:00,10.308099746704102,10.322509765625,10.303199768066406,10.319109916687012,10.319109916687012,0
2023-08-11 04:00:00+01:00,10.319109916687012,10.32094955444336,10.300559997558594,10.314240455627441,10.314240455627441,0
2023-08-11 05:00:00+01:00,10.314680099487305,10.322480201721191,10.306170463562012,10.314240455627441,10.314240455627441,0
2023-08-11 06:00:00+01:00,10.314020156860352,10.323320388793945,10.30525016784668,10.307290077209473,10.307290077209473,0
2023-08-11 07:00:00+01:00,10.307350158691406,10.348930358886719,10.298800468444824,10.348360061645508,10.348360061645508,0
2023-08-11 08:00:00+01:00,10.348790168762207,10.350500106811523,10.318479537963867,10.332659721374512,10.332659721374512,0
2023-08-11 09:00:00+01:00,10.333009719848633,10.36178970336914,10.324359893798828,10.34179973602295,10.34179973602295,0
2023-08-11 10:00:00+01:00,10.34179973602295,10.392640113830566,10.341119766235352,10.391289710998535,10.391289710998535,0
2023-08-11 11:00:00+01:00,10.390339851379395,10.399979591369629,10.38131046295166,10.383330345153809,10.383330345153809,0
2023-08-11 12:00:00+01:00,10.384969711303711,10.387009620666504,10.354399681091309,10.373299598693848,10.373299598693848,0
2023-08-11 13:00:00+01:00,10.373120307922363,10.448280334472656,10.366990089416504,10.445489883422852,10.445489883422852,0
2023-08-11 14:00:00+01:00,10.445679664611816,10.473170280456543,10.425919532775879,10.4375,10.4375,0
2023-08-11 15:00:00+01:00,10.434309959411621,10.4375,10.378459930419922,10.405289649963379,10.405289649963379,0
2023-08-11 16:00:00+01:00,10.405240058898926,10.447509765625,10.397769927978516,10.421879768371582,10.421879768371582,0
2023-08-11 17:00:00+01:00,10.42261028289795,10.426810264587402,10.404899597167969,10.424019813537598,10.424019813537598,0
2023-08-11 18:00:00+01:00,10.424880027770996,10.438199996948242,10.416839599609375,10.430509567260742,10.430509567260742,0
2023-08-11 19:00:00+01:00,10.431929588317871,10.433839797973633,10.414520263671875,10.421870231628418,10.421870231628418,0
2023-08-11 20:00:00+01:00,10.421859741210938,10.43494987487793,10.41666030883789,10.42294979095459,10.42294979095459,0
2023-08-11 21:00:00+01:00,10.424090385437012,10.427689552307129,10.414509773254395,10.419599533081055,10.419599533081055,0
2023-08-14 00:00:00+01:00,10.427399635314941,10.43097972869873,10.414600372314453,10.430859565734863,10.430859565734863,0
2023-08-14 01:00:00+01:00,10.430859565734863,10.437569618225098,10.420949935913086,10.435879707336426,10.435879707336426,0
2023-08-14 02:00:00+01:00,10.435879707336426,10.459770202636719,10.431489944458008,10.448989868164062,10.448989868164062,0
2023-08-14 03:00:00+01:00,10.448989868164062,10.464839935302734,10.439220428466797,10.461030006408691,10.461030006408691,0
2023-08-14 04:00:00+01:00,10.460989952087402,10.471429824829102,10.456600189208984,10.458990097045898,10.458990097045898,0
2023-08-14 05:00:00+01:00,10.458849906921387,10.461799621582031,10.448960304260254,10.454010009765625,10.454010009765625,0
2023-08-14 06:00:00+01:00,10.453840255737305,10.466010093688965,10.450610160827637,10.456399917602539,10.456399917602539,0
2023-08-14 07:00:00+01:00,10.456230163574219,10.480899810791016,10.447859764099121,10.473919868469238,10.473919868469238,0
2023-08-14 08:00:00+01:00,10.474180221557617,10.482819557189941,10.441740036010742,10.44474983215332,10.44474983215332,0
2023-08-14 09:00:00+01:00,10.444080352783203,10.449119567871094,10.425140380859375,10.448470115661621,10.448470115661621,0
2023-08-14 10:00:00+01:00,10.447609901428223,10.454079627990723,10.424059867858887,10.428970336914062,10.428970336914062,0
2023-08-14 11:00:00+01:00,10.430299758911133,10.441129684448242,10.420610427856445,10.428790092468262,10.428790092468262,0
2023-08-14 12:00:00+01:00,10.428899765014648,10.443639755249023,10.428460121154785,10.441900253295898,10.441900253295898,0
2023-08-14 13:00:00+01:00,10.440409660339355,10.503009796142578,10.440119743347168,10.488019943237305,10.488019943237305,0
2023-08-14 14:00:00+01:00,10.487970352172852,10.539759635925293,10.478280067443848,10.517470359802246,10.517470359802246,0
2023-08-14 15:00:00+01:00,10.516240119934082,10.519049644470215,10.45460033416748,10.47251033782959,10.47251033782959,0
2023-08-14 16:00:00+01:00,10.472709655761719,10.488280296325684,10.45145034790039,10.454950332641602,10.454950332641602,0
2023-08-14 17:00:00+01:00,10.454400062561035,10.459529876708984,10.43550968170166,10.44972038269043,10.44972038269043,0
2023-08-14 18:00:00+01:00,10.448699951171875,10.464170455932617,10.446720123291016,10.46051025390625,10.46051025390625,0
2023-08-14 19:00:00+01:00,10.460709571838379,10.484600067138672,10.45617961883545,10.475460052490234,10.475460052490234,0
2023-08-14 20:00:00+01:00,10.474559783935547,10.478910446166992,10.463000297546387,10.47488021850586,10.47488021850586,0
2023-08-14 21:00:00+01:00,10.475370407104492,10.483630180358887,10.467320442199707,10.476860046386719,10.476860046386719,0
2023-08-14 22:00:00+01:00,10.47052001953125,10.476460456848145,10.47052001953125,10.476059913635254,10.476059913635254,0
2023-08-14 23:00:00+01:00,10.479009628295898,10.485799789428711,10.467470169067383,10.469320297241211,10.469320297241211,0
2023-08-15 00:00:00+01:00,10.469149589538574,10.486359596252441,10.468079566955566,10.47739028930664,10.47739028930664,0
2023-08-15 01:00:00+01:00,10.47739028930664,10.491979598999023,10.472700119018555,10.482330322265625,10.482330322265625,0
2023-08-15 02:00:00+01:00,10.482529640197754,10.496439933776855,10.469650268554688,10.47523021697998,10.47523021697998,0
2023-08-15 03:00:00+01:00,10.473799705505371,10.485400199890137,10.466400146484375,10.46934986114502,10.46934986114502,0
2023-08-15 04:00:00+01:00,10.469240188598633,10.470020294189453,10.448800086975098,10.45337963104248,10.45337963104248,0
2023-08-15 05:00:00+01:00,10.45337963104248,10.462730407714844,10.451600074768066,10.460599899291992,10.460599899291992,0
2023-08-15 06:00:00+01:00,10.460020065307617,10.474349975585938,10.443940162658691,10.455180168151855,10.455180168151855,0
2023-08-15 07:00:00+01:00,10.455180168151855,10.480719566345215,10.439160346984863,10.475970268249512,10.475970268249512,0
2023-08-15 08:00:00+01:00,10.475899696350098,10.513680458068848,10.449810028076172,10.509329795837402,10.509329795837402,0
2023-08-15 09:00:00+01:00,10.509499549865723,10.52079963684082,10.481980323791504,10.486590385437012,10.486590385437012,0
2023-08-15 10:00:00+01:00,10.477899551391602,10.508749961853027,10.464799880981445,10.470720291137695,10.470720291137695,0
2023-08-15 11:00:00+01:00,10.469599723815918,10.498470306396484,10.46362018585205,10.489319801330566,10.489319801330566,0
2023-08-15 12:00:00+01:00,10.489509582519531,10.503060340881348,10.475359916687012,10.496959686279297,10.496959686279297,0
2023-08-15 13:00:00+01:00,10.496809959411621,10.52299976348877,10.467040061950684,10.485639572143555,10.485639572143555,0
2023-08-15 14:00:00+01:00,10.486559867858887,10.497389793395996,10.441650390625,10.480469703674316,10.480469703674316,0
2023-08-15 15:00:00+01:00,10.479479789733887,10.515359878540039,10.472860336303711,10.485560417175293,10.485560417175293,0
2023-08-15 16:00:00+01:00,10.486519813537598,10.504130363464355,10.477669715881348,10.495220184326172,10.495220184326172,0
2023-08-15 17:00:00+01:00,10.495059967041016,10.5172700881958,10.492199897766113,10.510270118713379,10.510270118713379,0
2023-08-15 18:00:00+01:00,10.510270118713379,10.515089988708496,10.502420425415039,10.511969566345215,10.511969566345215,0
2023-08-15 19:00:00+01:00,10.512490272521973,10.527159690856934,10.507969856262207,10.52206039428711,10.52206039428711,0
2023-08-15 20:00:00+01:00,10.522689819335938,10.54088020324707,10.519169807434082,10.533169746398926,10.533169746398926,0
2023-08-15 21:00:00+01:00,10.532910346984863,10.53969955444336,10.525819778442383,10.525819778442383,10.525819778442383,0
2023-08-15 22:00:00+01:00,10.525819778442383,10.525819778442383,10.512200355529785,10.512800216674805,10.512800216674805,0
2023-08-15 23:00:00+01:00,10.528779983520508,10.531999588012695,10.520600318908691,10.529820442199707,10.529820442199707,0
2023-08-16 00:00:00+01:00,10.529470443725586,10.539509773254395,10.527079582214355,10.52888011932373,10.52888011932373,0
2023-08-16 01:00:00+01:00,10.528670310974121,10.541279792785645,10.526900291442871,10.53322982788086,10.53322982788086,0
2023-08-16 02:00:00+01:00,10.533300399780273,10.547800064086914,10.520500183105469,10.527159690856934,10.527159690856934,0
2023-08-16 03:00:00+01:00,10.527159690856934,10.532529830932617,10.52239990234375,10.53207015991211,10.53207015991211,0
2023-08-16 04:00:00+01:00,10.531959533691406,10.532179832458496,10.521900177001953,10.529370307922363,10.529370307922363,0
2023-08-16 05:00:00+01:00,10.529450416564941,10.534890174865723,10.522600173950195,10.525179862976074,10.525179862976074,0
2023-08-16 06:00:00+01:00,10.524880409240723,10.527799606323242,10.509900093078613,10.5143404006958,10.5143404006958,0
2023-08-16 07:00:00+01:00,10.51476001739502,10.524809837341309,10.481730461120605,10.515279769897461,10.515279769897461,0
2023-08-16 08:00:00+01:00,10.513299942016602,10.515430450439453,10.468839645385742,10.48528003692627,10.48528003692627,0
2023-08-16 09:00:00+01:00,10.485289573669434,10.502530097961426,10.470840454101562,10.502530097961426,10.502530097961426,0
2023-08-16 10:00:00+01:00,10.501310348510742,10.515060424804688,10.489339828491211,10.499059677124023,10.499059677124023,0
2023-08-16 11:00:00+01:00,10.498900413513184,10.513449668884277,10.487299919128418,10.501799583435059,10.501799583435059,0
2023-08-16 12:00:00+01:00,10.50115966796875,10.517000198364258,10.492759704589844,10.499500274658203,10.499500274658203,0
2023-08-16 13:00:00+01:00,10.498800277709961,10.538299560546875,10.4856595993042,10.537360191345215,10.537360191345215,0
2023-08-16 14:00:00+01:00,10.537369728088379,10.542510032653809,10.50294017791748,10.53141975402832,10.53141975402832,0
2023-08-16 15:00:00+01:00,10.531089782714844,10.560609817504883,10.514909744262695,10.554200172424316,10.554200172424316,0
2023-08-16 16:00:00+01:00,10.555060386657715,10.56270980834961,10.53557014465332,10.560709953308105,10.560709953308105,0
2023-08-16 17:00:00+01:00,10.560199737548828,10.606769561767578,10.556079864501953,10.598859786987305,10.598859786987305,0
2023-08-16 18:00:00+01:00,10.60000991821289,10.613869667053223,10.592610359191895,10.594059944152832,10.594059944152832,0
2023-08-16 19:00:00+01:00,10.593649864196777,10.617079734802246,10.5797700881958,10.606670379638672,10.606670379638672,0
2023-08-16 20:00:00+01:00,10.606880187988281,10.640910148620605,10.605999946594238,10.620710372924805,10.620710372924805,0
2023-08-16 21:00:00+01:00,10.6210298538208,10.621500015258789,10.599699974060059,10.610099792480469,10.610099792480469,0
2023-08-16 22:00:00+01:00,10.610099792480469,10.610099792480469,10.598959922790527,10.603560447692871,10.603560447692871,0
2023-08-16 23:00:00+01:00,10.602519989013672,10.60735034942627,10.600970268249512,10.606820106506348,10.606820106506348,0
2023-08-17 00:00:00+01:00,10.606849670410156,10.619290351867676,10.601300239562988,10.615360260009766,10.615360260009766,0
2023-08-17 01:00:00+01:00,10.613840103149414,10.63759994506836,10.61359977722168,10.633580207824707,10.633580207824707,0
2023-08-17 02:00:00+01:00,10.633569717407227,10.67372989654541,10.626660346984863,10.650710105895996,10.650710105895996,0
2023-08-17 03:00:00+01:00,10.65050983428955,10.650879859924316,10.63346004486084,10.638970375061035,10.638970375061035,0
2023-08-17 04:00:00+01:00,10.638899803161621,10.644689559936523,10.631950378417969,10.63994026184082,10.63994026184082,0
2023-08-17 05:00:00+01:00,10.640170097351074,10.642829895019531,10.628999710083008,10.63428020477295,10.63428020477295,0
2023-08-17 06:00:00+01:00,10.63428020477295,10.64210033416748,10.627900123596191,10.632169723510742,10.632169723510742,0
2023-08-17 07:00:00+01:00,10.633230209350586,10.637149810791016,10.587800025939941,10.589570045471191,10.589570045471191,0
2023-08-17 08:00:00+01:00,10.590459823608398,10.606679916381836,10.58318042755127,10.59302043914795,10.59302043914795,0
2023-08-17 09:00:00+01:00,10.591850280761719,10.617899894714355,10.56470012664795,10.613120079040527,10.613120079040527,0
2023-08-17 10:00:00+01:00,10.61365032196045,10.640359878540039,10.611579895019531,10.61460018157959,10.61460018157959,0
2023-08-17 11:00:00+01:00,10.614640235900879,10.615870475769043,10.562350273132324,10.56820011138916,10.56820011138916,0
2023-08-17 12:00:00+01:00,10.568070411682129,10.577960014343262,10.549659729003906,10.551719665527344,10.551719665527344,0
2023-08-17 13:00:00+01:00,10.551770210266113,10.557450294494629,10.516679763793945,10.539770126342773,10.539770126342773,0
2023-08-17 14:00:00+01:00,10.539759635925293,10.552909851074219,10.523699760437012,10.547719955444336,10.547719955444336,0
2023-08-17 15:00:00+01:00,10.547220230102539,10.576470375061035,10.54088020324707,10.557760238647461,10.557760238647461,0
2023-08-17 16:00:00+01:00,10.558899879455566,10.583620071411133,10.55012035369873,10.569910049438477,10.569910049438477,0
2023-08-17 17:00:00+01:00,10.568929672241211,10.577899932861328,10.551389694213867,10.568349838256836,10.568349838256836,0
2023-08-17 18:00:00+01:00,10.567350387573242,10.603099822998047,10.56663990020752,10.594969749450684,10.594969749450684,0
2023-08-17 19:00:00+01:00,10.595049858093262,10.606269836425781,10.593770027160645,10.602519989013672,10.602519989013672,0
2023-08-17 20:00:00+01:00,10.602479934692383,10.605669975280762,10.588419914245605,10.594369888305664,10.594369888305664,0
2023-08-17 21:00:00+01:00,10.594610214233398,10.598409652709961,10.576959609985352,10.584460258483887,10.584460258483887,0
2023-08-17 23:00:00+01:00,10.591230392456055,10.593850135803223,10.585539817810059,10.58810043334961,10.58810043334961,0
2023-08-18 00:00:00+01:00,10.588509559631348,10.592399597167969,10.575300216674805,10.582630157470703,10.582630157470703,0
2023-08-18 01:00:00+01:00,10.582670211791992,10.593779563903809,10.565600395202637,10.571279525756836,10.571279525756836,0
2023-08-18 02:00:00+01:00,10.571279525756836,10.576020240783691,10.555700302124023,10.559120178222656,10.559120178222656,0
2023-08-18 03:00:00+01:00,10.559120178222656,10.565950393676758,10.537699699401855,10.560999870300293,10.560999870300293,0
2023-08-18 04:00:00+01:00,10.562899589538574,10.57664966583252,10.558059692382812,10.562740325927734,10.562740325927734,0
2023-08-18 05:00:00+01:00,10.561599731445312,10.581000328063965,10.558170318603516,10.575639724731445,10.575639724731445,0
2023-08-18 06:00:00+01:00,10.575369834899902,10.587550163269043,10.56305980682373,10.571590423583984,10.571590423583984,0
2023-08-18 07:00:00+01:00,10.570079803466797,10.588629722595215,10.563899993896484,10.588359832763672,10.588359832763672,0
2023-08-18 08:00:00+01:00,10.588330268859863,10.619429588317871,10.583939552307129,10.604430198669434,10.604430198669434,0
2023-08-18 09:00:00+01:00,10.603400230407715,10.62302017211914,10.584620475769043,10.615659713745117,10.615659713745117,0
2023-08-18 10:00:00+01:00,10.614919662475586,10.647680282592773,10.613160133361816,10.621569633483887,10.621569633483887,0
2023-08-18 11:00:00+01:00,10.623220443725586,10.627490043640137,10.603639602661133,10.616729736328125,10.616729736328125,0
2023-08-18 12:00:00+01:00,10.616299629211426,10.654000282287598,10.613180160522461,10.651419639587402,10.651419639587402,0
2023-08-18 13:00:00+01:00,10.650779724121094,10.677419662475586,10.648590087890625,10.668970108032227,10.668970108032227,0
2023-08-18 14:00:00+01:00,10.668899536132812,10.674200057983398,10.633990287780762,10.641719818115234,10.641719818115234,0
2023-08-18 15:00:00+01:00,10.64268970489502,10.654809951782227,10.62600040435791,10.653779983520508,10.653779983520508,0
2023-08-18 16:00:00+01:00,10.654890060424805,10.663640022277832,10.62755012512207,10.631019592285156,10.631019592285156,0
2023-08-18 17:00:00+01:00,10.631119728088379,10.634550094604492,10.619070053100586,10.621729850769043,10.621729850769043,0
2023-08-18 18:00:00+01:00,10.622770309448242,10.6260404586792,10.608559608459473,10.621580123901367,10.621580123901367,0
2023-08-18 19:00:00+01:00,10.621529579162598,10.63621997833252,10.619660377502441,10.629440307617188,10.629440307617188,0
2023-08-18 20:00:00+01:00,10.630459785461426,10.644009590148926,10.629150390625,10.641280174255371,10.641280174255371,0
2023-08-18 21:00:00+01:00,10.641180038452148,10.649259567260742,10.633700370788574,10.639200210571289,10.639200210571289,0
2023-08-21 00:00:00+01:00,10.637519836425781,10.647500038146973,10.625349998474121,10.640290260314941,10.640290260314941,0
2023-08-21 01:00:00+01:00,10.640279769897461,10.6456298828125,10.628800392150879,10.634160041809082,10.634160041809082,0
2023-08-21 02:00:00+01:00,10.634380340576172,10.659770011901855,10.632699966430664,10.64507007598877,10.64507007598877,0
2023-08-21 03:00:00+01:00,10.647939682006836,10.654379844665527,10.62736988067627,10.635430335998535,10.635430335998535,0
2023-08-21 04:00:00+01:00,10.635430335998535,10.643830299377441,10.629480361938477,10.6354398727417,10.6354398727417,0
2023-08-21 05:00:00+01:00,10.6354398727417,10.640080451965332,10.629400253295898,10.632089614868164,10.632089614868164,0
2023-08-21 06:00:00+01:00,10.632719993591309,10.639739990234375,10.626119613647461,10.636690139770508,10.636690139770508,0
2023-08-21 07:00:00+01:00,10.636870384216309,10.654239654541016,10.627120018005371,10.6531400680542,10.6531400680542,0
2023-08-21 08:00:00+01:00,10.654250144958496,10.655400276184082,10.588740348815918,10.60066032409668,10.60066032409668,0
2023-08-21 09:00:00+01:00,10.601200103759766,10.623350143432617,10.60066032409668,10.611749649047852,10.611749649047852,0
2023-08-21 10:00:00+01:00,10.611749649047852,10.612649917602539,10.577859878540039,10.58080005645752,10.58080005645752,0
2023-08-21 11:00:00+01:00,10.58080005645752,10.604940414428711,10.578009605407715,10.588290214538574,10.588290214538574,0
2023-08-21 12:00:00+01:00,10.587389945983887,10.593500137329102,10.549819946289062,10.558429718017578,10.558429718017578,0
2023-08-21 13:00:00+01:00,10.558639526367188,10.581159591674805,10.550060272216797,10.578269958496094,10.578269958496094,0
2023-08-21 14:00:00+01:00,10.578180313110352,10.624870300292969,10.577159881591797,10.610039710998535,10.610039710998535,0
2023-08-21 15:00:00+01:00,10.611140251159668,10.645950317382812,10.605600357055664,10.628290176391602,10.628290176391602,0
2023-08-21 16:00:00+01:00,10.628820419311523,10.636590003967285,10.623290061950684,10.626799583435059,10.626799583435059,0
2023-08-21 17:00:00+01:00,10.627120018005371,10.628089904785156,10.610289573669434,10.614450454711914,10.614450454711914,0
2023-08-21 18:00:00+01:00,10.613439559936523,10.624699592590332,10.611780166625977,10.616820335388184,10.616820335388184,0
2023-08-21 19:00:00+01:00,10.617790222167969,10.619799613952637,10.60789966583252,10.608160018920898,10.608160018920898,0
2023-08-21 20:00:00+01:00,10.608160018920898,10.611869812011719,10.600460052490234,10.608309745788574,10.608309745788574,0
2023-08-21 21:00:00+01:00,10.60830020904541,10.621939659118652,10.605469703674316,10.606249809265137,10.606249809265137,0
2023-08-21 22:00:00+01:00,10.595629692077637,10.596529960632324,10.594400405883789,10.59652042388916,10.59652042388916,0
2023-08-21 23:00:00+01:00,10.609299659729004,10.61400032043457,10.603830337524414,10.610150337219238,10.610150337219238,0
2023-08-22 00:00:00+01:00,10.61007022857666,10.618379592895508,10.600179672241211,10.616990089416504,10.616990089416504,0
2023-08-22 01:00:00+01:00,10.617090225219727,10.62304973602295,10.607580184936523,10.609189987182617,10.609189987182617,0
2023-08-22 02:00:00+01:00,10.609580039978027,10.618399620056152,10.591959953308105,10.602080345153809,10.602080345153809,0
2023-08-22 03:00:00+01:00,10.601449966430664,10.606800079345703,10.590499877929688,10.605660438537598,10.605660438537598,0
2023-08-22 04:00:00+01:00,10.606100082397461,10.608699798583984,10.587149620056152,10.596070289611816,10.596070289611816,0
2023-08-22 05:00:00+01:00,10.59607982635498,10.602890014648438,10.587200164794922,10.600720405578613,10.600720405578613,0
2023-08-22 06:00:00+01:00,10.60105037689209,10.616220474243164,10.585599899291992,10.602259635925293,10.602259635925293,0
2023-08-22 07:00:00+01:00,10.594949722290039,10.646380424499512,10.556440353393555,10.576979637145996,10.576979637145996,0
2023-08-22 08:00:00+01:00,10.576979637145996,10.578140258789062,10.559590339660645,10.570280075073242,10.570280075073242,0
2023-08-22 09:00:00+01:00,10.569660186767578,10.599849700927734,10.567049980163574,10.59237003326416,10.59237003326416,0
2023-08-22 10:00:00+01:00,10.592340469360352,10.602020263671875,10.564800262451172,10.566200256347656,10.566200256347656,0
2023-08-22 11:00:00+01:00,10.567009925842285,10.596389770507812,10.55916976928711,10.582630157470703,10.582630157470703,0
2023-08-22 12:00:00+01:00,10.583510398864746,10.601400375366211,10.572839736938477,10.577699661254883,10.577699661254883,0
2023-08-22 13:00:00+01:00,10.57861042022705,10.619669914245605,10.56935977935791,10.619429588317871,10.619429588317871,0
2023-08-22 14:00:00+01:00,10.619070053100586,10.656900405883789,10.603400230407715,10.647870063781738,10.647870063781738,0
2023-08-22 15:00:00+01:00,10.645520210266113,10.6525297164917,10.615180015563965,10.62483024597168,10.62483024597168,0
2023-08-22 16:00:00+01:00,10.624870300292969,10.637880325317383,10.617770195007324,10.632659912109375,10.632659912109375,0
2023-08-22 17:00:00+01:00,10.632880210876465,10.63383960723877,10.621560096740723,10.624810218811035,10.624810218811035,0
2023-08-22 18:00:00+01:00,10.62479019165039,10.63306999206543,10.621820449829102,10.628439903259277,10.628439903259277,0
2023-08-22 19:00:00+01:00,10.629859924316406,10.634499549865723,10.622900009155273,10.62654972076416,10.62654972076416,0
2023-08-22 20:00:00+01:00,10.62555980682373,10.635109901428223,10.618829727172852,10.623769760131836,10.623769760131836,0
2023-08-22 21:00:00+01:00,10.624910354614258,10.628950119018555,10.60807991027832,10.613459587097168,10.613459587097168,0
2023-08-22 22:00:00+01:00,10.613570213317871,10.625459671020508,10.613570213317871,10.625459671020508,10.625459671020508,0
2023-08-22 23:00:00+01:00,10.625459671020508,10.631360054016113,10.616479873657227,10.622960090637207,10.622960090637207,0
2023-08-23 00:00:00+01:00,10.623649597167969,10.62816047668457,10.618840217590332,10.625280380249023,10.625280380249023,0
2023-08-23 01:00:00+01:00,10.625289916992188,10.625829696655273,10.60789966583252,10.616399765014648,10.616399765014648,0
2023-08-23 02:00:00+01:00,10.616479873657227,10.62051010131836,10.589900016784668,10.60200023651123,10.60200023651123,0
2023-08-23 03:00:00+01:00,10.603190422058105,10.611149787902832,10.591580390930176,10.59689998626709,10.59689998626709,0
2023-08-23 04:00:00+01:00,10.59689998626709,10.611530303955078,10.5912504196167,10.597610473632812,10.597610473632812,0
2023-08-23 05:00:00+01:00,10.59708023071289,10.60398006439209,10.59280014038086,10.596019744873047,10.596019744873047,0
2023-08-23 06:00:00+01:00,10.596019744873047,10.608599662780762,10.589799880981445,10.599189758300781,10.599189758300781,0
2023-08-23 07:00:00+01:00,10.599260330200195,10.634900093078613,10.598369598388672,10.61415958404541,10.61415958404541,0
2023-08-23 08:00:00+01:00,10.61415958404541,10.673020362854004,10.6114501953125,10.645870208740234,10.645870208740234,0
2023-08-23 09:00:00+01:00,10.647520065307617,10.66565990447998,10.63821029663086,10.65369987487793,10.65369987487793,0
2023-08-23 10:00:00+01:00,10.654729843139648,10.70261001586914,10.652420043945312,10.699540138244629,10.699540138244629,0
2023-08-23 11:00:00+01:00,10.700530052185059,10.730999946594238,10.699299812316895,10.71426010131836,10.71426010131836,0
2023-08-23 12:00:00+01:00,10.715279579162598,10.719169616699219,10.686909675598145,10.693819999694824,10.693819999694824,0
2023-08-23 13:00:00+01:00,10.694589614868164,10.71444034576416,10.689990043640137,10.702919960021973,10.702919960021973,0
2023-08-23 14:00:00+01:00,10.703459739685059,10.708820343017578,10.643799781799316,10.64795970916748,10.64795970916748,0
2023-08-23 15:00:00+01:00,10.64756965637207,10.662710189819336,10.614259719848633,10.631199836730957,10.631199836730957,0
2023-08-23 16:00:00+01:00,10.63109016418457,10.633410453796387,10.599889755249023,10.606499671936035,10.606499671936035,0
2023-08-23 17:00:00+01:00,10.606769561767578,10.614509582519531,10.595029830932617,10.60103988647461,10.60103988647461,0
2023-08-23 18:00:00+01:00,10.602250099182129,10.604610443115234,10.578829765319824,10.594840049743652,10.594840049743652,0
2023-08-23 19:00:00+01:00,10.596010208129883,10.610440254211426,10.585709571838379,10.605130195617676,10.605130195617676,0
2023-08-23 20:00:00+01:00,10.604020118713379,10.60696029663086,10.587459564208984,10.594969749450684,10.594969749450684,0
2023-08-23 21:00:00+01:00,10.595800399780273,10.601349830627441,10.578900337219238,10.585200309753418,10.585200309753418,0
2023-08-23 22:00:00+01:00,10.585200309753418,10.589699745178223,10.583580017089844,10.589699745178223,10.589699745178223,0
2023-08-23 23:00:00+01:00,10.587679862976074,10.592260360717773,10.579299926757812,10.589340209960938,10.589340209960938,0
2023-08-24 00:00:00+01:00,10.589500427246094,10.595009803771973,10.587400436401367,10.588859558105469,10.588859558105469,0
2023-08-24 01:00:00+01:00,10.588859558105469,10.592619895935059,10.571860313415527,10.583250045776367,10.583250045776367,0
2023-08-24 02:00:00+01:00,10.583250045776367,10.603890419006348,10.576299667358398,10.59591007232666,10.59591007232666,0
2023-08-24 03:00:00+01:00,10.594799995422363,10.596790313720703,10.582799911499023,10.585960388183594,10.585960388183594,0
2023-08-24 04:00:00+01:00,10.5871000289917,10.589300155639648,10.56997013092041,10.576199531555176,10.576199531555176,0
2023-08-24 05:00:00+01:00,10.57798957824707,10.585200309753418,10.570599555969238,10.570599555969238,10.570599555969238,0
2023-08-24 06:00:00+01:00,10.570599555969238,10.592049598693848,10.564720153808594,10.588569641113281,10.588569641113281,0
2023-08-24 07:00:00+01:00,10.590310096740723,10.626029968261719,10.578280448913574,10.624650001525879,10.624650001525879,0
2023-08-24 08:00:00+01:00,10.624730110168457,10.65999984741211,10.61061954498291,10.658439636230469,10.658439636230469,0
2023-08-24 09:00:00+01:00,10.6591796875,10.66355037689209,10.638819694519043,10.647080421447754,10.647080421447754,0
2023-08-24 10:00:00+01:00,10.646100044250488,10.672320365905762,10.641480445861816,10.656920433044434,10.656920433044434,0
2023-08-24 11:00:00+01:00,10.656840324401855,10.663619995117188,10.635390281677246,10.643739700317383,10.643739700317383,0
2023-08-24 12:00:00+01:00,10.643630027770996,10.668120384216309,10.63502025604248,10.664770126342773,10.664770126342773,0
2023-08-24 13:00:00+01:00,10.666569709777832,10.712820053100586,10.646439552307129,10.699620246887207,10.699620246887207,0
2023-08-24 14:00:00+01:00,10.697569847106934,10.719289779663086,10.657890319824219,10.660300254821777,10.660300254821777,0
2023-08-24 15:00:00+01:00,10.660059928894043,10.686220169067383,10.652339935302734,10.68455982208252,10.68455982208252,0
2023-08-24 16:00:00+01:00,10.684550285339355,10.698579788208008,10.67551040649414,10.686699867248535,10.686699867248535,0
2023-08-24 17:00:00+01:00,10.687740325927734,10.69225025177002,10.674699783325195,10.682169914245605,10.682169914245605,0
2023-08-24 18:00:00+01:00,10.682169914245605,10.704609870910645,10.674880027770996,10.698269844055176,10.698269844055176,0
2023-08-24 19:00:00+01:00,10.697990417480469,10.705459594726562,10.687769889831543,10.701020240783691,10.701020240783691,0
2023-08-24 20:00:00+01:00,10.702079772949219,10.721739768981934,10.699569702148438,10.719840049743652,10.719840049743652,0
2023-08-24 21:00:00+01:00,10.719550132751465,10.722800254821777,10.70479965209961,10.71560001373291,10.71560001373291,0
2023-08-24 22:00:00+01:00,10.705849647521973,10.705849647521973,10.705849647521973,10.705849647521973,10.705849647521973,0
2023-08-24 23:00:00+01:00,10.709739685058594,10.715889930725098,10.70149040222168,10.710129737854004,10.710129737854004,0
2023-08-25 00:00:00+01:00,10.708589553833008,10.72959041595459,10.704339981079102,10.722599983215332,10.722599983215332,0
2023-08-25 01:00:00+01:00,10.725290298461914,10.728230476379395,10.711910247802734,10.727370262145996,10.727370262145996,0
2023-08-25 02:00:00+01:00,10.727239608764648,10.728690147399902,10.71957015991211,10.723679542541504,10.723679542541504,0
2023-08-25 03:00:00+01:00,10.724729537963867,10.738030433654785,10.722700119018555,10.736570358276367,10.736570358276367,0
2023-08-25 04:00:00+01:00,10.736760139465332,10.744580268859863,10.732799530029297,10.742569923400879,10.742569923400879,0
2023-08-25 05:00:00+01:00,10.742819786071777,10.74724006652832,10.735699653625488,10.738590240478516,10.738590240478516,0
2023-08-25 06:00:00+01:00,10.739080429077148,10.746000289916992,10.714699745178223,10.722640037536621,10.722640037536621,0
2023-08-25 07:00:00+01:00,10.722089767456055,10.746230125427246,10.718230247497559,10.740409851074219,10.740409851074219,0
2023-08-25 08:00:00+01:00,10.741239547729492,10.74176025390625,10.715789794921875,10.729450225830078,10.729450225830078,0
2023-08-25 09:00:00+01:00,10.728150367736816,10.740070343017578,10.704500198364258,10.709420204162598,10.709420204162598,0
2023-08-25 10:00:00+01:00,10.70895004272461,10.711090087890625,10.680120468139648,10.689820289611816,10.689820289611816,0
2023-08-25 11:00:00+01:00,10.690919876098633,10.691940307617188,10.656020164489746,10.65820026397705,10.65820026397705,0
2023-08-25 12:00:00+01:00,10.658760070800781,10.67251968383789,10.648340225219727,10.653459548950195,10.653459548950195,0
2023-08-25 13:00:00+01:00,10.654629707336426,10.663700103759766,10.643830299377441,10.655779838562012,10.655779838562012,0
2023-08-25 14:00:00+01:00,10.656769752502441,10.685720443725586,10.646380424499512,10.684320449829102,10.684320449829102,0
2023-08-25 15:00:00+01:00,10.684320449829102,10.73943042755127,10.611339569091797,10.733969688415527,10.733969688415527,0
2023-08-25 16:00:00+01:00,10.733039855957031,10.74446964263916,10.702549934387207,10.718589782714844,10.718589782714844,0
2023-08-25 17:00:00+01:00,10.718720436096191,10.71934986114502,10.691479682922363,10.702699661254883,10.702699661254883,0
2023-08-25 18:00:00+01:00,10.70205020904541,10.724360466003418,10.685460090637207,10.699780464172363,10.699780464172363,0
2023-08-25 19:00:00+01:00,10.699600219726562,10.701199531555176,10.664019584655762,10.676819801330566,10.676819801330566,0
2023-08-25 20:00:00+01:00,10.676819801330566,10.686869621276855,10.666970252990723,10.68202018737793,10.68202018737793,0
2023-08-25 21:00:00+01:00,10.68202018737793,10.698740005493164,10.679539680480957,10.688819885253906,10.688819885253906,0
2023-08-25 22:00:00+01:00,10.685850143432617,10.685850143432617,10.685850143432617,10.685850143432617,10.685850143432617,0
2023-08-28 00:00:00+01:00,10.684619903564453,10.701939582824707,10.670169830322266,10.67710018157959,10.67710018157959,0
2023-08-28 01:00:00+01:00,10.677300453186035,10.685589790344238,10.671819686889648,10.67765998840332,10.67765998840332,0
2023-08-28 02:00:00+01:00,10.67765998840332,10.682909965515137,10.650440216064453,10.682040214538574,10.682040214538574,0
2023-08-28 03:00:00+01:00,10.682040214538574,10.685359954833984,10.669659614562988,10.674519538879395,10.674519538879395,0
2023-08-28 04:00:00+01:00,10.674280166625977,10.689390182495117,10.673040390014648,10.683320045471191,10.683320045471191,0
2023-08-28 05:00:00+01:00,10.683320045471191,10.685500144958496,10.676199913024902,10.681599617004395,10.681599617004395,0
2023-08-28 06:00:00+01:00,10.680700302124023,10.684650421142578,10.66569995880127,10.672439575195312,10.672439575195312,0
2023-08-28 07:00:00+01:00,10.670680046081543,10.740309715270996,10.66176986694336,10.740300178527832,10.740300178527832,0
2023-08-28 08:00:00+01:00,10.738909721374512,10.751520156860352,10.715959548950195,10.737700462341309,10.737700462341309,0
2023-08-28 09:00:00+01:00,10.737600326538086,10.744020462036133,10.721449851989746,10.739060401916504,10.739060401916504,0
2023-08-28 10:00:00+01:00,10.740059852600098,10.740519523620605,10.708860397338867,10.711409568786621,10.711409568786621,0
2023-08-28 11:00:00+01:00,10.710639953613281,10.714300155639648,10.687800407409668,10.709019660949707,10.709019660949707,0
2023-08-28 12:00:00+01:00,10.709019660949707,10.716230392456055,10.69044017791748,10.705080032348633,10.705080032348633,0
2023-08-28 13:00:00+01:00,10.705100059509277,10.714200019836426,10.684869766235352,10.688549995422363,10.688549995422363,0
2023-08-28 14:00:00+01:00,10.688630104064941,10.706009864807129,10.674079895019531,10.681839942932129,10.681839942932129,0
2023-08-28 15:00:00+01:00,10.681960105895996,10.72268009185791,10.678979873657227,10.711910247802734,10.711910247802734,0
2023-08-28 16:00:00+01:00,10.71187973022461,10.73449993133545,10.709440231323242,10.719409942626953,10.719409942626953,0
2023-08-28 17:00:00+01:00,10.720009803771973,10.72677993774414,10.707460403442383,10.717860221862793,10.717860221862793,0
2023-08-28 18:00:00+01:00,10.718990325927734,10.731590270996094,10.713520050048828,10.726849555969238,10.726849555969238,0
2023-08-28 19:00:00+01:00,10.727680206298828,10.7321195602417,10.721650123596191,10.722820281982422,10.722820281982422,0
2023-08-28 20:00:00+01:00,10.722970008850098,10.728659629821777,10.707260131835938,10.71325969696045,10.71325969696045,0
2023-08-28 21:00:00+01:00,10.712360382080078,10.719510078430176,10.708970069885254,10.712260246276855,10.712260246276855,0
2023-08-28 22:00:00+01:00,10.713959693908691,10.714400291442871,10.707539558410645,10.714300155639648,10.714300155639648,0
2023-08-28 23:00:00+01:00,10.718899726867676,10.718899726867676,10.699560165405273,10.709199905395508,10.709199905395508,0
2023-08-29 00:00:00+01:00,10.704119682312012,10.717940330505371,10.698419570922852,10.711660385131836,10.711660385131836,0
2023-08-29 01:00:00+01:00,10.711669921875,10.717869758605957,10.701149940490723,10.714599609375,10.714599609375,0
2023-08-29 02:00:00+01:00,10.715069770812988,10.716320037841797,10.695500373840332,10.700160026550293,10.700160026550293,0
2023-08-29 03:00:00+01:00,10.700079917907715,10.701569557189941,10.688870429992676,10.691800117492676,10.691800117492676,0
2023-08-29 04:00:00+01:00,10.691360473632812,10.694780349731445,10.67805004119873,10.685460090637207,10.685460090637207,0
2023-08-29 05:00:00+01:00,10.684280395507812,10.6970796585083,10.683159828186035,10.69437026977539,10.69437026977539,0
2023-08-29 06:00:00+01:00,10.694279670715332,10.704549789428711,10.688699722290039,10.693739891052246,10.693739891052246,0
2023-08-29 07:00:00+01:00,10.692879676818848,10.699359893798828,10.673040390014648,10.697879791259766,10.697879791259766,0
2023-08-29 08:00:00+01:00,10.698840141296387,10.709259986877441,10.677359580993652,10.699040412902832,10.699040412902832,0
2023-08-29 09:00:00+01:00,10.699040412902832,10.704520225524902,10.686530113220215,10.701860427856445,10.701860427856445,0
2023-08-29 10:00:00+01:00,10.70065975189209,10.706600189208984,10.679019927978516,10.680419921875,10.680419921875,0
2023-08-29 11:00:00+01:00,10.681150436401367,10.69849967956543,10.67788028717041,10.695810317993164,10.695810317993164,0
2023-08-29 12:00:00+01:00,10.694979667663574,10.713529586791992,10.688579559326172,10.707759857177734,10.707759857177734,0
2023-08-29 13:00:00+01:00,10.708760261535645,10.735690116882324,10.696669578552246,10.721170425415039,10.721170425415039,0
2023-08-29 14:00:00+01:00,10.720569610595703,10.74308967590332,10.716580390930176,10.72085952758789,10.72085952758789,0
2023-08-29 15:00:00+01:00,10.721540451049805,10.722000122070312,10.655540466308594,10.675299644470215,10.675299644470215,0
2023-08-29 16:00:00+01:00,10.674220085144043,10.675350189208984,10.620530128479004,10.64661979675293,10.64661979675293,0
2023-08-29 17:00:00+01:00,10.645649909973145,10.649120330810547,10.617620468139648,10.624070167541504,10.624070167541504,0
2023-08-29 18:00:00+01:00,10.625129699707031,10.625129699707031,10.5906400680542,10.598919868469238,10.598919868469238,0
2023-08-29 19:00:00+01:00,10.599769592285156,10.61299991607666,10.59529972076416,10.597740173339844,10.597740173339844,0
2023-08-29 20:00:00+01:00,10.597740173339844,10.599699974060059,10.558480262756348,10.56991958618164,10.56991958618164,0
2023-08-29 21:00:00+01:00,10.571379661560059,10.57705020904541,10.563400268554688,10.573060035705566,10.573060035705566,0
2023-08-29 22:00:00+01:00,10.57096004486084,10.579850196838379,10.567310333251953,10.57252025604248,10.57252025604248,0
2023-08-29 23:00:00+01:00,10.574999809265137,10.579850196838379,10.563750267028809,10.566450119018555,10.566450119018555,0
2023-08-30 00:00:00+01:00,10.564620018005371,10.583720207214355,10.56134033203125,10.581500053405762,10.581500053405762,0
2023-08-30 01:00:00+01:00,10.583490371704102,10.58905029296875,10.57643985748291,10.584449768066406,10.584449768066406,0
2023-08-30 02:00:00+01:00,10.583000183105469,10.59302043914795,10.577340126037598,10.581219673156738,10.581219673156738,0
2023-08-30 03:00:00+01:00,10.581319808959961,10.586950302124023,10.576919555664062,10.5829496383667,10.5829496383667,0
2023-08-30 04:00:00+01:00,10.582929611206055,10.58845043182373,10.578499794006348,10.583600044250488,10.583600044250488,0
2023-08-30 05:00:00+01:00,10.581999778747559,10.590140342712402,10.580519676208496,10.58983039855957,10.58983039855957,0
2023-08-30 06:00:00+01:00,10.589159965515137,10.6045503616333,10.577099800109863,10.592069625854492,10.592069625854492,0
2023-08-30 07:00:00+01:00,10.592240333557129,10.60669994354248,10.580459594726562,10.604379653930664,10.604379653930664,0
2023-08-30 08:00:00+01:00,10.604379653930664,10.615880012512207,10.58987045288086,10.597379684448242,10.597379684448242,0
2023-08-30 09:00:00+01:00,10.597640037536621,10.629619598388672,10.596500396728516,10.616990089416504,10.616990089416504,0
2023-08-30 10:00:00+01:00,10.616990089416504,10.618399620056152,10.590180397033691,10.601539611816406,10.601539611816406,0
2023-08-30 11:00:00+01:00,10.601479530334473,10.607399940490723,10.590459823608398,10.59391975402832,10.59391975402832,0
2023-08-30 12:00:00+01:00,10.594759941101074,10.611370086669922,10.588120460510254,10.60851001739502,10.60851001739502,0
2023-08-30 13:00:00+01:00,10.60867977142334,10.61913013458252,10.533940315246582,10.551329612731934,10.551329612731934,0
2023-08-30 14:00:00+01:00,10.55128002166748,10.571100234985352,10.530369758605957,10.533570289611816,10.533570289611816,0
2023-08-30 15:00:00+01:00,10.533740043640137,10.572019577026367,10.520489692687988,10.557640075683594,10.557640075683594,0
2023-08-30 16:00:00+01:00,10.558730125427246,10.570599555969238,10.55154037475586,10.564820289611816,10.564820289611816,0
2023-08-30 17:00:00+01:00,10.565540313720703,10.591099739074707,10.564620018005371,10.581239700317383,10.581239700317383,0
2023-08-30 18:00:00+01:00,10.582770347595215,10.605119705200195,10.579999923706055,10.597020149230957,10.597020149230957,0
2023-08-30 19:00:00+01:00,10.597020149230957,10.606080055236816,10.58452033996582,10.58864974975586,10.58864974975586,0
2023-08-30 20:00:00+01:00,10.588279724121094,10.600190162658691,10.58236026763916,10.595219612121582,10.595219612121582,0
2023-08-30 21:00:00+01:00,10.595279693603516,10.59850025177002,10.580160140991211,10.580160140991211,10.580160140991211,0
2023-08-30 23:00:00+01:00,10.586099624633789,10.587010383605957,10.577030181884766,10.586999893188477,10.586999893188477,0
2023-08-31 00:00:00+01:00,10.592300415039062,10.598770141601562,10.579400062561035,10.596170425415039,10.596170425415039,0
2023-08-31 01:00:00+01:00,10.596480369567871,10.59652042388916,10.583100318908691,10.585789680480957,10.585789680480957,0
2023-08-31 02:00:00+01:00,10.585800170898438,10.587140083312988,10.566490173339844,10.583080291748047,10.583080291748047,0
2023-08-31 03:00:00+01:00,10.582770347595215,10.592309951782227,10.580300331115723,10.590200424194336,10.590200424194336,0
2023-08-31 04:00:00+01:00,10.59142017364502,10.599499702453613,10.58948040008545,10.594539642333984,10.594539642333984,0
2023-08-31 05:00:00+01:00,10.594490051269531,10.59762954711914,10.591219902038574,10.596710205078125,10.596710205078125,0
2023-08-31 06:00:00+01:00,10.59650993347168,10.599769592285156,10.590479850769043,10.593990325927734,10.593990325927734,0
2023-08-31 07:00:00+01:00,10.594220161437988,10.604470252990723,10.572640419006348,10.603449821472168,10.603449821472168,0
2023-08-31 08:00:00+01:00,10.603690147399902,10.61709976196289,10.582300186157227,10.600810050964355,10.600810050964355,0
2023-08-31 09:00:00+01:00,10.596699714660645,10.659099578857422,10.596630096435547,10.654399871826172,10.654399871826172,0
2023-08-31 10:00:00+01:00,10.656000137329102,10.679309844970703,10.647640228271484,10.664190292358398,10.664190292358398,0
2023-08-31 11:00:00+01:00,10.663840293884277,10.672490119934082,10.647299766540527,10.655380249023438,10.655380249023438,0
2023-08-31 12:00:00+01:00,10.656510353088379,10.667550086975098,10.650659561157227,10.654199600219727,10.654199600219727,0
2023-08-31 13:00:00+01:00,10.65542984008789,10.657699584960938,10.608650207519531,10.613019943237305,10.613019943237305,0
2023-08-31 14:00:00+01:00,10.61382007598877,10.668100357055664,10.61085033416748,10.649319648742676,10.649319648742676,0
2023-08-31 15:00:00+01:00,10.648819923400879,10.663419723510742,10.6322603225708,10.635199546813965,10.635199546813965,0
2023-08-31 16:00:00+01:00,10.635350227355957,10.672690391540527,10.626879692077637,10.66411018371582,10.66411018371582,0
2023-08-31 17:00:00+01:00,10.664580345153809,10.668049812316895,10.650050163269043,10.656599998474121,10.656599998474121,0
2023-08-31 18:00:00+01:00,10.657119750976562,10.657930374145508,10.62913990020752,10.630669593811035,10.630669593811035,0
2023-08-31 19:00:00+01:00,10.630760192871094,10.634659767150879,10.604829788208008,10.629179954528809,10.629179954528809,0
2023-08-31 20:00:00+01:00,10.629619598388672,10.631500244140625,10.617460250854492,10.628600120544434,10.628600120544434,0
2023-08-31 21:00:00+01:00,10.628069877624512,10.629890441894531,10.619400024414062,10.626640319824219,10.626640319824219,0
2023-08-31 22:00:00+01:00,10.626970291137695,10.631360054016113,10.626970291137695,10.631360054016113,10.631360054016113,0
2023-08-31 23:00:00+01:00,10.627799987792969,10.630499839782715,10.614919662475586,10.627750396728516,10.627750396728516,0
2023-09-01 00:00:00+01:00,10.625399589538574,10.629910469055176,10.619250297546387,10.6287202835083,10.6287202835083,0
2023-09-01 01:00:00+01:00,10.627670288085938,10.638870239257812,10.62399959564209,10.633560180664062,10.633560180664062,0
2023-09-01 02:00:00+01:00,10.633899688720703,10.639349937438965,10.602899551391602,10.616809844970703,10.616809844970703,0
2023-09-01 03:00:00+01:00,10.616979598999023,10.633230209350586,10.611599922180176,10.628179550170898,10.628179550170898,0
2023-09-01 04:00:00+01:00,10.62893009185791,10.642620086669922,10.624070167541504,10.632439613342285,10.632439613342285,0
2023-09-01 05:00:00+01:00,10.630499839782715,10.641830444335938,10.618510246276855,10.622750282287598,10.622750282287598,0
2023-09-01 06:00:00+01:00,10.622730255126953,10.635069847106934,10.618749618530273,10.625539779663086,10.625539779663086,0
2023-09-01 07:00:00+01:00,10.628089904785156,10.65958023071289,10.625410079956055,10.640299797058105,10.640299797058105,0
2023-09-01 08:00:00+01:00,10.640509605407715,10.643190383911133,10.597640037536621,10.602399826049805,10.602399826049805,0
2023-09-01 09:00:00+01:00,10.60198974609375,10.622579574584961,10.600020408630371,10.61631965637207,10.61631965637207,0
2023-09-01 10:00:00+01:00,10.614970207214355,10.621219635009766,10.598480224609375,10.610919952392578,10.610919952392578,0
2023-09-01 11:00:00+01:00,10.610520362854004,10.613019943237305,10.596159934997559,10.60303020477295,10.60303020477295,0
2023-09-01 12:00:00+01:00,10.602479934692383,10.61001968383789,10.578940391540527,10.593299865722656,10.593299865722656,0
2023-09-01 13:00:00+01:00,10.592450141906738,10.598050117492676,10.522769927978516,10.544300079345703,10.544300079345703,0
2023-09-01 14:00:00+01:00,10.545860290527344,10.597379684448242,10.534839630126953,10.576000213623047,10.576000213623047,0
2023-09-01 15:00:00+01:00,10.574970245361328,10.645000457763672,10.566740036010742,10.636260032653809,10.636260032653809,0
2023-09-01 16:00:00+01:00,10.636240005493164,10.683159828186035,10.634779930114746,10.677470207214355,10.677470207214355,0
2023-09-01 17:00:00+01:00,10.676950454711914,10.687800407409668,10.670700073242188,10.676070213317871,10.676070213317871,0
2023-09-01 18:00:00+01:00,10.676039695739746,10.67728042602539,10.660360336303711,10.66707992553711,10.66707992553711,0
2023-09-01 19:00:00+01:00,10.667989730834961,10.680000305175781,10.6635103225708,10.670700073242188,10.670700073242188,0
2023-09-01 20:00:00+01:00,10.670160293579102,10.680560111999512,10.668359756469727,10.673620223999023,10.673620223999023,0
2023-09-01 21:00:00+01:00,10.672920227050781,10.673649787902832,10.660699844360352,10.664850234985352,10.664850234985352,0
2023-09-04 00:00:00+01:00,10.660449981689453,10.667449951171875,10.656100273132324,10.665909767150879,10.665909767150879,0
2023-09-04 01:00:00+01:00,10.664560317993164,10.674090385437012,10.656299591064453,10.660869598388672,10.660869598388672,0
2023-09-04 02:00:00+01:00,10.661080360412598,10.674180030822754,10.655900001525879,10.671810150146484,10.671810150146484,0
2023-09-04 03:00:00+01:00,10.672019958496094,10.672829627990723,10.652299880981445,10.657480239868164,10.657480239868164,0
2023-09-04 04:00:00+01:00,10.657480239868164,10.662779808044434,10.6537504196167,10.656609535217285,10.656609535217285,0
2023-09-04 05:00:00+01:00,10.656620025634766,10.666290283203125,10.652899742126465,10.656499862670898,10.656499862670898,0
2023-09-04 06:00:00+01:00,10.658590316772461,10.662229537963867,10.650739669799805,10.65719985961914,10.65719985961914,0
2023-09-04 07:00:00+01:00,10.656109809875488,10.663129806518555,10.637499809265137,10.647660255432129,10.647660255432129,0
2023-09-04 08:00:00+01:00,10.645759582519531,10.647729873657227,10.619600296020508,10.639780044555664,10.639780044555664,0
2023-09-04 09:00:00+01:00,10.640520095825195,10.64861011505127,10.627099990844727,10.639300346374512,10.639300346374512,0
2023-09-04 10:00:00+01:00,10.63833999633789,10.655909538269043,10.637700080871582,10.648639678955078,10.648639678955078,0
2023-09-04 11:00:00+01:00,10.649209976196289,10.649720191955566,10.632160186767578,10.632989883422852,10.632989883422852,0
2023-09-04 12:00:00+01:00,10.631970405578613,10.643879890441895,10.620570182800293,10.643409729003906,10.643409729003906,0
2023-09-04 13:00:00+01:00,10.644000053405762,10.67134952545166,10.641300201416016,10.67134952545166,10.67134952545166,0
2023-09-04 14:00:00+01:00,10.671319961547852,10.674500465393066,10.648859977722168,10.65470027923584,10.65470027923584,0
2023-09-04 15:00:00+01:00,10.655750274658203,10.662300109863281,10.647489547729492,10.660369873046875,10.660369873046875,0
2023-09-04 16:00:00+01:00,10.66061019897461,10.669830322265625,10.651419639587402,10.653889656066895,10.653889656066895,0
2023-09-04 17:00:00+01:00,10.651559829711914,10.662750244140625,10.646499633789062,10.648289680480957,10.648289680480957,0
2023-09-04 18:00:00+01:00,10.64795970916748,10.651260375976562,10.634469985961914,10.643610000610352,10.643610000610352,0
2023-09-04 19:00:00+01:00,10.642439842224121,10.645700454711914,10.635880470275879,10.639650344848633,10.639650344848633,0
2023-09-04 20:00:00+01:00,10.639690399169922,10.645489692687988,10.637999534606934,10.641209602355957,10.641209602355957,0
2023-09-04 21:00:00+01:00,10.640359878540039,10.643050193786621,10.611900329589844,10.625659942626953,10.625659942626953,0
2023-09-04 22:00:00+01:00,10.625659942626953,10.625659942626953,10.625450134277344,10.625450134277344,10.625450134277344,0
2023-09-04 23:00:00+01:00,10.620499610900879,10.62090015411377,10.611720085144043,10.617850303649902,10.617850303649902,0
2023-09-05 00:00:00+01:00,10.617289543151855,10.642680168151855,10.617289543151855,10.640250205993652,10.640250205993652,0
2023-09-05 01:00:00+01:00,10.64015007019043,10.647939682006836,10.633700370788574,10.63601016998291,10.63601016998291,0
2023-09-05 02:00:00+01:00,10.635580062866211,10.658209800720215,10.627099990844727,10.652400016784668,10.652400016784668,0
2023-09-05 03:00:00+01:00,10.652979850769043,10.66353988647461,10.638999938964844,10.648940086364746,10.648940086364746,0
2023-09-05 04:00:00+01:00,10.649169921875,10.658430099487305,10.641300201416016,10.643610000610352,10.643610000610352,0
2023-09-05 05:00:00+01:00,10.642809867858887,10.653389930725098,10.636500358581543,10.649970054626465,10.649970054626465,0
2023-09-05 06:00:00+01:00,10.64877986907959,10.681209564208984,10.647680282592773,10.676170349121094,10.676170349121094,0
2023-09-05 07:00:00+01:00,10.676170349121094,10.718230247497559,10.675530433654785,10.706130027770996,10.706130027770996,0
2023-09-05 08:00:00+01:00,10.705089569091797,10.746720314025879,10.697039604187012,10.734490394592285,10.734490394592285,0
2023-09-05 09:00:00+01:00,10.734140396118164,10.763389587402344,10.720279693603516,10.723360061645508,10.723360061645508,0
2023-09-05 10:00:00+01:00,10.723050117492676,10.73015022277832,10.708200454711914,10.712920188903809,10.712920188903809,0
2023-09-05 11:00:00+01:00,10.712920188903809,10.737299919128418,10.712300300598145,10.732159614562988,10.732159614562988,0
2023-09-05 12:00:00+01:00,10.732159614562988,10.749130249023438,10.715080261230469,10.745349884033203,10.745349884033203,0
2023-09-05 13:00:00+01:00,10.744219779968262,10.763850212097168,10.709250450134277,10.713520050048828,10.713520050048828,0
2023-09-05 14:00:00+01:00,10.713150024414062,10.723190307617188,10.67240047454834,10.71500015258789,10.71500015258789,0
2023-09-05 15:00:00+01:00,10.715180397033691,10.751890182495117,10.712430000305176,10.750450134277344,10.750450134277344,0
2023-09-05 16:00:00+01:00,10.751330375671387,10.753089904785156,10.699219703674316,10.706589698791504,10.706589698791504,0
2023-09-05 17:00:00+01:00,10.707249641418457,10.70950984954834,10.690420150756836,10.700679779052734,10.700679779052734,0
2023-09-05 18:00:00+01:00,10.701769828796387,10.72031021118164,10.696249961853027,10.716409683227539,10.716409683227539,0
2023-09-05 19:00:00+01:00,10.71638011932373,10.728560447692871,10.712949752807617,10.719240188598633,10.719240188598633,0
2023-09-05 20:00:00+01:00,10.719240188598633,10.725680351257324,10.707070350646973,10.719249725341797,10.719249725341797,0
2023-09-05 21:00:00+01:00,10.718469619750977,10.723090171813965,10.710989952087402,10.718600273132324,10.718600273132324,0
2023-09-05 22:00:00+01:00,10.713809967041016,10.718600273132324,10.713809967041016,10.718600273132324,10.718600273132324,0
2023-09-05 23:00:00+01:00,10.715550422668457,10.72035026550293,10.710200309753418,10.714449882507324,10.714449882507324,0
2023-09-06 00:00:00+01:00,10.714349746704102,10.718279838562012,10.70615005493164,10.716739654541016,10.716739654541016,0
2023-09-06 01:00:00+01:00,10.71720027923584,10.73563003540039,10.714599609375,10.731049537658691,10.731049537658691,0
2023-09-06 02:00:00+01:00,10.730369567871094,10.741490364074707,10.723999977111816,10.73451042175293,10.73451042175293,0
2023-09-06 03:00:00+01:00,10.73447036743164,10.73978042602539,10.713769912719727,10.715700149536133,10.715700149536133,0
2023-09-06 04:00:00+01:00,10.716580390930176,10.720829963684082,10.711299896240234,10.716710090637207,10.716710090637207,0
2023-09-06 05:00:00+01:00,10.714509963989258,10.732749938964844,10.705659866333008,10.709639549255371,10.709639549255371,0
2023-09-06 06:00:00+01:00,10.707880020141602,10.714900016784668,10.68690013885498,10.695699691772461,10.695699691772461,0
2023-09-06 07:00:00+01:00,10.701600074768066,10.742110252380371,10.696279525756836,10.714960098266602,10.714960098266602,0
2023-09-06 08:00:00+01:00,10.71597957611084,10.732850074768066,10.702159881591797,10.72383975982666,10.72383975982666,0
2023-09-06 09:00:00+01:00,10.723899841308594,10.730839729309082,10.713139533996582,10.717940330505371,10.717940330505371,0
2023-09-06 10:00:00+01:00,10.719369888305664,10.741430282592773,10.712559700012207,10.713990211486816,10.713990211486816,0
2023-09-06 11:00:00+01:00,10.713919639587402,10.71891975402832,10.685700416564941,10.691559791564941,10.691559791564941,0
2023-09-06 12:00:00+01:00,10.692339897155762,10.711190223693848,10.683250427246094,10.704560279846191,10.704560279846191,0
2023-09-06 13:00:00+01:00,10.704039573669434,10.716150283813477,10.691760063171387,10.700920104980469,10.700920104980469,0
2023-09-06 14:00:00+01:00,10.70199966430664,10.718000411987305,10.673660278320312,10.677129745483398,10.677129745483398,0
2023-09-06 15:00:00+01:00,10.67490005493164,10.753060340881348,10.670960426330566,10.738929748535156,10.738929748535156,0
2023-09-06 16:00:00+01:00,10.7398099899292,10.752679824829102,10.72467041015625,10.734000205993652,10.734000205993652,0
2023-09-06 17:00:00+01:00,10.733670234680176,10.736350059509277,10.719079971313477,10.72700023651123,10.72700023651123,0
2023-09-06 18:00:00+01:00,10.727959632873535,10.731639862060547,10.699569702148438,10.712940216064453,10.712940216064453,0
2023-09-06 19:00:00+01:00,10.713159561157227,10.723179817199707,10.709810256958008,10.718440055847168,10.718440055847168,0
2023-09-06 20:00:00+01:00,10.718239784240723,10.725489616394043,10.715840339660645,10.719409942626953,10.719409942626953,0
2023-09-06 21:00:00+01:00,10.719429969787598,10.721920013427734,10.70083999633789,10.711759567260742,10.711759567260742,0
2023-09-06 22:00:00+01:00,10.711759567260742,10.711759567260742,10.706219673156738,10.706219673156738,10.706219673156738,0
2023-09-06 23:00:00+01:00,10.708219528198242,10.716400146484375,10.707509994506836,10.711750030517578,10.711750030517578,0
2023-09-07 00:00:00+01:00,10.708040237426758,10.715800285339355,10.701299667358398,10.709750175476074,10.709750175476074,0
2023-09-07 01:00:00+01:00,10.708660125732422,10.722700119018555,10.701370239257812,10.708609580993652,10.708609580993652,0
2023-09-07 02:00:00+01:00,10.709609985351562,10.717020034790039,10.696680068969727,10.702520370483398,10.702520370483398,0
2023-09-07 03:00:00+01:00,10.702520370483398,10.719599723815918,10.702360153198242,10.712699890136719,10.712699890136719,0
2023-09-07 04:00:00+01:00,10.711259841918945,10.729209899902344,10.706839561462402,10.716970443725586,10.716970443725586,0
2023-09-07 05:00:00+01:00,10.71636962890625,10.72350025177002,10.7047700881958,10.715900421142578,10.715900421142578,0
2023-09-07 06:00:00+01:00,10.716690063476562,10.729900360107422,10.71226978302002,10.71483039855957,10.71483039855957,0
2023-09-07 07:00:00+01:00,10.716270446777344,10.725299835205078,10.694160461425781,10.712860107421875,10.712860107421875,0
2023-09-07 08:00:00+01:00,10.712149620056152,10.73958969116211,10.705840110778809,10.713689804077148,10.713689804077148,0
2023-09-07 09:00:00+01:00,10.713720321655273,10.734700202941895,10.713319778442383,10.73073959350586,10.73073959350586,0
2023-09-07 10:00:00+01:00,10.730620384216309,10.737799644470215,10.716970443725586,10.72305965423584,10.72305965423584,0
2023-09-07 11:00:00+01:00,10.722450256347656,10.73490047454834,10.716010093688965,10.731599807739258,10.731599807739258,0
2023-09-07 12:00:00+01:00,10.732660293579102,10.733590126037598,10.716939926147461,10.727069854736328,10.727069854736328,0
2023-09-07 13:00:00+01:00,10.726530075073242,10.745619773864746,10.711299896240234,10.713080406188965,10.713080406188965,0
2023-09-07 14:00:00+01:00,10.713080406188965,10.735520362854004,10.696229934692383,10.733420372009277,10.733420372009277,0
2023-09-07 15:00:00+01:00,10.733480453491211,10.736080169677734,10.690699577331543,10.713850021362305,10.713850021362305,0
2023-09-07 16:00:00+01:00,10.714059829711914,10.723990440368652,10.701939582824707,10.7118501663208,10.7118501663208,0
2023-09-07 17:00:00+01:00,10.711230278015137,10.713529586791992,10.698390007019043,10.712499618530273,10.712499618530273,0
2023-09-07 18:00:00+01:00,10.712499618530273,10.714850425720215,10.69629955291748,10.711339950561523,10.711339950561523,0
2023-09-07 19:00:00+01:00,10.711230278015137,10.714309692382812,10.699199676513672,10.712900161743164,10.712900161743164,0
2023-09-07 20:00:00+01:00,10.71267032623291,10.713910102844238,10.700539588928223,10.710160255432129,10.710160255432129,0
2023-09-07 21:00:00+01:00,10.710160255432129,10.712499618530273,10.701180458068848,10.7053804397583,10.7053804397583,0
2023-09-07 22:00:00+01:00,10.709259986877441,10.709259986877441,10.70182991027832,10.70680046081543,10.70680046081543,0
2023-09-07 23:00:00+01:00,10.709799766540527,10.714699745178223,10.70011043548584,10.705249786376953,10.705249786376953,0
2023-09-08 00:00:00+01:00,10.707409858703613,10.711620330810547,10.701430320739746,10.701560020446777,10.701560020446777,0
2023-09-08 01:00:00+01:00,10.70199966430664,10.705100059509277,10.678380012512207,10.679759979248047,10.679759979248047,0
2023-09-08 02:00:00+01:00,10.679719924926758,10.70005989074707,10.677639961242676,10.688400268554688,10.688400268554688,0
2023-09-08 03:00:00+01:00,10.68805980682373,10.693470001220703,10.677590370178223,10.684969902038574,10.684969902038574,0
2023-09-08 04:00:00+01:00,10.68517017364502,10.692680358886719,10.681469917297363,10.688440322875977,10.688440322875977,0
2023-09-08 05:00:00+01:00,10.68844985961914,10.697050094604492,10.68220043182373,10.694040298461914,10.694040298461914,0
2023-09-08 06:00:00+01:00,10.694040298461914,10.696310043334961,10.664850234985352,10.671589851379395,10.671589851379395,0
2023-09-08 07:00:00+01:00,10.670439720153809,10.686420440673828,10.643509864807129,10.675040245056152,10.675040245056152,0
2023-09-08 08:00:00+01:00,10.673879623413086,10.696969985961914,10.664629936218262,10.685819625854492,10.685819625854492,0
2023-09-08 09:00:00+01:00,10.685819625854492,10.691349983215332,10.667099952697754,10.670080184936523,10.670080184936523,0
2023-09-08 10:00:00+01:00,10.669910430908203,10.686349868774414,10.663820266723633,10.66919994354248,10.66919994354248,0
2023-09-08 11:00:00+01:00,10.669190406799316,10.680350303649902,10.6639404296875,10.674189567565918,10.674189567565918,0
2023-09-08 12:00:00+01:00,10.673930168151855,10.682950019836426,10.666720390319824,10.674570083618164,10.674570083618164,0
2023-09-08 13:00:00+01:00,10.673839569091797,10.679100036621094,10.645310401916504,10.670889854431152,10.670889854431152,0
2023-09-08 14:00:00+01:00,10.671830177307129,10.682780265808105,10.650699615478516,10.650699615478516,10.650699615478516,0
2023-09-08 15:00:00+01:00,10.65176010131836,10.661270141601562,10.623640060424805,10.658260345458984,10.658260345458984,0
2023-09-08 16:00:00+01:00,10.659259796142578,10.677669525146484,10.653820037841797,10.672510147094727,10.672510147094727,0
2023-09-08 17:00:00+01:00,10.671119689941406,10.682330131530762,10.653590202331543,10.674539566040039,10.674539566040039,0
2023-09-08 18:00:00+01:00,10.673310279846191,10.678170204162598,10.661160469055176,10.668800354003906,10.668800354003906,0
2023-09-08 19:00:00+01:00,10.668990135192871,10.683690071105957,10.656949996948242,10.681249618530273,10.681249618530273,0
2023-09-08 20:00:00+01:00,10.68257999420166,10.691630363464355,10.679380416870117,10.68517017364502,10.68517017364502,0
2023-09-08 21:00:00+01:00,10.68478012084961,10.685680389404297,10.672880172729492,10.675959587097168,10.675959587097168,0
2023-09-11 00:00:00+01:00,10.659770011901855,10.65995979309082,10.650030136108398,10.656229972839355,10.656229972839355,0
2023-09-11 01:00:00+01:00,10.656479835510254,10.671699523925781,10.646650314331055,10.663619995117188,10.663619995117188,0
2023-09-11 02:00:00+01:00,10.663080215454102,10.668299674987793,10.650099754333496,10.656310081481934,10.656310081481934,0
2023-09-11 03:00:00+01:00,10.656209945678711,10.656339645385742,10.636650085449219,10.644269943237305,10.644269943237305,0
2023-09-11 04:00:00+01:00,10.642419815063477,10.650750160217285,10.63953971862793,10.643449783325195,10.643449783325195,0
2023-09-11 05:00:00+01:00,10.644780158996582,10.646120071411133,10.62421989440918,10.62913990020752,10.62913990020752,0
2023-09-11 06:00:00+01:00,10.629070281982422,10.635629653930664,10.611599922180176,10.624279975891113,10.624279975891113,0
2023-09-11 07:00:00+01:00,10.631890296936035,10.661259651184082,10.63070011138916,10.64822006225586,10.64822006225586,0
2023-09-11 08:00:00+01:00,10.64706039428711,10.669790267944336,10.6427001953125,10.654069900512695,10.654069900512695,0
2023-09-11 09:00:00+01:00,10.653820037841797,10.660869598388672,10.635930061340332,10.64463996887207,10.64463996887207,0
2023-09-11 10:00:00+01:00,10.645620346069336,10.658860206604004,10.635700225830078,10.64352035522461,10.64352035522461,0
2023-09-11 11:00:00+01:00,10.64352035522461,10.661450386047363,10.640870094299316,10.650839805603027,10.650839805603027,0
2023-09-11 12:00:00+01:00,10.651869773864746,10.666219711303711,10.650690078735352,10.664170265197754,10.664170265197754,0
2023-09-11 13:00:00+01:00,10.663969993591309,10.667730331420898,10.636850357055664,10.639049530029297,10.639049530029297,0
2023-09-11 14:00:00+01:00,10.640310287475586,10.660249710083008,10.61925983428955,10.646120071411133,10.646120071411133,0
2023-09-11 15:00:00+01:00,10.645730018615723,10.648880004882812,10.617799758911133,10.643659591674805,10.643659591674805,0
2023-09-11 16:00:00+01:00,10.643670082092285,10.663100242614746,10.63761043548584,10.651140213012695,10.651140213012695,0
2023-09-11 17:00:00+01:00,10.650739669799805,10.65176010131836,10.63403034210205,10.642999649047852,10.642999649047852,0
2023-09-11 18:00:00+01:00,10.642990112304688,10.649749755859375,10.63656997680664,10.646940231323242,10.646940231323242,0
2023-09-11 19:00:00+01:00,10.647859573364258,10.65392017364502,10.641059875488281,10.650750160217285,10.650750160217285,0
2023-09-11 20:00:00+01:00,10.651700019836426,10.652449607849121,10.64054012298584,10.648719787597656,10.648719787597656,0
2023-09-11 21:00:00+01:00,10.648599624633789,10.650679588317871,10.625630378723145,10.625630378723145,10.625630378723145,0
2023-09-11 22:00:00+01:00,10.627659797668457,10.633049964904785,10.627659797668457,10.633049964904785,10.633049964904785,0
2023-09-11 23:00:00+01:00,10.63202953338623,10.637849807739258,10.628080368041992,10.631730079650879,10.631730079650879,0
2023-09-12 00:00:00+01:00,10.635390281677246,10.645440101623535,10.627969741821289,10.643269538879395,10.643269538879395,0
2023-09-12 01:00:00+01:00,10.643230438232422,10.654720306396484,10.642999649047852,10.65038013458252,10.65038013458252,0
2023-09-12 02:00:00+01:00,10.650389671325684,10.663390159606934,10.622090339660645,10.651840209960938,10.651840209960938,0
2023-09-12 03:00:00+01:00,10.6522798538208,10.653849601745605,10.628840446472168,10.63167953491211,10.63167953491211,0
2023-09-12 04:00:00+01:00,10.631999969482422,10.639399528503418,10.629719734191895,10.637800216674805,10.637800216674805,0
2023-09-12 05:00:00+01:00,10.63778018951416,10.651220321655273,10.635049819946289,10.64840030670166,10.64840030670166,0
2023-09-12 06:00:00+01:00,10.648200035095215,10.67747974395752,10.646499633789062,10.659370422363281,10.659370422363281,0
2023-09-12 07:00:00+01:00,10.65939998626709,10.668740272521973,10.65287971496582,10.657939910888672,10.657939910888672,0
2023-09-12 08:00:00+01:00,10.657939910888672,10.68142032623291,10.651209831237793,10.673660278320312,10.673660278320312,0
2023-09-12 09:00:00+01:00,10.673660278320312,10.682319641113281,10.655839920043945,10.676959991455078,10.676959991455078,0
2023-09-12 10:00:00+01:00,10.677160263061523,10.679889678955078,10.664119720458984,10.664990425109863,10.664990425109863,0
2023-09-12 11:00:00+01:00,10.664990425109863,10.683699607849121,10.654840469360352,10.680480003356934,10.680480003356934,0
2023-09-12 12:00:00+01:00,10.679969787597656,10.694680213928223,10.679519653320312,10.683320045471191,10.683320045471191,0
2023-09-12 13:00:00+01:00,10.682929992675781,10.699219703674316,10.672439575195312,10.692819595336914,10.692819595336914,0
2023-09-12 14:00:00+01:00,10.693050384521484,10.702730178833008,10.67039966583252,10.67704963684082,10.67704963684082,0
2023-09-12 15:00:00+01:00,10.67704963684082,10.703909873962402,10.675800323486328,10.697779655456543,10.697779655456543,0
2023-09-12 16:00:00+01:00,10.698820114135742,10.702059745788574,10.672760009765625,10.688119888305664,10.688119888305664,0
2023-09-12 17:00:00+01:00,10.688179969787598,10.69417953491211,10.668450355529785,10.6908597946167,10.6908597946167,0
2023-09-12 18:00:00+01:00,10.69180965423584,10.692009925842285,10.670860290527344,10.68535041809082,10.68535041809082,0
2023-09-12 19:00:00+01:00,10.684450149536133,10.688929557800293,10.673460006713867,10.677689552307129,10.677689552307129,0
2023-09-12 20:00:00+01:00,10.677619934082031,10.683770179748535,10.675419807434082,10.682060241699219,10.682060241699219,0
2023-09-12 21:00:00+01:00,10.683340072631836,10.684450149536133,10.656140327453613,10.673859596252441,10.673859596252441,0
2023-09-12 22:00:00+01:00,10.673660278320312,10.673970222473145,10.670450210571289,10.670849800109863,10.670849800109863,0
2023-09-12 23:00:00+01:00,10.654199600219727,10.670269966125488,10.654199600219727,10.666839599609375,10.666839599609375,0
2023-09-13 00:00:00+01:00,10.667449951171875,10.678810119628906,10.663900375366211,10.677209854125977,10.677209854125977,0
2023-09-13 01:00:00+01:00,10.676569938659668,10.677510261535645,10.657699584960938,10.663769721984863,10.663769721984863,0
2023-09-13 02:00:00+01:00,10.663619995117188,10.679120063781738,10.657770156860352,10.672439575195312,10.672439575195312,0
2023-09-13 03:00:00+01:00,10.671839714050293,10.707409858703613,10.667099952697754,10.695710182189941,10.695710182189941,0
2023-09-13 04:00:00+01:00,10.695730209350586,10.699760437011719,10.68416976928711,10.692020416259766,10.692020416259766,0
2023-09-13 05:00:00+01:00,10.693120002746582,10.694820404052734,10.68120002746582,10.685079574584961,10.685079574584961,0
2023-09-13 06:00:00+01:00,10.68472957611084,10.691189765930176,10.674200057983398,10.686779975891113,10.686779975891113,0
2023-09-13 07:00:00+01:00,10.687849998474121,10.700759887695312,10.66763973236084,10.685139656066895,10.685139656066895,0
2023-09-13 08:00:00+01:00,10.68513011932373,10.687749862670898,10.665559768676758,10.674690246582031,10.674690246582031,0
2023-09-13 09:00:00+01:00,10.674650192260742,10.692660331726074,10.668319702148438,10.69126033782959,10.69126033782959,0
2023-09-13 10:00:00+01:00,10.69126033782959,10.701279640197754,10.6808500289917,10.688480377197266,10.688480377197266,0
2023-09-13 11:00:00+01:00,10.688369750976562,10.708189964294434,10.686969757080078,10.690569877624512,10.690569877624512,0
2023-09-13 12:00:00+01:00,10.690540313720703,10.699999809265137,10.676349639892578,10.686809539794922,10.686809539794922,0
2023-09-13 13:00:00+01:00,10.68787956237793,10.71465015411377,10.657119750976562,10.677029609680176,10.677029609680176,0
2023-09-13 14:00:00+01:00,10.676819801330566,10.706009864807129,10.656700134277344,10.690159797668457,10.690159797668457,0
2023-09-13 15:00:00+01:00,10.689020156860352,10.715649604797363,10.685799598693848,10.700169563293457,10.700169563293457,0
2023-09-13 16:00:00+01:00,10.699970245361328,10.707989692687988,10.68220043182373,10.70205020904541,10.70205020904541,0
2023-09-13 17:00:00+01:00,10.700900077819824,10.70736026763916,10.685429573059082,10.692760467529297,10.692760467529297,0
2023-09-13 18:00:00+01:00,10.6935396194458,10.704790115356445,10.68947982788086,10.694820404052734,10.694820404052734,0
2023-09-13 19:00:00+01:00,10.695599555969238,10.716699600219727,10.694080352783203,10.711810111999512,10.711810111999512,0
2023-09-13 20:00:00+01:00,10.712459564208984,10.725979804992676,10.710539817810059,10.712570190429688,10.712570190429688,0
2023-09-13 21:00:00+01:00,10.712479591369629,10.714719772338867,10.70011043548584,10.701080322265625,10.701080322265625,0
2023-09-13 22:00:00+01:00,10.701459884643555,10.701459884643555,10.701459884643555,10.701459884643555,10.701459884643555,0
2023-09-13 23:00:00+01:00,10.706720352172852,10.711919784545898,10.700599670410156,10.701000213623047,10.701000213623047,0
2023-09-14 00:00:00+01:00,10.702670097351074,10.712349891662598,10.699299812316895,10.710370063781738,10.710370063781738,0
2023-09-14 01:00:00+01:00,10.711509704589844,10.719030380249023,10.687000274658203,10.690159797668457,10.690159797668457,0
2023-09-14 02:00:00+01:00,10.690159797668457,10.700139999389648,10.684479713439941,10.697409629821777,10.697409629821777,0
2023-09-14 03:00:00+01:00,10.697509765625,10.712340354919434,10.695099830627441,10.697019577026367,10.697019577026367,0
2023-09-14 04:00:00+01:00,10.69711971282959,10.699350357055664,10.686079978942871,10.686739921569824,10.686739921569824,0
2023-09-14 05:00:00+01:00,10.68832015991211,10.689160346984863,10.682100296020508,10.685480117797852,10.685480117797852,0
2023-09-14 06:00:00+01:00,10.685219764709473,10.689769744873047,10.66919994354248,10.686949729919434,10.686949729919434,0
2023-09-14 07:00:00+01:00,10.685799598693848,10.7053804397583,10.680500030517578,10.702980041503906,10.702980041503906,0
2023-09-14 08:00:00+01:00,10.701620101928711,10.710800170898438,10.683639526367188,10.693699836730957,10.693699836730957,0
2023-09-14 09:00:00+01:00,10.694780349731445,10.70913028717041,10.686699867248535,10.706450462341309,10.706450462341309,0
2023-09-14 10:00:00+01:00,10.706279754638672,10.719860076904297,10.702349662780762,10.714240074157715,10.714240074157715,0
2023-09-14 11:00:00+01:00,10.714189529418945,10.732879638671875,10.711959838867188,10.716409683227539,10.716409683227539,0
2023-09-14 12:00:00+01:00,10.715490341186523,10.728540420532227,10.705470085144043,10.723199844360352,10.723199844360352,0
2023-09-14 13:00:00+01:00,10.722860336303711,10.776000022888184,10.691060066223145,10.745659828186035,10.745659828186035,0
2023-09-14 14:00:00+01:00,10.74662971496582,10.765580177307129,10.726900100708008,10.749170303344727,10.749170303344727,0
2023-09-14 15:00:00+01:00,10.749130249023438,10.760000228881836,10.717869758605957,10.725740432739258,10.725740432739258,0
2023-09-14 16:00:00+01:00,10.72698974609375,10.735750198364258,10.706480026245117,10.72935962677002,10.72935962677002,0
2023-09-14 17:00:00+01:00,10.729419708251953,10.74193000793457,10.715550422668457,10.733329772949219,10.733329772949219,0
2023-09-14 18:00:00+01:00,10.733189582824707,10.758769989013672,10.728449821472168,10.747750282287598,10.747750282287598,0
2023-09-14 19:00:00+01:00,10.747639656066895,10.756770133972168,10.744039535522461,10.750080108642578,10.750080108642578,0
2023-09-14 20:00:00+01:00,10.750080108642578,10.752129554748535,10.736669540405273,10.739480018615723,10.739480018615723,0
2023-09-14 21:00:00+01:00,10.739609718322754,10.741169929504395,10.725299835205078,10.73036003112793,10.73036003112793,0
2023-09-14 22:00:00+01:00,10.729559898376465,10.730299949645996,10.723509788513184,10.725990295410156,10.725990295410156,0
2023-09-14 23:00:00+01:00,10.734970092773438,10.741629600524902,10.730199813842773,10.73388957977295,10.73388957977295,0
2023-09-15 00:00:00+01:00,10.734199523925781,10.745030403137207,10.730839729309082,10.743399620056152,10.743399620056152,0
2023-09-15 01:00:00+01:00,10.743399620056152,10.749159812927246,10.729000091552734,10.733619689941406,10.733619689941406,0
2023-09-15 02:00:00+01:00,10.733099937438965,10.742079734802246,10.728300094604492,10.734259605407715,10.734259605407715,0
2023-09-15 03:00:00+01:00,10.734270095825195,10.73583984375,10.707099914550781,10.724760055541992,10.724760055541992,0
2023-09-15 04:00:00+01:00,10.723699569702148,10.728050231933594,10.715800285339355,10.717100143432617,10.717100143432617,0
2023-09-15 05:00:00+01:00,10.717100143432617,10.722809791564941,10.706899642944336,10.709369659423828,10.709369659423828,0
2023-09-15 06:00:00+01:00,10.709919929504395,10.721929550170898,10.707110404968262,10.711620330810547,10.711620330810547,0
2023-09-15 07:00:00+01:00,10.711999893188477,10.727089881896973,10.696430206298828,10.704700469970703,10.704700469970703,0
2023-09-15 08:00:00+01:00,10.70602035522461,10.724679946899414,10.699379920959473,10.707440376281738,10.707440376281738,0
2023-09-15 09:00:00+01:00,10.705220222473145,10.717690467834473,10.70009994506836,10.706319808959961,10.706319808959961,0
2023-09-15 10:00:00+01:00,10.70613956451416,10.71261978149414,10.697770118713379,10.707369804382324,10.707369804382324,0
2023-09-15 11:00:00+01:00,10.708250045776367,10.724679946899414,10.70421028137207,10.72074031829834,10.72074031829834,0
2023-09-15 12:00:00+01:00,10.719770431518555,10.724109649658203,10.702790260314941,10.719280242919922,10.719280242919922,0
2023-09-15 13:00:00+01:00,10.719659805297852,10.755760192871094,10.71382999420166,10.754409790039062,10.754409790039062,0
2023-09-15 14:00:00+01:00,10.754449844360352,10.763059616088867,10.73583984375,10.753040313720703,10.753040313720703,0
2023-09-15 15:00:00+01:00,10.754830360412598,10.778420448303223,10.719889640808105,10.765239715576172,10.765239715576172,0
2023-09-15 16:00:00+01:00,10.766229629516602,10.776479721069336,10.743490219116211,10.755880355834961,10.755880355834961,0
2023-09-15 17:00:00+01:00,10.756099700927734,10.772170066833496,10.744070053100586,10.763640403747559,10.763640403747559,0
2023-09-15 18:00:00+01:00,10.763629913330078,10.77649974822998,10.759909629821777,10.762280464172363,10.762280464172363,0
2023-09-15 19:00:00+01:00,10.762280464172363,10.776880264282227,10.761329650878906,10.77511978149414,10.77511978149414,0
2023-09-15 20:00:00+01:00,10.77511978149414,10.781169891357422,10.77042007446289,10.777950286865234,10.777950286865234,0
2023-09-15 21:00:00+01:00,10.7787504196167,10.788430213928223,10.770469665527344,10.7746000289917,10.7746000289917,0
2023-09-15 22:00:00+01:00,10.7787504196167,10.7787504196167,10.7787504196167,10.7787504196167,10.7787504196167,0
2023-09-18 00:00:00+01:00,10.764249801635742,10.772600173950195,10.758899688720703,10.76194953918457,10.76194953918457,0
2023-09-18 01:00:00+01:00,10.762160301208496,10.769749641418457,10.755729675292969,10.763219833374023,10.763219833374023,0
2023-09-18 02:00:00+01:00,10.761850357055664,10.776530265808105,10.758000373840332,10.773940086364746,10.773940086364746,0
2023-09-18 03:00:00+01:00,10.77400016784668,10.775289535522461,10.764800071716309,10.769949913024902,10.769949913024902,0
2023-09-18 04:00:00+01:00,10.770079612731934,10.772879600524902,10.764399528503418,10.770609855651855,10.770609855651855,0
2023-09-18 05:00:00+01:00,10.770719528198242,10.772529602050781,10.76338005065918,10.765199661254883,10.765199661254883,0
2023-09-18 06:00:00+01:00,10.765199661254883,10.77377986907959,10.757200241088867,10.766079902648926,10.766079902648926,0
2023-09-18 07:00:00+01:00,10.766079902648926,10.824090003967285,10.763400077819824,10.822159767150879,10.822159767150879,0
2023-09-18 08:00:00+01:00,10.822360038757324,10.84988021850586,10.810600280761719,10.838350296020508,10.838350296020508,0
2023-09-18 09:00:00+01:00,10.83765983581543,10.871399879455566,10.836429595947266,10.868599891662598,10.868599891662598,0
2023-09-18 10:00:00+01:00,10.868670463562012,10.87417984008789,10.834859848022461,10.835180282592773,10.835180282592773,0
2023-09-18 11:00:00+01:00,10.835000038146973,10.835610389709473,10.81781005859375,10.829660415649414,10.829660415649414,0
2023-09-18 12:00:00+01:00,10.829710006713867,10.853619575500488,10.826780319213867,10.850520133972168,10.850520133972168,0
2023-09-18 13:00:00+01:00,10.849860191345215,10.855239868164062,10.82291030883789,10.837909698486328,10.837909698486328,0
2023-09-18 14:00:00+01:00,10.837900161743164,10.852529525756836,10.817999839782715,10.848099708557129,10.848099708557129,0
2023-09-18 15:00:00+01:00,10.847140312194824,10.853730201721191,10.799220085144043,10.806130409240723,10.806130409240723,0
2023-09-18 16:00:00+01:00,10.807000160217285,10.808409690856934,10.774629592895508,10.782139778137207,10.782139778137207,0
2023-09-18 17:00:00+01:00,10.782130241394043,10.80370044708252,10.780659675598145,10.798100471496582,10.798100471496582,0
2023-09-18 18:00:00+01:00,10.798330307006836,10.81305980682373,10.794119834899902,10.811800003051758,10.811800003051758,0
2023-09-18 19:00:00+01:00,10.812899589538574,10.827300071716309,10.811200141906738,10.824359893798828,10.824359893798828,0
2023-09-18 20:00:00+01:00,10.825010299682617,10.826000213623047,10.811630249023438,10.813139915466309,10.813139915466309,0
2023-09-18 21:00:00+01:00,10.813360214233398,10.814330101013184,10.797619819641113,10.802189826965332,10.802189826965332,0
2023-09-18 22:00:00+01:00,10.805560111999512,10.805560111999512,10.798589706420898,10.798589706420898,10.798589706420898,0
2023-09-18 23:00:00+01:00,10.804499626159668,10.810099601745605,10.792550086975098,10.800519943237305,10.800519943237305,0
2023-09-19 00:00:00+01:00,10.803600311279297,10.814330101013184,10.79580020904541,10.80897045135498,10.80897045135498,0
2023-09-19 01:00:00+01:00,10.809399604797363,10.814169883728027,10.795000076293945,10.802619934082031,10.802619934082031,0
2023-09-19 02:00:00+01:00,10.801719665527344,10.81447982788086,10.800250053405762,10.811260223388672,10.811260223388672,0
2023-09-19 03:00:00+01:00,10.811260223388672,10.814160346984863,10.808300018310547,10.810420036315918,10.810420036315918,0
2023-09-19 04:00:00+01:00,10.810199737548828,10.813830375671387,10.808950424194336,10.812950134277344,10.812950134277344,0
2023-09-19 05:00:00+01:00,10.81167984008789,10.815670013427734,10.80774974822998,10.814000129699707,10.814000129699707,0
2023-09-19 06:00:00+01:00,10.813899993896484,10.832249641418457,10.81212043762207,10.824870109558105,10.824870109558105,0
2023-09-19 07:00:00+01:00,10.825169563293457,10.82820987701416,10.796899795532227,10.806469917297363,10.806469917297363,0
2023-09-19 08:00:00+01:00,10.804889678955078,10.806269645690918,10.762680053710938,10.767979621887207,10.767979621887207,0
2023-09-19 09:00:00+01:00,10.768019676208496,10.775569915771484,10.75115966796875,10.77200984954834,10.77200984954834,0
2023-09-19 10:00:00+01:00,10.770990371704102,10.778499603271484,10.755849838256836,10.75868034362793,10.75868034362793,0
2023-09-19 11:00:00+01:00,10.758170127868652,10.758700370788574,10.73408031463623,10.741490364074707,10.741490364074707,0
2023-09-19 12:00:00+01:00,10.742950439453125,10.747940063476562,10.728779792785645,10.733920097351074,10.733920097351074,0
2023-09-19 13:00:00+01:00,10.733920097351074,10.754019737243652,10.71679973602295,10.740039825439453,10.740039825439453,0
2023-09-19 14:00:00+01:00,10.740790367126465,10.762980461120605,10.7362699508667,10.741809844970703,10.741809844970703,0
2023-09-19 15:00:00+01:00,10.741829872131348,10.755769729614258,10.73367977142334,10.736430168151855,10.736430168151855,0
2023-09-19 16:00:00+01:00,10.736430168151855,10.76272964477539,10.735469818115234,10.754590034484863,10.754590034484863,0
2023-09-19 17:00:00+01:00,10.75547981262207,10.778949737548828,10.753089904785156,10.760419845581055,10.760419845581055,0
2023-09-19 18:00:00+01:00,10.761249542236328,10.76356029510498,10.744020462036133,10.761300086975098,10.761300086975098,0
2023-09-19 19:00:00+01:00,10.761289596557617,10.770700454711914,10.7606201171875,10.765620231628418,10.765620231628418,0
2023-09-19 20:00:00+01:00,10.766610145568848,10.7777099609375,10.765810012817383,10.773039817810059,10.773039817810059,0
2023-09-19 21:00:00+01:00,10.772470474243164,10.78007984161377,10.765899658203125,10.770609855651855,10.770609855651855,0
2023-09-19 22:00:00+01:00,10.77396011352539,10.777859687805176,10.77396011352539,10.776659965515137,10.776659965515137,0
2023-09-19 23:00:00+01:00,10.781160354614258,10.781160354614258,10.760250091552734,10.76653003692627,10.76653003692627,0
2023-09-20 00:00:00+01:00,10.769200325012207,10.773750305175781,10.763699531555176,10.768810272216797,10.768810272216797,0
2023-09-20 01:00:00+01:00,10.768810272216797,10.785770416259766,10.765480041503906,10.782010078430176,10.782010078430176,0
2023-09-20 02:00:00+01:00,10.781769752502441,10.793760299682617,10.775099754333496,10.78363037109375,10.78363037109375,0
2023-09-20 03:00:00+01:00,10.782609939575195,10.790160179138184,10.77476978302002,10.787850379943848,10.787850379943848,0
2023-09-20 04:00:00+01:00,10.787850379943848,10.794759750366211,10.784370422363281,10.790019989013672,10.790019989013672,0
2023-09-20 05:00:00+01:00,10.790470123291016,10.791130065917969,10.784899711608887,10.7889404296875,10.7889404296875,0
2023-09-20 06:00:00+01:00,10.788880348205566,10.791709899902344,10.777999877929688,10.78380012512207,10.78380012512207,0
2023-09-20 07:00:00+01:00,10.783690452575684,10.792659759521484,10.767040252685547,10.776849746704102,10.776849746704102,0
2023-09-20 08:00:00+01:00,10.778129577636719,10.786279678344727,10.75825023651123,10.758990287780762,10.758990287780762,0
2023-09-20 09:00:00+01:00,10.759180068969727,10.770719528198242,10.758259773254395,10.765179634094238,10.765179634094238,0
2023-09-20 10:00:00+01:00,10.76550006866455,10.766039848327637,10.736040115356445,10.737560272216797,10.737560272216797,0
2023-09-20 11:00:00+01:00,10.737549781799316,10.74215030670166,10.717829704284668,10.720459938049316,10.720459938049316,0
2023-09-20 12:00:00+01:00,10.721199989318848,10.736780166625977,10.715579986572266,10.732029914855957,10.732029914855957,0
2023-09-20 13:00:00+01:00,10.731249809265137,10.739469528198242,10.719429969787598,10.736809730529785,10.736809730529785,0
2023-09-20 14:00:00+01:00,10.737730026245117,10.741430282592773,10.698169708251953,10.701470375061035,10.701470375061035,0
2023-09-20 15:00:00+01:00,10.700599670410156,10.714730262756348,10.68535041809082,10.70221996307373,10.70221996307373,0
2023-09-20 16:00:00+01:00,10.702380180358887,10.712180137634277,10.681440353393555,10.709650039672852,10.709650039672852,0
2023-09-20 17:00:00+01:00,10.708780288696289,10.710149765014648,10.680259704589844,10.68478012084961,10.68478012084961,0
2023-09-20 18:00:00+01:00,10.68478012084961,10.699170112609863,10.68455982208252,10.692179679870605,10.692179679870605,0
2023-09-20 19:00:00+01:00,10.692190170288086,10.769379615783691,10.688240051269531,10.74096965789795,10.74096965789795,0
2023-09-20 20:00:00+01:00,10.740480422973633,10.789589881896973,10.738880157470703,10.7877197265625,10.7877197265625,0
2023-09-20 21:00:00+01:00,10.78674030303955,10.799599647521973,10.777339935302734,10.782759666442871,10.782759666442871,0
2023-09-20 22:00:00+01:00,10.782560348510742,10.782560348510742,10.776800155639648,10.776800155639648,10.776800155639648,0
2023-09-20 23:00:00+01:00,10.776320457458496,10.79004955291748,10.774439811706543,10.783280372619629,10.783280372619629,0
2023-09-21 00:00:00+01:00,10.784819602966309,10.79403018951416,10.777199745178223,10.791460037231445,10.791460037231445,0
2023-09-21 01:00:00+01:00,10.79065990447998,10.822440147399902,10.786600112915039,10.812479972839355,10.812479972839355,0
2023-09-21 02:00:00+01:00,10.812479972839355,10.819390296936035,10.796939849853516,10.804770469665527,10.804770469665527,0
2023-09-21 03:00:00+01:00,10.804770469665527,10.835220336914062,10.799039840698242,10.819049835205078,10.819049835205078,0
2023-09-21 04:00:00+01:00,10.819029808044434,10.821260452270508,10.803790092468262,10.806090354919434,10.806090354919434,0
2023-09-21 05:00:00+01:00,10.804109573364258,10.8118896484375,10.803850173950195,10.808259963989258,10.808259963989258,0
2023-09-21 06:00:00+01:00,10.808019638061523,10.81482982635498,10.802399635314941,10.810669898986816,10.810669898986816,0
2023-09-21 07:00:00+01:00,10.810589790344238,10.82489013671875,10.800100326538086,10.80974006652832,10.80974006652832,0
2023-09-21 08:00:00+01:00,10.81095027923584,10.830320358276367,10.78283977508545,10.810609817504883,10.810609817504883,0
2023-09-21 09:00:00+01:00,10.808429718017578,10.810750007629395,10.748330116271973,10.770970344543457,10.770970344543457,0
2023-09-21 10:00:00+01:00,10.770959854125977,10.798430442810059,10.770700454711914,10.786250114440918,10.786250114440918,0
2023-09-21 11:00:00+01:00,10.785510063171387,10.821330070495605,10.781559944152832,10.812569618225098,10.812569618225098,0
2023-09-21 12:00:00+01:00,10.812649726867676,10.840009689331055,10.802940368652344,10.832260131835938,10.832260131835938,0
2023-09-21 13:00:00+01:00,10.833459854125977,10.856769561767578,10.827119827270508,10.828310012817383,10.828310012817383,0
2023-09-21 14:00:00+01:00,10.828300476074219,10.829879760742188,10.785599708557129,10.819780349731445,10.819780349731445,0
2023-09-21 15:00:00+01:00,10.813989639282227,10.824660301208496,10.749420166015625,10.779620170593262,10.779620170593262,0
2023-09-21 16:00:00+01:00,10.77968978881836,10.7872896194458,10.755539894104004,10.774049758911133,10.774049758911133,0
2023-09-21 17:00:00+01:00,10.77322006225586,10.782429695129395,10.756739616394043,10.774800300598145,10.774800300598145,0
2023-09-21 18:00:00+01:00,10.775779724121094,10.778420448303223,10.753410339355469,10.76060962677002,10.76060962677002,0
2023-09-21 19:00:00+01:00,10.759830474853516,10.770389556884766,10.756440162658691,10.766639709472656,10.766639709472656,0
2023-09-21 20:00:00+01:00,10.766079902648926,10.774250030517578,10.758870124816895,10.773679733276367,10.773679733276367,0
2023-09-21 21:00:00+01:00,10.773679733276367,10.78318977355957,10.76986026763916,10.774399757385254,10.774399757385254,0
2023-09-21 22:00:00+01:00,10.774399757385254,10.774399757385254,10.774399757385254,10.774399757385254,10.774399757385254,0
2023-09-21 23:00:00+01:00,10.781060218811035,10.785820007324219,10.769599914550781,10.777750015258789,10.777750015258789,0
2023-09-22 00:00:00+01:00,10.771499633789062,10.785479545593262,10.770899772644043,10.775460243225098,10.775460243225098,0
2023-09-22 01:00:00+01:00,10.773300170898438,10.786250114440918,10.771100044250488,10.774900436401367,10.774900436401367,0
2023-09-22 02:00:00+01:00,10.772600173950195,10.787010192871094,10.772600173950195,10.782429695129395,10.782429695129395,0
2023-09-22 03:00:00+01:00,10.780699729919434,10.782480239868164,10.754240036010742,10.772700309753418,10.772700309753418,0
2023-09-22 04:00:00+01:00,10.772839546203613,10.781229972839355,10.75570011138916,10.760199546813965,10.760199546813965,0
2023-09-22 05:00:00+01:00,10.759180068969727,10.774430274963379,10.751500129699707,10.764450073242188,10.764450073242188,0
2023-09-22 06:00:00+01:00,10.764789581298828,10.769800186157227,10.753890037536621,10.76587963104248,10.76587963104248,0
2023-09-22 07:00:00+01:00,10.765549659729004,10.776450157165527,10.756739616394043,10.766449928283691,10.766449928283691,0
2023-09-22 08:00:00+01:00,10.764619827270508,10.812990188598633,10.751219749450684,10.765520095825195,10.765520095825195,0
2023-09-22 09:00:00+01:00,10.766079902648926,10.785070419311523,10.754759788513184,10.757280349731445,10.757280349731445,0
2023-09-22 10:00:00+01:00,10.757280349731445,10.765250205993652,10.742300033569336,10.746219635009766,10.746219635009766,0
2023-09-22 11:00:00+01:00,10.746150016784668,10.760860443115234,10.734359741210938,10.759369850158691,10.759369850158691,0
2023-09-22 12:00:00+01:00,10.759099960327148,10.764829635620117,10.735440254211426,10.741080284118652,10.741080284118652,0
2023-09-22 13:00:00+01:00,10.741080284118652,10.74116039276123,10.70680046081543,10.716859817504883,10.716859817504883,0
2023-09-22 14:00:00+01:00,10.716839790344238,10.739680290222168,10.715880393981934,10.72284984588623,10.72284984588623,0
2023-09-22 15:00:00+01:00,10.722740173339844,10.725020408630371,10.704569816589355,10.718420028686523,10.718420028686523,0
2023-09-22 16:00:00+01:00,10.71679973602295,10.742449760437012,10.71679973602295,10.727899551391602,10.727899551391602,0
2023-09-22 17:00:00+01:00,10.727459907531738,10.750650405883789,10.72700023651123,10.736149787902832,10.736149787902832,0
2023-09-22 18:00:00+01:00,10.73624038696289,10.758520126342773,10.731670379638672,10.751299858093262,10.751299858093262,0
2023-09-22 19:00:00+01:00,10.751299858093262,10.766209602355957,10.748100280761719,10.752739906311035,10.752739906311035,0
2023-09-22 20:00:00+01:00,10.751910209655762,10.758529663085938,10.746190071105957,10.757369995117188,10.757369995117188,0
2023-09-22 21:00:00+01:00,10.757369995117188,10.759400367736816,10.742230415344238,10.742230415344238,10.742230415344238,0
2023-09-25 00:00:00+01:00,10.741700172424316,10.750749588012695,10.738100051879883,10.74789047241211,10.74789047241211,0
2023-09-25 01:00:00+01:00,10.747949600219727,10.754719734191895,10.73799991607666,10.741909980773926,10.741909980773926,0
2023-09-25 02:00:00+01:00,10.73958969116211,10.758279800415039,10.737709999084473,10.754480361938477,10.754480361938477,0
2023-09-25 03:00:00+01:00,10.754480361938477,10.76156997680664,10.746820449829102,10.748990058898926,10.748990058898926,0
2023-09-25 04:00:00+01:00,10.748900413513184,10.753990173339844,10.74435043334961,10.750200271606445,10.750200271606445,0
2023-09-25 05:00:00+01:00,10.750260353088379,10.75883960723877,10.745539665222168,10.749039649963379,10.749039649963379,0
2023-09-25 06:00:00+01:00,10.748880386352539,10.766860008239746,10.743370056152344,10.762550354003906,10.762550354003906,0
2023-09-25 07:00:00+01:00,10.762550354003906,10.766860008239746,10.73528003692627,10.739760398864746,10.739760398864746,0
2023-09-25 08:00:00+01:00,10.739480018615723,10.75841999053955,10.731900215148926,10.74390983581543,10.74390983581543,0
2023-09-25 09:00:00+01:00,10.744239807128906,10.764260292053223,10.739890098571777,10.761320114135742,10.761320114135742,0
2023-09-25 10:00:00+01:00,10.761340141296387,10.766610145568848,10.743579864501953,10.747650146484375,10.747650146484375,0
2023-09-25 11:00:00+01:00,10.748470306396484,10.751480102539062,10.715700149536133,10.735520362854004,10.735520362854004,0
2023-09-25 12:00:00+01:00,10.735520362854004,10.764300346374512,10.729889869689941,10.755279541015625,10.755279541015625,0
2023-09-25 13:00:00+01:00,10.754349708557129,10.763070106506348,10.741209983825684,10.75115966796875,10.75115966796875,0
2023-09-25 14:00:00+01:00,10.75094985961914,10.784170150756836,10.742050170898438,10.775460243225098,10.775460243225098,0
2023-09-25 15:00:00+01:00,10.775469779968262,10.819339752197266,10.770259857177734,10.817760467529297,10.817760467529297,0
2023-09-25 16:00:00+01:00,10.81857967376709,10.821470260620117,10.787190437316895,10.791810035705566,10.791810035705566,0
2023-09-25 17:00:00+01:00,10.79203987121582,10.797309875488281,10.780770301818848,10.792630195617676,10.792630195617676,0
2023-09-25 18:00:00+01:00,10.793700218200684,10.801199913024902,10.78085994720459,10.79341983795166,10.79341983795166,0
2023-09-25 19:00:00+01:00,10.793279647827148,10.803799629211426,10.787220001220703,10.801079750061035,10.801079750061035,0
2023-09-25 20:00:00+01:00,10.8018798828125,10.806529998779297,10.797249794006348,10.799139976501465,10.799139976501465,0
2023-09-25 21:00:00+01:00,10.7989501953125,10.80385971069336,10.789340019226074,10.800660133361816,10.800660133361816,0
2023-09-25 22:00:00+01:00,10.800459861755371,10.800459861755371,10.79446029663086,10.800060272216797,10.800060272216797,0
2023-09-25 23:00:00+01:00,10.799050331115723,10.802530288696289,10.79308032989502,10.797149658203125,10.797149658203125,0
2023-09-26 00:00:00+01:00,10.79740047454834,10.807379722595215,10.79242992401123,10.807120323181152,10.807120323181152,0
2023-09-26 01:00:00+01:00,10.807120323181152,10.820579528808594,10.803600311279297,10.818400382995605,10.818400382995605,0
2023-09-26 02:00:00+01:00,10.818400382995605,10.819479942321777,10.812399864196777,10.814769744873047,10.814769744873047,0
2023-09-26 03:00:00+01:00,10.814800262451172,10.826379776000977,10.812700271606445,10.825400352478027,10.825400352478027,0
2023-09-26 04:00:00+01:00,10.825400352478027,10.827949523925781,10.81820011138916,10.820520401000977,10.820520401000977,0
2023-09-26 05:00:00+01:00,10.82151985168457,10.826640129089355,10.813799858093262,10.816169738769531,10.816169738769531,0
2023-09-26 06:00:00+01:00,10.814510345458984,10.828669548034668,10.813380241394043,10.818099975585938,10.818099975585938,0
2023-09-26 07:00:00+01:00,10.81937026977539,10.848250389099121,10.816960334777832,10.845609664916992,10.845609664916992,0
2023-09-26 08:00:00+01:00,10.846440315246582,10.86635971069336,10.83213996887207,10.833669662475586,10.833669662475586,0
2023-09-26 09:00:00+01:00,10.833669662475586,10.838879585266113,10.802069664001465,10.809579849243164,10.809579849243164,0
2023-09-26 10:00:00+01:00,10.810540199279785,10.81503963470459,10.784709930419922,10.794469833374023,10.794469833374023,0
2023-09-26 11:00:00+01:00,10.794489860534668,10.799559593200684,10.777179718017578,10.79242992401123,10.79242992401123,0
2023-09-26 12:00:00+01:00,10.791410446166992,10.813739776611328,10.784330368041992,10.804759979248047,10.804759979248047,0
2023-09-26 13:00:00+01:00,10.804570198059082,10.806770324707031,10.773759841918945,10.786890029907227,10.786890029907227,0
2023-09-26 14:00:00+01:00,10.78676986694336,10.812939643859863,10.78512954711914,10.799059867858887,10.799059867858887,0
2023-09-26 15:00:00+01:00,10.797160148620605,10.816349983215332,10.77653980255127,10.790900230407715,10.790900230407715,0
2023-09-26 16:00:00+01:00,10.790900230407715,10.82509994506836,10.789589881896973,10.813579559326172,10.813579559326172,0
2023-09-26 17:00:00+01:00,10.813590049743652,10.823320388793945,10.809379577636719,10.817879676818848,10.817879676818848,0
2023-09-26 18:00:00+01:00,10.816940307617188,10.825550079345703,10.804710388183594,10.815400123596191,10.815400123596191,0
2023-09-26 19:00:00+01:00,10.816010475158691,10.838000297546387,10.812849998474121,10.826539993286133,10.826539993286133,0
2023-09-26 20:00:00+01:00,10.827460289001465,10.832489967346191,10.817859649658203,10.82036018371582,10.82036018371582,0
2023-09-26 21:00:00+01:00,10.82114028930664,10.822469711303711,10.809800148010254,10.813400268554688,10.813400268554688,0
2023-09-26 22:00:00+01:00,10.813420295715332,10.813420295715332,10.810110092163086,10.811539649963379,10.811539649963379,0
2023-09-26 23:00:00+01:00,10.810720443725586,10.820799827575684,10.81029987335205,10.819230079650879,10.819230079650879,0
2023-09-27 00:00:00+01:00,10.81624984741211,10.831029891967773,10.812760353088379,10.82505989074707,10.82505989074707,0
2023-09-27 01:00:00+01:00,10.824600219726562,10.834739685058594,10.813639640808105,10.83180046081543,10.83180046081543,0
2023-09-27 02:00:00+01:00,10.83141040802002,10.833669662475586,10.805500030517578,10.808059692382812,10.808059692382812,0
2023-09-27 03:00:00+01:00,10.807559967041016,10.826350212097168,10.80657958984375,10.817899703979492,10.817899703979492,0
2023-09-27 04:00:00+01:00,10.817440032958984,10.82483959197998,10.809100151062012,10.816650390625,10.816650390625,0
2023-09-27 05:00:00+01:00,10.816740036010742,10.824130058288574,10.813699722290039,10.81702995300293,10.81702995300293,0
2023-09-27 06:00:00+01:00,10.817879676818848,10.826899528503418,10.812600135803223,10.81902027130127,10.81902027130127,0
2023-09-27 07:00:00+01:00,10.819720268249512,10.827719688415527,10.800700187683105,10.805760383605957,10.805760383605957,0
2023-09-27 08:00:00+01:00,10.806909561157227,10.811800003051758,10.78987979888916,10.790769577026367,10.790769577026367,0
2023-09-27 09:00:00+01:00,10.79104995727539,10.794010162353516,10.757519721984863,10.779410362243652,10.779410362243652,0
2023-09-27 10:00:00+01:00,10.780130386352539,10.801779747009277,10.769350051879883,10.772139549255371,10.772139549255371,0
2023-09-27 11:00:00+01:00,10.77202033996582,10.787870407104492,10.758830070495605,10.78715991973877,10.78715991973877,0
2023-09-27 12:00:00+01:00,10.787960052490234,10.799320220947266,10.773679733276367,10.782560348510742,10.782560348510742,0
2023-09-27 13:00:00+01:00,10.781700134277344,10.787460327148438,10.751480102539062,10.760860443115234,10.760860443115234,0
2023-09-27 14:00:00+01:00,10.760560035705566,10.787949562072754,10.756759643554688,10.777359962463379,10.777359962463379,0
2023-09-27 15:00:00+01:00,10.777359962463379,10.794360160827637,10.747480392456055,10.749839782714844,10.749839782714844,0
2023-09-27 16:00:00+01:00,10.750459671020508,10.754369735717773,10.716070175170898,10.740139961242676,10.740139961242676,0
2023-09-27 17:00:00+01:00,10.738479614257812,10.759349822998047,10.736929893493652,10.755240440368652,10.755240440368652,0
2023-09-27 18:00:00+01:00,10.75547981262207,10.777179718017578,10.73876953125,10.7643404006958,10.7643404006958,0
2023-09-27 19:00:00+01:00,10.764169692993164,10.776579856872559,10.739830017089844,10.756070137023926,10.756070137023926,0
2023-09-27 20:00:00+01:00,10.756210327148438,10.768540382385254,10.733630180358887,10.762800216674805,10.762800216674805,0
2023-09-27 21:00:00+01:00,10.763680458068848,10.775079727172852,10.749290466308594,10.759759902954102,10.759759902954102,0
2023-09-27 22:00:00+01:00,10.758060455322266,10.758060455322266,10.746450424194336,10.750450134277344,10.750450134277344,0
2023-09-27 23:00:00+01:00,10.746930122375488,10.759129524230957,10.745519638061523,10.75553035736084,10.75553035736084,0
2023-09-28 00:00:00+01:00,10.754779815673828,10.764479637145996,10.752289772033691,10.757539749145508,10.757539749145508,0
2023-09-28 01:00:00+01:00,10.75767993927002,10.758060455322266,10.73390007019043,10.737750053405762,10.737750053405762,0
2023-09-28 02:00:00+01:00,10.738369941711426,10.743670463562012,10.726829528808594,10.737730026245117,10.737730026245117,0
2023-09-28 03:00:00+01:00,10.737600326538086,10.754050254821777,10.735199928283691,10.751740455627441,10.751740455627441,0
2023-09-28 04:00:00+01:00,10.752340316772461,10.753549575805664,10.745770454406738,10.748979568481445,10.748979568481445,0
2023-09-28 05:00:00+01:00,10.750929832458496,10.755780220031738,10.739060401916504,10.743169784545898,10.743169784545898,0
2023-09-28 06:00:00+01:00,10.742270469665527,10.75100040435791,10.731820106506348,10.733010292053223,10.733010292053223,0
2023-09-28 07:00:00+01:00,10.73330020904541,10.74683952331543,10.72877025604248,10.733329772949219,10.733329772949219,0
2023-09-28 08:00:00+01:00,10.7318696975708,10.738269805908203,10.708459854125977,10.72898006439209,10.72898006439209,0
2023-09-28 09:00:00+01:00,10.72916030883789,10.750679969787598,10.706600189208984,10.71914005279541,10.71914005279541,0
2023-09-28 10:00:00+01:00,10.71912956237793,10.728610038757324,10.698929786682129,10.708169937133789,10.708169937133789,0
2023-09-28 11:00:00+01:00,10.708169937133789,10.736689567565918,10.703479766845703,10.726079940795898,10.726079940795898,0
2023-09-28 12:00:00+01:00,10.726030349731445,10.748680114746094,10.72012996673584,10.741390228271484,10.741390228271484,0
2023-09-28 13:00:00+01:00,10.741399765014648,10.770569801330566,10.701379776000977,10.754409790039062,10.754409790039062,0
2023-09-28 14:00:00+01:00,10.754440307617188,10.757539749145508,10.713820457458496,10.730279922485352,10.730279922485352,0
2023-09-28 15:00:00+01:00,10.73054027557373,10.743809700012207,10.712109565734863,10.738849639892578,10.738849639892578,0
2023-09-28 16:00:00+01:00,10.738840103149414,10.744680404663086,10.70009994506836,10.706859588623047,10.706859588623047,0
2023-09-28 17:00:00+01:00,10.706350326538086,10.720560073852539,10.695579528808594,10.719969749450684,10.719969749450684,0
2023-09-28 18:00:00+01:00,10.719679832458496,10.743149757385254,10.714599609375,10.738570213317871,10.738570213317871,0
2023-09-28 19:00:00+01:00,10.73855972290039,10.739219665527344,10.721830368041992,10.729649543762207,10.729649543762207,0
2023-09-28 20:00:00+01:00,10.729630470275879,10.734660148620605,10.721750259399414,10.721920013427734,10.721920013427734,0
2023-09-28 21:00:00+01:00,10.72329044342041,10.729169845581055,10.719759941101074,10.721269607543945,10.721269607543945,0
2023-09-28 22:00:00+01:00,10.722660064697266,10.727250099182129,10.719449996948242,10.722049713134766,10.722049713134766,0
2023-09-28 23:00:00+01:00,10.722249984741211,10.722399711608887,10.710160255432129,10.720769882202148,10.720769882202148,0
2023-09-29 00:00:00+01:00,10.717880249023438,10.729840278625488,10.716010093688965,10.728050231933594,10.728050231933594,0
2023-09-29 01:00:00+01:00,10.728139877319336,10.73943042755127,10.72130012512207,10.732560157775879,10.732560157775879,0
2023-09-29 02:00:00+01:00,10.732430458068848,10.734740257263184,10.702799797058105,10.709650039672852,10.709650039672852,0
2023-09-29 03:00:00+01:00,10.710559844970703,10.71150016784668,10.68655014038086,10.69126033782959,10.69126033782959,0
2023-09-29 04:00:00+01:00,10.690449714660645,10.696749687194824,10.689499855041504,10.695280075073242,10.695280075073242,0
2023-09-29 05:00:00+01:00,10.695340156555176,10.696410179138184,10.68239974975586,10.68554973602295,10.68554973602295,0
2023-09-29 06:00:00+01:00,10.685569763183594,10.693380355834961,10.680100440979004,10.692150115966797,10.692150115966797,0
2023-09-29 07:00:00+01:00,10.691300392150879,10.695249557495117,10.63916015625,10.65835952758789,10.65835952758789,0
2023-09-29 08:00:00+01:00,10.657719612121582,10.658920288085938,10.604100227355957,10.604100227355957,10.604100227355957,0
2023-09-29 09:00:00+01:00,10.606550216674805,10.639820098876953,10.599180221557617,10.607139587402344,10.607139587402344,0
2023-09-29 10:00:00+01:00,10.606220245361328,10.617170333862305,10.590339660644531,10.595680236816406,10.595680236816406,0
2023-09-29 11:00:00+01:00,10.596570014953613,10.602219581604004,10.57390022277832,10.583499908447266,10.583499908447266,0
2023-09-29 12:00:00+01:00,10.583499908447266,10.631830215454102,10.578579902648926,10.624119758605957,10.624119758605957,0
2023-09-29 13:00:00+01:00,10.625269889831543,10.631230354309082,10.578579902648926,10.600279808044434,10.600279808044434,0
2023-09-29 14:00:00+01:00,10.599889755249023,10.668740272521973,10.599180221557617,10.656570434570312,10.656570434570312,0
2023-09-29 15:00:00+01:00,10.65542984008789,10.70287036895752,10.631389617919922,10.642800331115723,10.642800331115723,0
2023-09-29 16:00:00+01:00,10.642569541931152,10.679570198059082,10.632320404052734,10.659729957580566,10.659729957580566,0
2023-09-29 17:00:00+01:00,10.659250259399414,10.669050216674805,10.645979881286621,10.663960456848145,10.663960456848145,0
2023-09-29 18:00:00+01:00,10.665019989013672,10.69478988647461,10.66355037689209,10.688159942626953,10.688159942626953,0
2023-09-29 19:00:00+01:00,10.688130378723145,10.689530372619629,10.665300369262695,10.667929649353027,10.667929649353027,0
2023-09-29 20:00:00+01:00,10.667949676513672,10.69752025604248,10.660440444946289,10.695340156555176,10.695340156555176,0
2023-09-29 21:00:00+01:00,10.6947603225708,10.711429595947266,10.682769775390625,10.691619873046875,10.691619873046875,0
2023-10-02 01:00:00+01:00,10.710610389709473,10.717120170593262,10.69729995727539,10.717120170593262,10.717120170593262,0
2023-10-02 02:00:00+01:00,10.715620040893555,10.721770286560059,10.701950073242188,10.705120086669922,10.705120086669922,0
2023-10-02 03:00:00+01:00,10.706870079040527,10.711660385131836,10.700240135192871,10.706450462341309,10.706450462341309,0
2023-10-02 04:00:00+01:00,10.706700325012207,10.716070175170898,10.701199531555176,10.704689979553223,10.704689979553223,0
2023-10-02 05:00:00+01:00,10.704689979553223,10.714349746704102,10.70110034942627,10.711090087890625,10.711090087890625,0
2023-10-02 06:00:00+01:00,10.71189022064209,10.730079650878906,10.710169792175293,10.728090286254883,10.728090286254883,0
2023-10-02 07:00:00+01:00,10.727100372314453,10.733630180358887,10.670140266418457,10.671099662780762,10.671099662780762,0
2023-10-02 08:00:00+01:00,10.671520233154297,10.7018404006958,10.654120445251465,10.686240196228027,10.686240196228027,0
2023-10-02 09:00:00+01:00,10.68550968170166,10.711139678955078,10.681440353393555,10.700360298156738,10.700360298156738,0
2023-10-02 10:00:00+01:00,10.699540138244629,10.723170280456543,10.693889617919922,10.710149765014648,10.710149765014648,0
2023-10-02 11:00:00+01:00,10.710009574890137,10.719759941101074,10.689299583435059,10.7162504196167,10.7162504196167,0
2023-10-02 12:00:00+01:00,10.716679573059082,10.747590065002441,10.715279579162598,10.73997974395752,10.73997974395752,0
2023-10-02 13:00:00+01:00,10.73997974395752,10.765959739685059,10.735589981079102,10.76375961303711,10.76375961303711,0
2023-10-02 14:00:00+01:00,10.764920234680176,10.801130294799805,10.756190299987793,10.773249626159668,10.773249626159668,0
2023-10-02 15:00:00+01:00,10.774519920349121,10.826580047607422,10.756380081176758,10.819840431213379,10.819840431213379,0
2023-10-02 16:00:00+01:00,10.821240425109863,10.82820987701416,10.79990005493164,10.822500228881836,10.822500228881836,0
2023-10-02 17:00:00+01:00,10.824419975280762,10.842009544372559,10.811829566955566,10.84181022644043,10.84181022644043,0
2023-10-02 18:00:00+01:00,10.840800285339355,10.848099708557129,10.832039833068848,10.844799995422363,10.844799995422363,0
2023-10-02 19:00:00+01:00,10.84490966796875,10.854029655456543,10.836609840393066,10.844820022583008,10.844820022583008,0
2023-10-02 20:00:00+01:00,10.845600128173828,10.855770111083984,10.840900421142578,10.853699684143066,10.853699684143066,0
2023-10-02 21:00:00+01:00,10.853919982910156,10.860309600830078,10.845999717712402,10.856060028076172,10.856060028076172,0
2023-10-02 22:00:00+01:00,10.852450370788574,10.854260444641113,10.840999603271484,10.842300415039062,10.842300415039062,0
2023-10-02 23:00:00+01:00,10.84160041809082,10.853919982910156,10.84160041809082,10.851289749145508,10.851289749145508,0
2023-10-03 00:00:00+01:00,10.851300239562988,10.861530303955078,10.846699714660645,10.857230186462402,10.857230186462402,0
2023-10-03 01:00:00+01:00,10.856820106506348,10.877169609069824,10.856599807739258,10.869110107421875,10.869110107421875,0
2023-10-03 02:00:00+01:00,10.869009971618652,10.88014030456543,10.861200332641602,10.873319625854492,10.873319625854492,0
2023-10-03 03:00:00+01:00,10.873100280761719,10.885100364685059,10.871660232543945,10.877599716186523,10.877599716186523,0
2023-10-03 04:00:00+01:00,10.877599716186523,10.886560440063477,10.856880187988281,10.869500160217285,10.869500160217285,0
2023-10-03 05:00:00+01:00,10.868020057678223,10.893099784851074,10.865300178527832,10.88988971710205,10.88988971710205,0
2023-10-03 06:00:00+01:00,10.889900207519531,10.89844036102295,10.88541030883789,10.896209716796875,10.896209716796875,0
2023-10-03 07:00:00+01:00,10.897170066833496,10.899490356445312,10.854860305786133,10.85890007019043,10.85890007019043,0
2023-10-03 08:00:00+01:00,10.85890007019043,10.902130126953125,10.852709770202637,10.876150131225586,10.876150131225586,0
2023-10-03 09:00:00+01:00,10.877099990844727,10.881230354309082,10.837470054626465,10.860260009765625,10.860260009765625,0
2023-10-03 10:00:00+01:00,10.858909606933594,10.879229545593262,10.849100112915039,10.865480422973633,10.865480422973633,0
2023-10-03 11:00:00+01:00,10.866920471191406,10.890119552612305,10.860119819641113,10.886580467224121,10.886580467224121,0
2023-10-03 12:00:00+01:00,10.88539981842041,10.910429954528809,10.884960174560547,10.903559684753418,10.903559684753418,0
2023-10-03 13:00:00+01:00,10.904600143432617,10.939499855041504,10.893759727478027,10.933449745178223,10.933449745178223,0
2023-10-03 14:00:00+01:00,10.933600425720215,10.937089920043945,10.893619537353516,10.902119636535645,10.902119636535645,0
2023-10-03 15:00:00+01:00,10.900970458984375,10.966939926147461,10.899040222167969,10.95475959777832,10.95475959777832,0
2023-10-03 16:00:00+01:00,10.953740119934082,11.02299976348877,10.95359992980957,11.012700080871582,11.012700080871582,0
2023-10-03 17:00:00+01:00,11.01233959197998,11.01572036743164,10.961050033569336,10.979000091552734,10.979000091552734,0
2023-10-03 18:00:00+01:00,10.979240417480469,10.980600357055664,10.96245002746582,10.975000381469727,10.975000381469727,0
2023-10-03 19:00:00+01:00,10.974989891052246,11.000740051269531,10.956780433654785,10.96245002746582,10.96245002746582,0
2023-10-03 20:00:00+01:00,10.963310241699219,10.966259956359863,10.956130027770996,10.960949897766113,10.960949897766113,0
2023-10-03 21:00:00+01:00,10.960169792175293,10.964269638061523,10.947930335998535,10.959959983825684,10.959959983825684,0
2023-10-03 22:00:00+01:00,10.956720352172852,10.956720352172852,10.956680297851562,10.956680297851562,10.956680297851562,0
2023-10-03 23:00:00+01:00,10.950599670410156,10.959919929504395,10.949419975280762,10.955039978027344,10.955039978027344,0
2023-10-04 00:00:00+01:00,10.954540252685547,10.962929725646973,10.950759887695312,10.953390121459961,10.953390121459961,0
2023-10-04 01:00:00+01:00,10.953089714050293,10.95913028717041,10.938300132751465,10.95238971710205,10.95238971710205,0
2023-10-04 02:00:00+01:00,10.95221996307373,10.982890129089355,10.945899963378906,10.969160079956055,10.969160079956055,0
2023-10-04 03:00:00+01:00,10.969169616699219,10.975469589233398,10.959959983825684,10.971770286560059,10.971770286560059,0
2023-10-04 04:00:00+01:00,10.971529960632324,10.981030464172363,10.96875,10.979040145874023,10.979040145874023,0
2023-10-04 05:00:00+01:00,10.979040145874023,10.984230041503906,10.952199935913086,10.958970069885254,10.958970069885254,0
2023-10-04 06:00:00+01:00,10.958000183105469,10.968660354614258,10.949199676513672,10.961270332336426,10.961270332336426,0
2023-10-04 07:00:00+01:00,10.96187973022461,11.004289627075195,10.95890998840332,10.985699653625488,10.985699653625488,0
2023-10-04 08:00:00+01:00,10.985480308532715,11.005669593811035,10.94690990447998,10.950400352478027,10.950400352478027,0
2023-10-04 09:00:00+01:00,10.951140403747559,10.961139678955078,10.936400413513184,10.946479797363281,10.946479797363281,0
2023-10-04 10:00:00+01:00,10.945830345153809,10.95361042022705,10.921799659729004,10.928709983825684,10.928709983825684,0
2023-10-04 11:00:00+01:00,10.927800178527832,10.982529640197754,10.921099662780762,10.9591703414917,10.9591703414917,0
2023-10-04 12:00:00+01:00,10.9581298828125,10.964489936828613,10.929220199584961,10.959219932556152,10.959219932556152,0
2023-10-04 13:00:00+01:00,10.960359573364258,10.971019744873047,10.916190147399902,10.928150177001953,10.928150177001953,0
2023-10-04 14:00:00+01:00,10.928230285644531,10.982319831848145,10.917980194091797,10.965470314025879,10.965470314025879,0
2023-10-04 15:00:00+01:00,10.965470314025879,11.034899711608887,10.963749885559082,11.028719902038574,11.028719902038574,0
2023-10-04 16:00:00+01:00,11.027600288391113,11.038619995117188,10.983969688415527,10.987250328063965,10.987250328063965,0
2023-10-04 17:00:00+01:00,10.987030029296875,11.000980377197266,10.976030349731445,10.984910011291504,10.984910011291504,0
2023-10-04 18:00:00+01:00,10.984950065612793,11.013469696044922,10.98190975189209,11.009119987487793,11.009119987487793,0
2023-10-04 19:00:00+01:00,11.009140014648438,11.015959739685059,10.996809959411621,11.005160331726074,11.005160331726074,0
2023-10-04 20:00:00+01:00,11.005160331726074,11.009920120239258,10.979140281677246,10.988030433654785,10.988030433654785,0
2023-10-04 21:00:00+01:00,10.989410400390625,11.008350372314453,10.987019538879395,11.001709938049316,11.001709938049316,0
2023-10-04 23:00:00+01:00,10.99071979522705,11.000519752502441,10.99071979522705,10.9975004196167,10.9975004196167,0
2023-10-05 00:00:00+01:00,10.999520301818848,11.007349967956543,10.989709854125977,11.005399703979492,11.005399703979492,0
2023-10-05 01:00:00+01:00,11.005599975585938,11.019220352172852,10.98740005493164,10.990019798278809,10.990019798278809,0
2023-10-05 02:00:00+01:00,10.990019798278809,10.992019653320312,10.964360237121582,10.965550422668457,10.965550422668457,0
2023-10-05 03:00:00+01:00,10.965550422668457,10.971449851989746,10.956999778747559,10.966650009155273,10.966650009155273,0
2023-10-05 04:00:00+01:00,10.966650009155273,10.970640182495117,10.953729629516602,10.96010971069336,10.96010971069336,0
2023-10-05 05:00:00+01:00,10.960149765014648,10.963939666748047,10.956000328063965,10.962420463562012,10.962420463562012,0
2023-10-05 06:00:00+01:00,10.962369918823242,10.974390029907227,10.959799766540527,10.973199844360352,10.973199844360352,0
2023-10-05 07:00:00+01:00,10.981030464172363,10.999199867248535,10.9753999710083,10.976679801940918,10.976679801940918,0
2023-10-05 08:00:00+01:00,10.976099967956543,10.999879837036133,10.966309547424316,10.990240097045898,10.990240097045898,0
2023-10-05 09:00:00+01:00,10.990240097045898,11.035639762878418,10.967860221862793,11.033599853515625,11.033599853515625,0
2023-10-05 10:00:00+01:00,11.033349990844727,11.03693962097168,11.007499694824219,11.014869689941406,11.014869689941406,0
2023-10-05 11:00:00+01:00,11.014739990234375,11.026269912719727,10.998459815979004,11.01476001739502,11.01476001739502,0
2023-10-05 12:00:00+01:00,11.014840126037598,11.029930114746094,10.9891996383667,10.993200302124023,10.993200302124023,0
2023-10-05 13:00:00+01:00,10.994050025939941,11.032039642333984,10.985799789428711,10.999119758605957,10.999119758605957,0
2023-10-05 14:00:00+01:00,10.999199867248535,11.026619911193848,10.97819995880127,10.985879898071289,10.985879898071289,0
2023-10-05 15:00:00+01:00,10.987210273742676,11.011540412902832,10.974360466003418,10.980400085449219,10.980400085449219,0
2023-10-05 16:00:00+01:00,10.98169994354248,11.006750106811523,10.97700023651123,11.00098991394043,11.00098991394043,0
2023-10-05 17:00:00+01:00,10.999970436096191,11.003299713134766,10.969539642333984,10.979430198669434,10.979430198669434,0
2023-10-05 18:00:00+01:00,10.979430198669434,10.990269660949707,10.961259841918945,10.968680381774902,10.968680381774902,0
2023-10-05 19:00:00+01:00,10.968680381774902,10.973509788513184,10.954050064086914,10.961819648742676,10.961819648742676,0
2023-10-05 20:00:00+01:00,10.961899757385254,10.9724702835083,10.95382022857666,10.957050323486328,10.957050323486328,0
2023-10-05 21:00:00+01:00,10.957130432128906,10.966939926147461,10.946800231933594,10.947660446166992,10.947660446166992,0
2023-10-05 23:00:00+01:00,10.955349922180176,10.965729713439941,10.949600219726562,10.951820373535156,10.951820373535156,0
2023-10-06 00:00:00+01:00,10.958359718322754,10.964150428771973,10.952679634094238,10.963589668273926,10.963589668273926,0
2023-10-06 01:00:00+01:00,10.963000297546387,10.96741008758545,10.95930004119873,10.964619636535645,10.964619636535645,0
2023-10-06 02:00:00+01:00,10.964289665222168,10.970190048217773,10.956600189208984,10.963629722595215,10.963629722595215,0
2023-10-06 03:00:00+01:00,10.963629722595215,10.970319747924805,10.95751953125,10.961799621582031,10.961799621582031,0
2023-10-06 04:00:00+01:00,10.961000442504883,10.970199584960938,10.959199905395508,10.965629577636719,10.965629577636719,0
2023-10-06 05:00:00+01:00,10.966890335083008,10.976770401000977,10.964810371398926,10.97367000579834,10.97367000579834,0
2023-10-06 06:00:00+01:00,10.973870277404785,11.0001802444458,10.972200393676758,10.985480308532715,10.985480308532715,0
2023-10-06 07:00:00+01:00,10.986120223999023,11.00020980834961,10.972999572753906,10.990599632263184,10.990599632263184,0
2023-10-06 08:00:00+01:00,10.991089820861816,10.997289657592773,10.946539878845215,10.947600364685059,10.947600364685059,0
2023-10-06 09:00:00+01:00,10.948249816894531,10.976829528808594,10.944299697875977,10.970979690551758,10.970979690551758,0
2023-10-06 10:00:00+01:00,10.970879554748535,10.982230186462402,10.955269813537598,10.961009979248047,10.961009979248047,0
2023-10-06 11:00:00+01:00,10.962089538574219,10.966699600219727,10.94849967956543,10.964810371398926,10.964810371398926,0
2023-10-06 12:00:00+01:00,10.96323013305664,10.985950469970703,10.96323013305664,10.974200248718262,10.974200248718262,0
2023-10-06 13:00:00+01:00,10.974220275878906,11.07511043548584,10.96222972869873,11.053339958190918,11.053339958190918,0
2023-10-06 14:00:00+01:00,11.053210258483887,11.064290046691895,10.99779987335205,11.032580375671387,11.032580375671387,0
2023-10-06 15:00:00+01:00,11.031760215759277,11.041529655456543,10.966910362243652,10.99392032623291,10.99392032623291,0
2023-10-06 16:00:00+01:00,10.994830131530762,11.000160217285156,10.89801025390625,10.911470413208008,10.911470413208008,0
2023-10-06 17:00:00+01:00,10.9128999710083,10.936450004577637,10.909370422363281,10.935870170593262,10.935870170593262,0
2023-10-06 18:00:00+01:00,10.933600425720215,10.935879707336426,10.902020454406738,10.908519744873047,10.908519744873047,0
2023-10-06 19:00:00+01:00,10.908499717712402,10.91355037689209,10.87399959564209,10.89484977722168,10.89484977722168,0
2023-10-06 20:00:00+01:00,10.89663028717041,10.91016960144043,10.891539573669434,10.905940055847168,10.905940055847168,0
2023-10-06 21:00:00+01:00,10.907750129699707,10.91963005065918,10.903840065002441,10.907569885253906,10.907569885253906,0
2023-10-06 22:00:00+01:00,10.902000427246094,10.902000427246094,10.902000427246094,10.902000427246094,10.902000427246094,0
2023-10-09 00:00:00+01:00,10.888400077819824,10.893460273742676,10.877240180969238,10.885760307312012,10.885760307312012,0
2023-10-09 01:00:00+01:00,10.885769844055176,10.892629623413086,10.872980117797852,10.878560066223145,10.878560066223145,0
2023-10-09 02:00:00+01:00,10.877479553222656,10.899700164794922,10.875800132751465,10.893400192260742,10.893400192260742,0
2023-10-09 03:00:00+01:00,10.89330005645752,10.898200035095215,10.887100219726562,10.892169952392578,10.892169952392578,0
2023-10-09 04:00:00+01:00,10.892339706420898,10.906370162963867,10.890399932861328,10.90410041809082,10.90410041809082,0
2023-10-09 05:00:00+01:00,10.904199600219727,10.915149688720703,10.900230407714844,10.910260200500488,10.910260200500488,0
2023-10-09 06:00:00+01:00,10.909700393676758,10.921910285949707,10.89342975616455,10.91133975982666,10.91133975982666,0
2023-10-09 07:00:00+01:00,10.910929679870605,10.952239990234375,10.895700454711914,10.950989723205566,10.950989723205566,0
2023-10-09 08:00:00+01:00,10.949769973754883,10.953940391540527,10.910849571228027,10.914159774780273,10.914159774780273,0
2023-10-09 09:00:00+01:00,10.914460182189941,10.933540344238281,10.898329734802246,10.90248966217041,10.90248966217041,0
2023-10-09 10:00:00+01:00,10.903650283813477,10.903949737548828,10.877880096435547,10.87837028503418,10.87837028503418,0
2023-10-09 11:00:00+01:00,10.879420280456543,10.907540321350098,10.876970291137695,10.901269912719727,10.901269912719727,0
2023-10-09 12:00:00+01:00,10.900150299072266,10.90835952758789,10.891730308532715,10.903690338134766,10.903690338134766,0
2023-10-09 13:00:00+01:00,10.904800415039062,10.917189598083496,10.88599967956543,10.89253044128418,10.89253044128418,0
2023-10-09 14:00:00+01:00,10.8927001953125,10.89525032043457,10.854350090026855,10.864850044250488,10.864850044250488,0
2023-10-09 15:00:00+01:00,10.864850044250488,10.866350173950195,10.821479797363281,10.823800086975098,10.823800086975098,0
2023-10-09 16:00:00+01:00,10.824520111083984,10.835729598999023,10.809020042419434,10.830309867858887,10.830309867858887,0
2023-10-09 17:00:00+01:00,10.83174991607666,10.839200019836426,10.821669578552246,10.837499618530273,10.837499618530273,0
2023-10-09 18:00:00+01:00,10.836429595947266,10.839099884033203,10.797579765319824,10.799280166625977,10.799280166625977,0
2023-10-09 19:00:00+01:00,10.799389839172363,10.801019668579102,10.789079666137695,10.794050216674805,10.794050216674805,0
2023-10-09 20:00:00+01:00,10.793899536132812,10.794599533081055,10.779620170593262,10.780240058898926,10.780240058898926,0
2023-10-09 21:00:00+01:00,10.77970027923584,10.787360191345215,10.772859573364258,10.774020195007324,10.774020195007324,0
2023-10-09 22:00:00+01:00,10.781729698181152,10.781729698181152,10.767640113830566,10.770770072937012,10.770770072937012,0
2023-10-09 23:00:00+01:00,10.779020309448242,10.782219886779785,10.769599914550781,10.7747802734375,10.7747802734375,0
2023-10-10 00:00:00+01:00,10.776089668273926,10.779439926147461,10.761500358581543,10.77202033996582,10.77202033996582,0
2023-10-10 01:00:00+01:00,10.772120475769043,10.783419609069824,10.761679649353027,10.76869010925293,10.76869010925293,0
2023-10-10 02:00:00+01:00,10.768179893493652,10.773670196533203,10.75846004486084,10.769269943237305,10.769269943237305,0
2023-10-10 03:00:00+01:00,10.769120216369629,10.784290313720703,10.762479782104492,10.783599853515625,10.783599853515625,0
2023-10-10 04:00:00+01:00,10.784310340881348,10.785679817199707,10.776599884033203,10.781479835510254,10.781479835510254,0
2023-10-10 05:00:00+01:00,10.781299591064453,10.793680191040039,10.780579566955566,10.791970252990723,10.791970252990723,0
2023-10-10 06:00:00+01:00,10.791959762573242,10.810259819030762,10.783639907836914,10.796380043029785,10.796380043029785,0
2023-10-10 07:00:00+01:00,10.81089973449707,10.848609924316406,10.80288028717041,10.833620071411133,10.833620071411133,0
2023-10-10 08:00:00+01:00,10.833869934082031,10.87876033782959,10.827790260314941,10.859829902648926,10.859829902648926,0
2023-10-10 09:00:00+01:00,10.859820365905762,10.867280006408691,10.806889533996582,10.819999694824219,10.819999694824219,0
2023-10-10 10:00:00+01:00,10.820329666137695,10.83236026763916,10.808429718017578,10.818619728088379,10.818619728088379,0
2023-10-10 11:00:00+01:00,10.817950248718262,10.843079566955566,10.81758975982666,10.839139938354492,10.839139938354492,0
2023-10-10 12:00:00+01:00,10.83998966217041,10.88074016571045,10.837349891662598,10.873390197753906,10.873390197753906,0
2023-10-10 13:00:00+01:00,10.873299598693848,10.879509925842285,10.832119941711426,10.835610389709473,10.835610389709473,0
2023-10-10 14:00:00+01:00,10.837329864501953,10.851110458374023,10.82886028289795,10.831660270690918,10.831660270690918,0
2023-10-10 15:00:00+01:00,10.831430435180664,10.832590103149414,10.804100036621094,10.82859992980957,10.82859992980957,0
2023-10-10 16:00:00+01:00,10.82903003692627,10.837030410766602,10.78794002532959,10.794879913330078,10.794879913330078,0
2023-10-10 17:00:00+01:00,10.794599533081055,10.801460266113281,10.781740188598633,10.782059669494629,10.782059669494629,0
2023-10-10 18:00:00+01:00,10.782059669494629,10.813429832458496,10.781609535217285,10.808979988098145,10.808979988098145,0
2023-10-10 19:00:00+01:00,10.808799743652344,10.811849594116211,10.789779663085938,10.803230285644531,10.803230285644531,0
2023-10-10 20:00:00+01:00,10.802490234375,10.807729721069336,10.78794002532959,10.795100212097168,10.795100212097168,0
2023-10-10 21:00:00+01:00,10.79401969909668,10.80228042602539,10.79181957244873,10.797980308532715,10.797980308532715,0
2023-10-10 22:00:00+01:00,10.79675006866455,10.809630393981934,10.793869972229004,10.808819770812988,10.808819770812988,0
2023-10-10 23:00:00+01:00,10.803449630737305,10.803449630737305,10.793959617614746,10.796930313110352,10.796930313110352,0
2023-10-11 00:00:00+01:00,10.796509742736816,10.805279731750488,10.792160034179688,10.803330421447754,10.803330421447754,0
2023-10-11 01:00:00+01:00,10.801219940185547,10.803990364074707,10.78242015838623,10.789859771728516,10.789859771728516,0
2023-10-11 02:00:00+01:00,10.79069995880127,10.801969528198242,10.784210205078125,10.790969848632812,10.790969848632812,0
2023-10-11 03:00:00+01:00,10.790369987487793,10.80459976196289,10.789899826049805,10.793700218200684,10.793700218200684,0
2023-10-11 04:00:00+01:00,10.793490409851074,10.799349784851074,10.791799545288086,10.79502010345459,10.79502010345459,0
2023-10-11 05:00:00+01:00,10.79502010345459,10.798990249633789,10.786600112915039,10.798110008239746,10.798110008239746,0
2023-10-11 06:00:00+01:00,10.798540115356445,10.805390357971191,10.786009788513184,10.797109603881836,10.797109603881836,0
2023-10-11 07:00:00+01:00,10.799449920654297,10.80780029296875,10.775699615478516,10.785929679870605,10.785929679870605,0
2023-10-11 08:00:00+01:00,10.785750389099121,10.812479972839355,10.768210411071777,10.804269790649414,10.804269790649414,0
2023-10-11 09:00:00+01:00,10.803110122680664,10.819680213928223,10.79049015045166,10.795849800109863,10.795849800109863,0
2023-10-11 10:00:00+01:00,10.797200202941895,10.813870429992676,10.785140037536621,10.812789916992188,10.812789916992188,0
2023-10-11 11:00:00+01:00,10.811619758605957,10.839329719543457,10.808210372924805,10.83156967163086,10.83156967163086,0
2023-10-11 12:00:00+01:00,10.83158016204834,10.84508991241455,10.82289981842041,10.838040351867676,10.838040351867676,0
2023-10-11 13:00:00+01:00,10.837300300598145,10.851900100708008,10.81801986694336,10.820500373840332,10.820500373840332,0
2023-10-11 14:00:00+01:00,10.820429801940918,10.846870422363281,10.808899879455566,10.823969841003418,10.823969841003418,0
2023-10-11 15:00:00+01:00,10.825079917907715,10.868789672851562,10.821479797363281,10.836810111999512,10.836810111999512,0
2023-10-11 16:00:00+01:00,10.836810111999512,10.871660232543945,10.835630416870117,10.855159759521484,10.855159759521484,0
2023-10-11 17:00:00+01:00,10.855259895324707,10.865920066833496,10.848690032958984,10.855130195617676,10.855130195617676,0
2023-10-11 18:00:00+01:00,10.855369567871094,10.881959915161133,10.845490455627441,10.85962963104248,10.85962963104248,0
2023-10-11 19:00:00+01:00,10.861720085144043,10.878950119018555,10.842180252075195,10.856149673461914,10.856149673461914,0
2023-10-11 20:00:00+01:00,10.855799674987793,10.85789966583252,10.847769737243652,10.853260040283203,10.853260040283203,0
2023-10-11 21:00:00+01:00,10.853690147399902,10.85986042022705,10.844019889831543,10.847060203552246,10.847060203552246,0
2023-10-11 22:00:00+01:00,10.847319602966309,10.847319602966309,10.840959548950195,10.840959548950195,10.840959548950195,0
2023-10-11 23:00:00+01:00,10.841520309448242,10.85181999206543,10.841520309448242,10.847089767456055,10.847089767456055,0
2023-10-12 00:00:00+01:00,10.848270416259766,10.85177993774414,10.835240364074707,10.851320266723633,10.851320266723633,0
2023-10-12 01:00:00+01:00,10.850460052490234,10.859169960021973,10.83899974822998,10.840829849243164,10.840829849243164,0
2023-10-12 02:00:00+01:00,10.839670181274414,10.845259666442871,10.831939697265625,10.8371000289917,10.8371000289917,0
2023-10-12 03:00:00+01:00,10.837200164794922,10.848759651184082,10.834099769592285,10.84302043914795,10.84302043914795,0
2023-10-12 04:00:00+01:00,10.843099594116211,10.850290298461914,10.83899974822998,10.84000015258789,10.84000015258789,0
2023-10-12 05:00:00+01:00,10.840200424194336,10.843290328979492,10.837559700012207,10.838379859924316,10.838379859924316,0
2023-10-12 06:00:00+01:00,10.838319778442383,10.849969863891602,10.838319778442383,10.847729682922363,10.847729682922363,0
2023-10-12 07:00:00+01:00,10.845800399780273,10.858960151672363,10.826250076293945,10.84397029876709,10.84397029876709,0
2023-10-12 08:00:00+01:00,10.84397029876709,10.86925983428955,10.842530250549316,10.863120079040527,10.863120079040527,0
2023-10-12 09:00:00+01:00,10.86493968963623,10.870940208435059,10.853500366210938,10.856659889221191,10.856659889221191,0
2023-10-12 10:00:00+01:00,10.856659889221191,10.862030029296875,10.845669746398926,10.846360206604004,10.846360206604004,0
2023-10-12 11:00:00+01:00,10.846980094909668,10.85569953918457,10.842700004577637,10.853710174560547,10.853710174560547,0
2023-10-12 12:00:00+01:00,10.853699684143066,10.858819961547852,10.836359977722168,10.837969779968262,10.837969779968262,0
2023-10-12 13:00:00+01:00,10.837030410766602,10.897600173950195,10.825989723205566,10.88014030456543,10.88014030456543,0
2023-10-12 14:00:00+01:00,10.88014030456543,10.941690444946289,10.866499900817871,10.9339599609375,10.9339599609375,0
2023-10-12 15:00:00+01:00,10.932999610900879,10.946269989013672,10.915019989013672,10.936220169067383,10.936220169067383,0
2023-10-12 16:00:00+01:00,10.93612003326416,10.963890075683594,10.929400444030762,10.94909954071045,10.94909954071045,0
2023-10-12 17:00:00+01:00,10.95022964477539,10.969949722290039,10.9385404586792,10.963500022888184,10.963500022888184,0
2023-10-12 18:00:00+01:00,10.963500022888184,10.989439964294434,10.961999893188477,10.981539726257324,10.981539726257324,0
2023-10-12 19:00:00+01:00,10.983519554138184,10.99567985534668,10.969659805297852,10.982569694519043,10.982569694519043,0
2023-10-12 20:00:00+01:00,10.983059883117676,10.983059883117676,10.96306037902832,10.971240043640137,10.971240043640137,0
2023-10-12 21:00:00+01:00,10.971240043640137,10.97780990600586,10.96679973602295,10.971610069274902,10.971610069274902,0
2023-10-12 22:00:00+01:00,10.971320152282715,10.971320152282715,10.965680122375488,10.965680122375488,10.965680122375488,0
2023-10-12 23:00:00+01:00,10.967309951782227,10.972800254821777,10.963839530944824,10.96660041809082,10.96660041809082,0
2023-10-13 00:00:00+01:00,10.967729568481445,10.972000122070312,10.961150169372559,10.96576976776123,10.96576976776123,0
2023-10-13 01:00:00+01:00,10.965200424194336,10.967849731445312,10.955100059509277,10.958399772644043,10.958399772644043,0
2023-10-13 02:00:00+01:00,10.958399772644043,10.96267032623291,10.952099800109863,10.955679893493652,10.955679893493652,0
2023-10-13 03:00:00+01:00,10.955780029296875,10.959219932556152,10.946290016174316,10.948570251464844,10.948570251464844,0
2023-10-13 04:00:00+01:00,10.949520111083984,10.954119682312012,10.942049980163574,10.949589729309082,10.949589729309082,0
2023-10-13 05:00:00+01:00,10.950679779052734,10.957670211791992,10.946800231933594,10.955499649047852,10.955499649047852,0
2023-10-13 06:00:00+01:00,10.955699920654297,10.964269638061523,10.948160171508789,10.952159881591797,10.952159881591797,0
2023-10-13 07:00:00+01:00,10.952730178833008,10.990960121154785,10.945409774780273,10.978619575500488,10.978619575500488,0
2023-10-13 08:00:00+01:00,10.980199813842773,10.981499671936035,10.915399551391602,10.930800437927246,10.930800437927246,0
2023-10-13 09:00:00+01:00,10.9306001663208,10.93552017211914,10.908479690551758,10.933549880981445,10.933549880981445,0
2023-10-13 10:00:00+01:00,10.93336009979248,10.95149040222168,10.92389965057373,10.937350273132324,10.937350273132324,0
2023-10-13 11:00:00+01:00,10.937179565429688,10.955510139465332,10.926400184631348,10.948280334472656,10.948280334472656,0
2023-10-13 12:00:00+01:00,10.94629955291748,10.952230453491211,10.920740127563477,10.932459831237793,10.932459831237793,0
2023-10-13 13:00:00+01:00,10.93220043182373,10.943659782409668,10.90939998626709,10.920649528503418,10.920649528503418,0
2023-10-13 14:00:00+01:00,10.920660018920898,10.953020095825195,10.918800354003906,10.938779830932617,10.938779830932617,0
2023-10-13 15:00:00+01:00,10.93826961517334,10.980830192565918,10.937700271606445,10.968000411987305,10.968000411987305,0
2023-10-13 16:00:00+01:00,10.967949867248535,10.986080169677734,10.953900337219238,10.955169677734375,10.955169677734375,0
2023-10-13 17:00:00+01:00,10.955459594726562,10.95734977722168,10.934249877929688,10.943300247192383,10.943300247192383,0
2023-10-13 18:00:00+01:00,10.945150375366211,10.951000213623047,10.932900428771973,10.942319869995117,10.942319869995117,0
2023-10-13 19:00:00+01:00,10.940400123596191,10.944609642028809,10.924619674682617,10.931340217590332,10.931340217590332,0
2023-10-13 20:00:00+01:00,10.931340217590332,10.93362045288086,10.918230056762695,10.925040245056152,10.925040245056152,0
2023-10-13 21:00:00+01:00,10.925869941711426,10.933659553527832,10.92197036743164,10.92809009552002,10.92809009552002,0
2023-10-16 00:00:00+01:00,10.919779777526855,10.926019668579102,10.91312026977539,10.915989875793457,10.915989875793457,0
2023-10-16 01:00:00+01:00,10.915679931640625,10.93198013305664,10.911450386047363,10.929169654846191,10.929169654846191,0
2023-10-16 02:00:00+01:00,10.929200172424316,10.929929733276367,10.913029670715332,10.917559623718262,10.917559623718262,0
2023-10-16 03:00:00+01:00,10.917340278625488,10.92201042175293,10.904919624328613,10.910120010375977,10.910120010375977,0
2023-10-16 04:00:00+01:00,10.910710334777832,10.917449951171875,10.90719985961914,10.91232967376709,10.91232967376709,0
2023-10-16 05:00:00+01:00,10.910980224609375,10.913949966430664,10.90569019317627,10.911089897155762,10.911089897155762,0
2023-10-16 06:00:00+01:00,10.911870002746582,10.920330047607422,10.90464973449707,10.918069839477539,10.918069839477539,0
2023-10-16 07:00:00+01:00,10.917530059814453,10.939109802246094,10.908729553222656,10.937370300292969,10.937370300292969,0
2023-10-16 08:00:00+01:00,10.936200141906738,10.943779945373535,10.921680450439453,10.926300048828125,10.926300048828125,0
2023-10-16 09:00:00+01:00,10.926300048828125,10.944080352783203,10.917799949645996,10.925029754638672,10.925029754638672,0
2023-10-16 10:00:00+01:00,10.924010276794434,10.943860054016113,10.921799659729004,10.929969787597656,10.929969787597656,0
2023-10-16 11:00:00+01:00,10.929759979248047,10.94948959350586,10.92648983001709,10.947790145874023,10.947790145874023,0
2023-10-16 12:00:00+01:00,10.947779655456543,10.951709747314453,10.916179656982422,10.92300033569336,10.92300033569336,0
2023-10-16 13:00:00+01:00,10.922840118408203,10.933650016784668,10.902250289916992,10.911219596862793,10.911219596862793,0
2023-10-16 14:00:00+01:00,10.910200119018555,10.957670211791992,10.908900260925293,10.954750061035156,10.954750061035156,0
2023-10-16 15:00:00+01:00,10.953300476074219,10.969820022583008,10.940199851989746,10.943389892578125,10.943389892578125,0
2023-10-16 16:00:00+01:00,10.945099830627441,10.965129852294922,10.93416976928711,10.950900077819824,10.950900077819824,0
2023-10-16 17:00:00+01:00,10.952690124511719,10.955140113830566,10.937560081481934,10.939860343933105,10.939860343933105,0
2023-10-16 18:00:00+01:00,10.940879821777344,10.94944953918457,10.927000045776367,10.931320190429688,10.931320190429688,0
2023-10-16 19:00:00+01:00,10.931320190429688,10.944109916687012,10.92300033569336,10.933369636535645,10.933369636535645,0
2023-10-16 20:00:00+01:00,10.932700157165527,10.935059547424316,10.920700073242188,10.92158031463623,10.92158031463623,0
2023-10-16 21:00:00+01:00,10.923259735107422,10.925600051879883,10.911800384521484,10.913060188293457,10.913060188293457,0
2023-10-16 22:00:00+01:00,10.913640022277832,10.913640022277832,10.907520294189453,10.909660339355469,10.909660339355469,0
2023-10-16 23:00:00+01:00,10.909660339355469,10.923089981079102,10.905099868774414,10.92294979095459,10.92294979095459,0
2023-10-17 00:00:00+01:00,10.922619819641113,10.926870346069336,10.919520378112793,10.923819541931152,10.923819541931152,0
2023-10-17 01:00:00+01:00,10.923680305480957,10.928919792175293,10.917799949645996,10.923669815063477,10.923669815063477,0
2023-10-17 02:00:00+01:00,10.923760414123535,10.936260223388672,10.921699523925781,10.932600021362305,10.932600021362305,0
2023-10-17 03:00:00+01:00,10.932089805603027,10.94651985168457,10.92943000793457,10.9385404586792,10.9385404586792,0
2023-10-17 04:00:00+01:00,10.938159942626953,10.940770149230957,10.92378044128418,10.933329582214355,10.933329582214355,0
2023-10-17 05:00:00+01:00,10.932869911193848,10.940070152282715,10.930529594421387,10.937270164489746,10.937270164489746,0
2023-10-17 06:00:00+01:00,10.937259674072266,10.945280075073242,10.931679725646973,10.945210456848145,10.945210456848145,0
2023-10-17 07:00:00+01:00,10.945210456848145,10.949910163879395,10.932999610900879,10.93910026550293,10.93910026550293,0
2023-10-17 08:00:00+01:00,10.94021987915039,10.945500373840332,10.92119026184082,10.931440353393555,10.931440353393555,0
2023-10-17 09:00:00+01:00,10.933210372924805,10.983790397644043,10.931639671325684,10.971449851989746,10.971449851989746,0
2023-10-17 10:00:00+01:00,10.970589637756348,10.984089851379395,10.953499794006348,10.956999778747559,10.956999778747559,0
2023-10-17 11:00:00+01:00,10.956350326538086,10.973719596862793,10.95110034942627,10.962479591369629,10.962479591369629,0
2023-10-17 12:00:00+01:00,10.96090030670166,10.962479591369629,10.928099632263184,10.939760208129883,10.939760208129883,0
2023-10-17 13:00:00+01:00,10.939749717712402,11.010290145874023,10.932649612426758,10.995809555053711,10.995809555053711,0
2023-10-17 14:00:00+01:00,10.995989799499512,11.012709617614746,10.975310325622559,10.984600067138672,10.984600067138672,0
2023-10-17 15:00:00+01:00,10.98546028137207,10.98900032043457,10.927390098571777,10.951519966125488,10.951519966125488,0
2023-10-17 16:00:00+01:00,10.950309753417969,10.969639778137207,10.938779830932617,10.942540168762207,10.942540168762207,0
2023-10-17 17:00:00+01:00,10.942529678344727,10.958359718322754,10.93908977508545,10.957719802856445,10.957719802856445,0
2023-10-17 18:00:00+01:00,10.956780433654785,10.975830078125,10.953499794006348,10.970609664916992,10.970609664916992,0
2023-10-17 19:00:00+01:00,10.970970153808594,10.972319602966309,10.95479965209961,10.963500022888184,10.963500022888184,0
2023-10-17 20:00:00+01:00,10.964400291442871,10.964690208435059,10.945260047912598,10.951009750366211,10.951009750366211,0
2023-10-17 21:00:00+01:00,10.951820373535156,10.956399917602539,10.943960189819336,10.945110321044922,10.945110321044922,0
2023-10-17 22:00:00+01:00,10.945099830627441,10.94616985321045,10.941439628601074,10.943940162658691,10.943940162658691,0
2023-10-17 23:00:00+01:00,10.947480201721191,10.950730323791504,10.942000389099121,10.946220397949219,10.946220397949219,0
2023-10-18 00:00:00+01:00,10.946419715881348,10.954509735107422,10.94357967376709,10.948800086975098,10.948800086975098,0
2023-10-18 01:00:00+01:00,10.948800086975098,10.970430374145508,10.9441499710083,10.962340354919434,10.962340354919434,0
2023-10-18 02:00:00+01:00,10.962340354919434,10.969849586486816,10.95580005645752,10.958919525146484,10.958919525146484,0
2023-10-18 03:00:00+01:00,10.958479881286621,10.958479881286621,10.930299758911133,10.940400123596191,10.940400123596191,0
2023-10-18 04:00:00+01:00,10.940500259399414,10.947859764099121,10.934639930725098,10.940509796142578,10.940509796142578,0
2023-10-18 05:00:00+01:00,10.940509796142578,10.94629955291748,10.93124008178711,10.93772029876709,10.93772029876709,0
2023-10-18 06:00:00+01:00,10.937749862670898,10.945369720458984,10.932499885559082,10.942130088806152,10.942130088806152,0
2023-10-18 07:00:00+01:00,10.941399574279785,10.972700119018555,10.936800003051758,10.9685697555542,10.9685697555542,0
2023-10-18 08:00:00+01:00,10.96992015838623,10.999959945678711,10.96150016784668,10.963569641113281,10.963569641113281,0
2023-10-18 09:00:00+01:00,10.962690353393555,10.980389595031738,10.949999809265137,10.958800315856934,10.958800315856934,0
2023-10-18 10:00:00+01:00,10.95890998840332,10.962479591369629,10.931839942932129,10.940670013427734,10.940670013427734,0
2023-10-18 11:00:00+01:00,10.940460205078125,10.968600273132324,10.939419746398926,10.963199615478516,10.963199615478516,0
2023-10-18 12:00:00+01:00,10.964380264282227,10.978059768676758,10.948309898376465,10.971070289611816,10.971070289611816,0
2023-10-18 13:00:00+01:00,10.97111988067627,11.004030227661133,10.966699600219727,10.998310089111328,10.998310089111328,0
2023-10-18 14:00:00+01:00,10.999549865722656,11.018250465393066,10.990639686584473,11.01095962524414,11.01095962524414,0
2023-10-18 15:00:00+01:00,11.010629653930664,11.061450004577637,11.005860328674316,11.055100440979004,11.055100440979004,0
2023-10-18 16:00:00+01:00,11.055859565734863,11.070320129394531,11.049779891967773,11.060790061950684,11.060790061950684,0
2023-10-18 17:00:00+01:00,11.06054973602295,11.076149940490723,11.042499542236328,11.051309585571289,11.051309585571289,0
2023-10-18 18:00:00+01:00,11.050700187683105,11.055439949035645,11.021989822387695,11.033160209655762,11.033160209655762,0
2023-10-18 19:00:00+01:00,11.034250259399414,11.056650161743164,11.03201961517334,11.053230285644531,11.053230285644531,0
2023-10-18 20:00:00+01:00,11.05321979522705,11.065520286560059,11.051050186157227,11.052539825439453,11.052539825439453,0
2023-10-18 21:00:00+01:00,11.05459976196289,11.057889938354492,11.045000076293945,11.05346965789795,11.05346965789795,0
2023-10-18 23:00:00+01:00,11.042460441589355,11.052619934082031,11.039799690246582,11.052419662475586,11.052419662475586,0
2023-10-19 00:00:00+01:00,11.048720359802246,11.061450004577637,11.045299530029297,11.056690216064453,11.056690216064453,0
2023-10-19 01:00:00+01:00,11.056260108947754,11.069589614868164,11.049619674682617,11.066309928894043,11.066309928894043,0
2023-10-19 02:00:00+01:00,11.064579963684082,11.073539733886719,11.059840202331543,11.067139625549316,11.067139625549316,0
2023-10-19 03:00:00+01:00,11.06704044342041,11.07178020477295,11.059679985046387,11.069560050964355,11.069560050964355,0
2023-10-19 04:00:00+01:00,11.069600105285645,11.076820373535156,11.065799713134766,11.073390007019043,11.073390007019043,0
2023-10-19 05:00:00+01:00,11.073869705200195,11.07748031616211,11.065899848937988,11.071610450744629,11.071610450744629,0
2023-10-19 06:00:00+01:00,11.072310447692871,11.082280158996582,11.069339752197266,11.079549789428711,11.079549789428711,0
2023-10-19 07:00:00+01:00,11.080499649047852,11.090109825134277,11.063389778137207,11.071399688720703,11.071399688720703,0
2023-10-19 08:00:00+01:00,11.071470260620117,11.0977201461792,11.069339752197266,11.097319602966309,11.097319602966309,0
2023-10-19 09:00:00+01:00,11.095080375671387,11.110520362854004,11.078289985656738,11.096879959106445,11.096879959106445,0
2023-10-19 10:00:00+01:00,11.0966796875,11.113120079040527,11.087590217590332,11.0897798538208,11.0897798538208,0
2023-10-19 11:00:00+01:00,11.089799880981445,11.102800369262695,11.071439743041992,11.080260276794434,11.080260276794434,0
2023-10-19 12:00:00+01:00,11.079950332641602,11.092900276184082,11.074259757995605,11.07997989654541,11.07997989654541,0
2023-10-19 13:00:00+01:00,11.079489707946777,11.084369659423828,11.026209831237793,11.036669731140137,11.036669731140137,0
2023-10-19 14:00:00+01:00,11.036660194396973,11.05066967010498,11.019490242004395,11.033419609069824,11.033419609069824,0
2023-10-19 15:00:00+01:00,11.033089637756348,11.05366039276123,11.027389526367188,11.03792953491211,11.03792953491211,0
2023-10-19 16:00:00+01:00,11.037830352783203,11.042710304260254,11.013199806213379,11.033570289611816,11.033570289611816,0
2023-10-19 17:00:00+01:00,11.031869888305664,11.046250343322754,10.95934009552002,10.994759559631348,10.994759559631348,0
2023-10-19 18:00:00+01:00,10.995030403137207,11.009690284729004,10.97383975982666,10.996299743652344,10.996299743652344,0
2023-10-19 19:00:00+01:00,10.997650146484375,11.011509895324707,10.976799964904785,11.008110046386719,11.008110046386719,0
2023-10-19 20:00:00+01:00,11.00790023803711,11.009790420532227,10.990650177001953,10.997540473937988,10.997540473937988,0
2023-10-19 21:00:00+01:00,10.997540473937988,11.003589630126953,10.993789672851562,10.993860244750977,10.993860244750977,0
2023-10-19 22:00:00+01:00,10.994199752807617,10.994199752807617,10.984749794006348,10.987449645996094,10.987449645996094,0
2023-10-19 23:00:00+01:00,10.988459587097168,11.001230239868164,10.987139701843262,10.994839668273926,10.994839668273926,0
2023-10-20 00:00:00+01:00,10.997139930725098,11.00487995147705,10.993300437927246,10.99806022644043,10.99806022644043,0
2023-10-20 01:00:00+01:00,10.99804973602295,11.018059730529785,10.996100425720215,11.015729904174805,11.015729904174805,0
2023-10-20 02:00:00+01:00,11.015959739685059,11.026800155639648,11.011130332946777,11.019020080566406,11.019020080566406,0
2023-10-20 03:00:00+01:00,11.0175199508667,11.022660255432129,11.002619743347168,11.006600379943848,11.006600379943848,0
2023-10-20 04:00:00+01:00,11.006600379943848,11.01494026184082,11.00238037109375,11.009849548339844,11.009849548339844,0
2023-10-20 05:00:00+01:00,11.009200096130371,11.016240119934082,11.00652027130127,11.012080192565918,11.012080192565918,0
2023-10-20 06:00:00+01:00,11.011509895324707,11.015769958496094,10.997260093688965,11.008099555969238,11.008099555969238,0
2023-10-20 07:00:00+01:00,11.007789611816406,11.03849983215332,11.000089645385742,11.028300285339355,11.028300285339355,0
2023-10-20 08:00:00+01:00,11.029529571533203,11.05618953704834,11.022890090942383,11.054630279541016,11.054630279541016,0
2023-10-20 09:00:00+01:00,11.053799629211426,11.064510345458984,11.010109901428223,11.022520065307617,11.022520065307617,0
2023-10-20 10:00:00+01:00,11.021599769592285,11.047539710998535,11.017900466918945,11.031359672546387,11.031359672546387,0
2023-10-20 11:00:00+01:00,11.031439781188965,11.050959587097168,11.029009819030762,11.04049015045166,11.04049015045166,0
2023-10-20 12:00:00+01:00,11.040550231933594,11.043970108032227,11.023240089416504,11.03577995300293,11.03577995300293,0
2023-10-20 13:00:00+01:00,11.035969734191895,11.0689697265625,11.024499893188477,11.046119689941406,11.046119689941406,0
2023-10-20 14:00:00+01:00,11.046219825744629,11.058159828186035,11.019960403442383,11.057780265808105,11.057780265808105,0
2023-10-20 15:00:00+01:00,11.056699752807617,11.075220108032227,11.039019584655762,11.05171012878418,11.05171012878418,0
2023-10-20 16:00:00+01:00,11.05070972442627,11.052599906921387,11.031920433044434,11.042099952697754,11.042099952697754,0
2023-10-20 17:00:00+01:00,11.042099952697754,11.062470436096191,11.040940284729004,11.045370101928711,11.045370101928711,0
2023-10-20 18:00:00+01:00,11.046250343322754,11.057180404663086,11.039290428161621,11.048460006713867,11.048460006713867,0
2023-10-20 19:00:00+01:00,11.05027961730957,11.073989868164062,11.047209739685059,11.051799774169922,11.051799774169922,0
2023-10-20 20:00:00+01:00,11.051899909973145,11.064080238342285,11.050829887390137,11.0593900680542,11.0593900680542,0
2023-10-20 21:00:00+01:00,11.058320045471191,11.070509910583496,11.04308032989502,11.052820205688477,11.052820205688477,0
